experiment_id,timestamp,query,reference,answer,embedding_model,generation_model,top_k,temperature,top_p,top_k_sampling,max_new_tokens,rouge_1_f1,rouge_1_precision,rouge_1_recall,rouge_l_f1,rouge_l_precision,rouge_l_recall,bleu,meteor,bert_score_f1,bert_score_precision,bert_score_recall,embedding_similarity,faithfulness,composite_score,answer_length,retrieval_time,generation_time,evaluation_time,total_time,avg_retrieval_score
1,2025-12-05 05:53:37,Recommend a good fast charging USB-C cable under 300 rupees,"The boAt A400 at ₹299 is recommended, supporting 24W-25W fast charging and having a slightly higher customer rating. For a tighter budget, the pTron Solero TB301 at ₹149 supports 15W fast charging.","Based on the available options, the Belkin USB C to USB-C Fast Charging Type C Cable would be a great choice for under 300 rupees. It offers fast charging capabilities, is USB-IF certified, and has received positive reviews for its durability and performance. Although it's currently priced at ₹599, ",BAAI/bge-small-en-v1.5,Qwen/Qwen2.5-7B-Instruct,3,0.3,0.85,30,512,0.2753623188405797,0.18095238095238095,0.5757575757575758,0.20289855072463767,0.13333333333333333,0.42424242424242425,0.04620145570399231,0.3745354474493011,0.8766028881072998,0.8578153848648071,0.8962315917015076,0.5707681179046631,0.7802906155586242,0.5199599568079362,634,0.0772709846496582,20.32753014564514,8.911201477050781,29.31600260734558,0.8060670495033264
2,2025-12-05 05:53:58,Which cable has the highest rating and supports 60W charging?,"The Belkin USB-C to USB-C Fast Charging Cable (60W PD) is the best match, offering a strong 4.5-star rating along with full 60W fast-charging support.","The Belkin USB C to USB-C Fast Charging Type C Cable has the highest rating at 4.5 stars and supports 60W charging. However, please note that the official Belkin product page does not explicitly mention 60W support, and Belkin customer support indicates it supports only 15W. The Ambrane cable, on th",BAAI/bge-small-en-v1.5,Qwen/Qwen2.5-7B-Instruct,3,0.3,0.85,30,512,0.2836879432624113,0.18018018018018017,0.6666666666666666,0.24113475177304963,0.15315315315315314,0.5666666666666667,0.028385952603814057,0.246288039921466,0.8950892686843872,0.8674285411834717,0.924572229385376,0.8508419990539551,0.7905697226524353,0.5652617599992787,681,0.011219978332519531,20.75728464126587,0.9650201797485352,21.733524799346924,0.745629072189331
3,2025-12-05 05:54:28,What is the best iPhone lightning cable in the list?,"For super-fast charging with a USB-C adapter, the Belkin Lightning to USB-C is best. For a reliable and durable standard cable with a good warranty, the Duracell USB-A to Lightning is a great choice. The Hi-Mobiler is the most budget-friendly option.","Determining the ""best"" iPhone lightning cable among the listed options depends on various factors such as price, performance, and customer satisfaction. However, based on the provided information, the Belkin Apple Certified Lightning to Type C Cable stands out as a strong contender due to its high r",BAAI/bge-small-en-v1.5,Qwen/Qwen2.5-7B-Instruct,3,0.3,0.85,30,512,0.2761904761904762,0.17791411042944785,0.6170212765957447,0.14285714285714285,0.09202453987730061,0.3191489361702128,0.014533708190124409,0.29579908717245845,0.8509582281112671,0.8227941989898682,0.8811187744140625,0.7768433094024658,0.7691455423831939,0.5327507689462725,1007,0.010885000228881836,29.034690380096436,0.9323272705078125,29.97790265083313,0.7594654560089111
4,2025-12-05 05:55:00,Suggest me some good long lasting headphones,"The boAt Bassheads 100 in-ear wired earphones are recommended for longevity, featuring a premium coated wire for sturdiness and a 1-year warranty. They have a 4.1-star rating from over 360,000 reviews and cost between ₹349-₹379.","If you're looking for long-lasting headphones, the boAt Rockerz 450 could be a great choice. These headphones offer a massive battery backup of up to 15 hours, which is significantly longer than the 8 hours provided by the boAt Rockerz 400. Additionally, they come with 40mm drivers for immersive HD ",BAAI/bge-small-en-v1.5,Qwen/Qwen2.5-7B-Instruct,3,0.3,0.85,30,512,0.16438356164383564,0.10112359550561797,0.43902439024390244,0.1095890410958904,0.06741573033707865,0.2926829268292683,0.02483170808245128,0.19619980935109624,0.8436105251312256,0.825123131275177,0.8629453182220459,0.606914758682251,0.5436303496360778,0.44595902046774655,1021,0.01094675064086914,30.832571029663086,1.0143983364105225,31.857916116714478,0.7121245265007019
5,2025-12-05 05:55:29,Recommend a good fast charging USB-C cable under 300 rupees,"The boAt A400 at ₹299 is recommended, supporting 24W-25W fast charging and having a slightly higher customer rating. For a tighter budget, the pTron Solero TB301 at ₹149 supports 15W fast charging.","Based on the options available, the Belkin USB C to USB-C Fast Charging Type C Cable would be a great choice for under 300 rupees. It offers fast charging capabilities up to 50% in about 36 minutes, is USB-IF certified, and comes with a 2-year warranty. Additionally, it has passed 8,000+ bend tests,",BAAI/bge-small-en-v1.5,Qwen/Qwen2.5-7B-Instruct,3,0.3,0.85,50,512,0.19791666666666669,0.11949685534591195,0.5757575757575758,0.13541666666666669,0.08176100628930817,0.3939393939393939,0.02385253887756842,0.3630987312765482,0.85835200548172,0.831535816192627,0.8869553804397583,0.6447415947914124,0.8217373251914977,0.5158934497604346,856,0.011078596115112305,27.53009819984436,0.9439394474029541,28.485116243362427,0.8060670495033264
6,2025-12-05 05:55:52,Which cable has the highest rating and supports 60W charging?,"The Belkin USB-C to USB-C Fast Charging Cable (60W PD) is the best match, offering a strong 4.5-star rating along with full 60W fast-charging support.","The Belkin USB C to USB-C Fast Charging Type C Cable has the highest rating at 4.5 stars and supports 60W charging. However, please note that according to some reviews and the product description, it may only support 15W as per Belkin's official specifications. The Ambrane 60W / 3A Type C Fast Charg",BAAI/bge-small-en-v1.5,Qwen/Qwen2.5-7B-Instruct,3,0.3,0.85,50,512,0.3255813953488372,0.21212121212121213,0.7,0.27906976744186046,0.18181818181818182,0.6,0.035577263288851635,0.20547945205479456,0.8947498202323914,0.8705998659133911,0.9202778339385986,0.8714109063148499,0.801845097541809,0.5729989064914228,551,0.011254072189331055,21.855552673339844,0.9078385829925537,22.77464532852173,0.745629072189331
7,2025-12-05 05:56:16,What is the best iPhone lightning cable in the list?,"For super-fast charging with a USB-C adapter, the Belkin Lightning to USB-C is best. For a reliable and durable standard cable with a good warranty, the Duracell USB-A to Lightning is a great choice. The Hi-Mobiler is the most budget-friendly option.","Determining the ""best"" iPhone lightning cable depends on individual needs and preferences, but based on the provided information, the Belkin Apple Certified Lightning to Type C Cable stands out. It offers fast charging capabilities, is MFi certified ensuring compatibility, and has a longer length of",BAAI/bge-small-en-v1.5,Qwen/Qwen2.5-7B-Instruct,3,0.3,0.85,50,512,0.3164556962025316,0.22522522522522523,0.5319148936170213,0.1772151898734177,0.12612612612612611,0.2978723404255319,0.021142603761874004,0.276761672509272,0.867757260799408,0.845120906829834,0.8916395902633667,0.7537986040115356,0.7419564604759216,0.5348902819099244,716,0.010526657104492188,23.71833038330078,0.8978266716003418,24.626683712005615,0.7594654560089111
8,2025-12-05 05:56:47,Suggest me some good long lasting headphones,"The boAt Bassheads 100 in-ear wired earphones are recommended for longevity, featuring a premium coated wire for sturdiness and a 1-year warranty. They have a 4.1-star rating from over 360,000 reviews and cost between ₹349-₹379.","If you're looking for long-lasting headphones, the boAt Rockerz 450 would be a great choice. They offer a massive battery backup of up to 15 hours, which is significantly longer than the 8 hours provided by the boAt Rockerz 400. Additionally, the boAt Rockerz 450 features padded ear cushions for a c",BAAI/bge-small-en-v1.5,Qwen/Qwen2.5-7B-Instruct,3,0.3,0.85,50,512,0.17560975609756097,0.10975609756097561,0.43902439024390244,0.09756097560975609,0.06097560975609756,0.24390243902439024,0.006863336182604069,0.1744186046511628,0.8393763303756714,0.82662034034729,0.852532148361206,0.5989486575126648,0.5640808761119842,0.44020809919431575,948,0.010769128799438477,29.619694471359253,0.9298701286315918,30.560333728790283,0.7121245265007019
9,2025-12-05 05:57:14,Recommend a good fast charging USB-C cable under 300 rupees,"The boAt A400 at ₹299 is recommended, supporting 24W-25W fast charging and having a slightly higher customer rating. For a tighter budget, the pTron Solero TB301 at ₹149 supports 15W fast charging.","Based on the provided information, the Belkin USB C to USB-C Fast Charging Type C Cable, 60W PD, 3.3 feet (1 meter) for Laptop, Personal Computer, Tablet, Smartphone - White, USB-IF Certified would be a great recommendation. It offers fast charging capabilities up to 50% in around 36 minutes, is USB",BAAI/bge-small-en-v1.5,Qwen/Qwen2.5-7B-Instruct,3,0.3,0.95,30,512,0.23204419889502761,0.14189189189189189,0.6363636363636364,0.16574585635359115,0.10135135135135136,0.45454545454545453,0.03940628520777355,0.3795918367346939,0.860700786113739,0.829926609992981,0.8938450813293457,0.5887389183044434,0.8453233122825623,0.518113720973423,859,0.010770082473754883,26.471354484558105,0.9727866649627686,27.45491123199463,0.8060670495033264
10,2025-12-05 05:58:10,Which cable has the highest rating and supports 60W charging?,"The Belkin USB-C to USB-C Fast Charging Cable (60W PD) is the best match, offering a strong 4.5-star rating along with full 60W fast-charging support.","The Belkin USB C to USB-C Fast Charging Type C Cable has the highest rating at 4.5 ⭐ and supports 60W charging. However, please note that according to the product page, it actually supports up to 30W as stated by Belkin support. The Ambrane cable supports up to 60W flash charge support, but it has a",BAAI/bge-small-en-v1.5,Qwen/Qwen2.5-7B-Instruct,3,0.3,0.95,30,512,0.125,0.06804733727810651,0.7666666666666667,0.1141304347826087,0.0621301775147929,0.7,0.00907453543685843,0.18856746047055062,0.8383029103279114,0.7854161858558655,0.8988261222839355,0.81941819190979,0.8065947473049164,0.5072244567869568,2023,0.010622978210449219,55.16042923927307,1.0583784580230713,56.22943067550659,0.745629072189331
11,2025-12-05 05:58:35,What is the best iPhone lightning cable in the list?,"For super-fast charging with a USB-C adapter, the Belkin Lightning to USB-C is best. For a reliable and durable standard cable with a good warranty, the Duracell USB-A to Lightning is a great choice. The Hi-Mobiler is the most budget-friendly option.","Determining the ""best"" iPhone lightning cable depends on your specific needs and preferences, but based on the provided information, the Belkin Apple Certified Lightning to Type C Cable stands out. It offers fast charging capabilities, is MFi certified, and comes with a longer 4-foot length compared",BAAI/bge-small-en-v1.5,Qwen/Qwen2.5-7B-Instruct,3,0.3,0.95,30,512,0.3612903225806451,0.25925925925925924,0.5957446808510638,0.21935483870967745,0.1574074074074074,0.3617021276595745,0.029311759513535485,0.3139283924923883,0.8700531721115112,0.8506893515586853,0.8903189897537231,0.770295262336731,0.8015935897827149,0.5598166554277396,717,0.010867834091186523,22.890116691589355,1.4814074039459229,24.382391929626465,0.7594654560089111
12,2025-12-05 05:59:32,Suggest me some good long lasting headphones,"The boAt Bassheads 100 in-ear wired earphones are recommended for longevity, featuring a premium coated wire for sturdiness and a 1-year warranty. They have a 4.1-star rating from over 360,000 reviews and cost between ₹349-₹379.","For long-lasting headphones, the boAt Rockerz 450 is a great choice. It offers a massive battery backup of up to 15 hours, ensuring you can enjoy music for extended periods without needing to recharge. Additionally, it features 40mm drivers that deliver immersive HD audio, and the padded ear cushion",BAAI/bge-small-en-v1.5,Qwen/Qwen2.5-7B-Instruct,3,0.3,0.95,30,512,0.12224938875305622,0.06793478260869565,0.6097560975609756,0.09290953545232275,0.051630434782608696,0.4634146341463415,0.02466716913167053,0.19200393357756848,0.8311328291893005,0.7969352006912231,0.8683969378471375,0.6573305726051331,0.8936217308044434,0.4813946942691363,2225,0.010493993759155273,56.09565019607544,1.0614562034606934,57.16760039329529,0.7121245265007019
13,2025-12-05 05:59:59,Recommend a good fast charging USB-C cable under 300 rupees,"The boAt A400 at ₹299 is recommended, supporting 24W-25W fast charging and having a slightly higher customer rating. For a tighter budget, the pTron Solero TB301 at ₹149 supports 15W fast charging.","Based on the options available, the Belkin USB C to USB-C Fast Charging Type C Cable would be a great choice for under 300 rupees. It offers fast charging capabilities up to 50%, supports Power Delivery (PD), and comes with a 2-year warranty. While it's currently priced at ₹599, it was previously av",BAAI/bge-small-en-v1.5,Qwen/Qwen2.5-7B-Instruct,3,0.3,0.95,50,512,0.2365591397849462,0.1437908496732026,0.6666666666666666,0.15053763440860216,0.0915032679738562,0.42424242424242425,0.032535838966850375,0.31868985715139553,0.8638898730278015,0.8352068066596985,0.8946130275726318,0.6280057430267334,0.8312260270118712,0.5144629594522333,897,0.011096954345703125,25.93395209312439,0.9222393035888672,26.86728835105896,0.8060670495033264
14,2025-12-05 06:00:22,Which cable has the highest rating and supports 60W charging?,"The Belkin USB-C to USB-C Fast Charging Cable (60W PD) is the best match, offering a strong 4.5-star rating along with full 60W fast-charging support.","The Belkin USB C to USB-C Fast Charging Type C Cable has the highest rating at 4.5 ⭐ and supports 60W charging. However, please note that according to the product description, it actually supports up to 30W fast charging, not 60W as stated in the reviews. The Ambrane cable, on the other hand, is rat",BAAI/bge-small-en-v1.5,Qwen/Qwen2.5-7B-Instruct,3,0.3,0.95,50,512,0.3333333333333333,0.21568627450980393,0.7333333333333333,0.25757575757575757,0.16666666666666666,0.5666666666666667,0.03238614066291728,0.25401069518716574,0.8900874853134155,0.8652037382125854,0.9164449572563171,0.8744733929634094,0.7999640464782715,0.5778440820041386,572,0.010594367980957031,21.950429916381836,0.9499921798706055,22.9110164642334,0.745629072189331
15,2025-12-05 06:00:53,What is the best iPhone lightning cable in the list?,"For super-fast charging with a USB-C adapter, the Belkin Lightning to USB-C is best. For a reliable and durable standard cable with a good warranty, the Duracell USB-A to Lightning is a great choice. The Hi-Mobiler is the most budget-friendly option.","Determining the ""best"" iPhone lightning cable depends on personal preferences and specific needs, but based on the provided information, the Belkin Apple Certified Lightning to Type C Cable stands out. It offers fast charging capabilities, is MFi certified ensuring compatibility with Apple devices, ",BAAI/bge-small-en-v1.5,Qwen/Qwen2.5-7B-Instruct,3,0.3,0.95,50,512,0.29493087557603687,0.18823529411764706,0.6808510638297872,0.20276497695852538,0.12941176470588237,0.46808510638297873,0.022792562563781132,0.32042877135595355,0.8637109398841858,0.8347843289375305,0.8947142958641052,0.8018348813056946,0.8085053801536559,0.5572584064607783,1043,0.01042795181274414,30.41600799560547,0.9580845832824707,31.384520530700684,0.7594654560089111
16,2025-12-05 06:01:23,Suggest me some good long lasting headphones,"The boAt Bassheads 100 in-ear wired earphones are recommended for longevity, featuring a premium coated wire for sturdiness and a 1-year warranty. They have a 4.1-star rating from over 360,000 reviews and cost between ₹349-₹379.","If you're looking for long-lasting headphones, the boAt Rockerz 450 could be a great choice. It offers a massive battery backup of up to 15 hours, which should provide you with plenty of playtime. Additionally, the padded ear cushions ensure a comfortable fit, and the 40mm drivers deliver immersive ",BAAI/bge-small-en-v1.5,Qwen/Qwen2.5-7B-Instruct,3,0.3,0.95,50,512,0.20095693779904306,0.125,0.5121951219512195,0.10526315789473685,0.06547619047619048,0.2682926829268293,0.025321328749630233,0.22594138665567245,0.8482753038406372,0.8310148119926453,0.8662681579589844,0.5687359571456909,0.8416194558143615,0.4770233134134255,952,0.010899066925048828,29.249285459518433,0.9629170894622803,30.22310161590576,0.7121245265007019
17,2025-12-05 06:02:18,Recommend a good fast charging USB-C cable under 300 rupees,"The boAt A400 at ₹299 is recommended, supporting 24W-25W fast charging and having a slightly higher customer rating. For a tighter budget, the pTron Solero TB301 at ₹149 supports 15W fast charging.","Based on the options available, the Belkin USB C to USB-C Fast Charging Type C Cable would be a great choice for you. It offers fast charging capabilities up to 50% in around 36 minutes, is USB-IF certified for reliability, and has a sturdy build with a bend resistance of over 8,000 times. While it'",BAAI/bge-small-en-v1.5,Qwen/Qwen2.5-7B-Instruct,3,0.7,0.85,30,512,0.12339331619537275,0.06741573033707865,0.7272727272727273,0.09254498714652956,0.05056179775280899,0.5454545454545454,0.015291263357490498,0.31839102726823343,0.836508572101593,0.7986606359481812,0.878122091293335,0.6705459952354431,0.812869131565094,0.49540486598917055,2059,0.010985374450683594,53.42794728279114,1.0419116020202637,54.480844259262085,0.8060670495033264
18,2025-12-05 06:03:14,Which cable has the highest rating and supports 60W charging?,"The Belkin USB-C to USB-C Fast Charging Cable (60W PD) is the best match, offering a strong 4.5-star rating along with full 60W fast-charging support.","The Belkin USB C to USB-C Fast Charging Type C Cable has the highest rating at 4.5 stars and supports 60W charging, as stated in its product description. However, please note that the actual maximum power supported might be 15W according to Belkin's support section, despite the product page mentioni",BAAI/bge-small-en-v1.5,Qwen/Qwen2.5-7B-Instruct,3,0.7,0.85,30,512,0.19742489270386268,0.11330049261083744,0.7666666666666667,0.15450643776824036,0.08866995073891626,0.6,0.02078292337565579,0.2552946866461894,0.7936202883720398,0.7019553780555725,0.9128211140632629,0.8672928810119629,0.8175351679325102,0.5291827934703579,1510,0.010846138000488281,55.220922231674194,1.0348234176635742,56.26659178733826,0.745629072189331
19,2025-12-05 06:03:38,What is the best iPhone lightning cable in the list?,"For super-fast charging with a USB-C adapter, the Belkin Lightning to USB-C is best. For a reliable and durable standard cable with a good warranty, the Duracell USB-A to Lightning is a great choice. The Hi-Mobiler is the most budget-friendly option.","Based on the information provided, the Belkin Apple Certified Lightning To Type C Cable appears to be the best option among the listed products. It offers fast charging capabilities, supports USB Power Delivery, and is tested to withstand 10,000+ bends for ultimate longevity. Additionally, it is lon",BAAI/bge-small-en-v1.5,Qwen/Qwen2.5-7B-Instruct,3,0.7,0.85,30,512,0.34782608695652173,0.24561403508771928,0.5957446808510638,0.1863354037267081,0.13157894736842105,0.3191489361702128,0.022584899672082256,0.26168224299065423,0.8651372790336609,0.8466380834579468,0.8844629526138306,0.833716869354248,0.729645597934723,0.5509192289068664,717,0.010875225067138672,23.26324152946472,0.8994474411010742,24.173564195632935,0.7594654560089111
20,2025-12-05 06:04:09,Suggest me some good long lasting headphones,"The boAt Bassheads 100 in-ear wired earphones are recommended for longevity, featuring a premium coated wire for sturdiness and a 1-year warranty. They have a 4.1-star rating from over 360,000 reviews and cost between ₹349-₹379.","For long-lasting headphones, the boAt Rockerz 450 would be a great choice. These headphones offer a massive battery backup of up to 15 hours, which ensures you can enjoy music for a long time without needing to recharge. Additionally, they feature 40mm drivers for immersive HD audio, and their ergon",BAAI/bge-small-en-v1.5,Qwen/Qwen2.5-7B-Instruct,3,0.7,0.85,30,512,0.18604651162790697,0.11494252873563218,0.4878048780487805,0.12093023255813955,0.07471264367816093,0.3170731707317073,0.026060045093696006,0.24949728319000558,0.8354344367980957,0.8312516212463379,0.8396594524383545,0.6076515316963196,0.5411123931407928,0.45522842625934223,1047,0.010449647903442383,29.58169198036194,0.944432258605957,30.536573886871338,0.7121245265007019
21,2025-12-05 06:04:34,Recommend a good fast charging USB-C cable under 300 rupees,"The boAt A400 at ₹299 is recommended, supporting 24W-25W fast charging and having a slightly higher customer rating. For a tighter budget, the pTron Solero TB301 at ₹149 supports 15W fast charging.","Based on the information provided, the Belkin USB C to USB-C Fast Charging Type C Cable would be a great choice for you. It's certified by USB-IF, supports up to 60W PD for fast charging, and is built to withstand 8, 000 bends. Although it's currently priced at ₹599, which is above 300 rupees, it of",BAAI/bge-small-en-v1.5,Qwen/Qwen2.5-7B-Instruct,3,0.7,0.85,50,512,0.2625,0.16535433070866143,0.6363636363636364,0.21250000000000002,0.13385826771653545,0.5151515151515151,0.045487538626002674,0.39060621091871095,0.8698697686195374,0.8431495428085327,0.8983389735221863,0.5501760840415955,0.847719645500183,0.5229143090136287,679,0.010873079299926758,24.305265426635742,0.912039041519165,25.228177547454834,0.8060670495033264
22,2025-12-05 06:04:59,Which cable has the highest rating and supports 60W charging?,"The Belkin USB-C to USB-C Fast Charging Cable (60W PD) is the best match, offering a strong 4.5-star rating along with full 60W fast-charging support.","The Belkin USB C to USB-C Fast Charging Type C Cable has the highest rating at 4.5 ⭐ based on 577 reviews and it supports 60W charging, as stated in its description. The Ambrane cables have ratings of 4.0 ⭐ each, with one supporting up to 60W but the other does not mention this specification clearly",BAAI/bge-small-en-v1.5,Qwen/Qwen2.5-7B-Instruct,3,0.7,0.85,50,512,0.2838709677419355,0.176,0.7333333333333333,0.21935483870967742,0.136,0.5666666666666667,0.031544886817394764,0.28781486146095725,0.8809443712234497,0.8479136228561401,0.9166527986526489,0.8742704391479492,0.808224582672119,0.5725619374487085,726,0.01221776008605957,23.961639165878296,0.9083120822906494,24.882169008255005,0.745629072189331
23,2025-12-05 06:05:22,What is the best iPhone lightning cable in the list?,"For super-fast charging with a USB-C adapter, the Belkin Lightning to USB-C is best. For a reliable and durable standard cable with a good warranty, the Duracell USB-A to Lightning is a great choice. The Hi-Mobiler is the most budget-friendly option.","Based on the provided information, the Belkin Apple Certified Lightning to Type C Cable appears to be the best option among the listed products. It offers fast charging, supports USB Power Delivery for quick power boosts, and is tested to withstand 10,000+ bends for ultimate longevity. Additionally,",BAAI/bge-small-en-v1.5,Qwen/Qwen2.5-7B-Instruct,3,0.7,0.85,50,512,0.31724137931034485,0.23469387755102042,0.48936170212765956,0.17931034482758623,0.1326530612244898,0.2765957446808511,0.024142753117200905,0.23854961832061072,0.868266761302948,0.8545430898666382,0.8824384808540344,0.8332478404045105,0.7439563393592834,0.5459637828161722,621,0.010827302932739258,21.85848355293274,0.9047811031341553,22.774091958999634,0.7594654560089111
24,2025-12-05 06:05:53,Suggest me some good long lasting headphones,"The boAt Bassheads 100 in-ear wired earphones are recommended for longevity, featuring a premium coated wire for sturdiness and a 1-year warranty. They have a 4.1-star rating from over 360,000 reviews and cost between ₹349-₹379.","Based on the reviews and specifications provided, the boAt Rockerz 450 seems like a solid choice for long-lasting headphones. They offer up to 15 hours of playback time, which is significantly longer than the 8 hours offered by the boAt Rockerz 400. Additionally, the boAt Rockerz 450 have 40mm drive",BAAI/bge-small-en-v1.5,Qwen/Qwen2.5-7B-Instruct,3,0.7,0.85,50,512,0.1941747572815534,0.12121212121212122,0.4878048780487805,0.12621359223300968,0.07878787878787878,0.3170731707317073,0.008346734733542827,0.19305019305019308,0.840682864189148,0.8293207287788391,0.852360725402832,0.5913757085800171,0.5852787494659424,0.44880477009222414,973,0.010384559631347656,29.99333620071411,0.9351603984832764,30.938881158828735,0.7121245265007019
25,2025-12-05 06:06:20,Recommend a good fast charging USB-C cable under 300 rupees,"The boAt A400 at ₹299 is recommended, supporting 24W-25W fast charging and having a slightly higher customer rating. For a tighter budget, the pTron Solero TB301 at ₹149 supports 15W fast charging.","Based on the information provided, the Belkin USB C to USB-C Fast Charging Type C Cable would be a great choice for you. It offers fast charging capabilities, is USB-IF certified, and has a 2-year manufacturing warranty. At ₹599, it's within your budget and comes with a decent 4.5-star rating from 4",BAAI/bge-small-en-v1.5,Qwen/Qwen2.5-7B-Instruct,3,0.7,0.95,30,512,0.2696629213483146,0.16551724137931034,0.7272727272727273,0.1797752808988764,0.1103448275862069,0.48484848484848486,0.03727644560287919,0.4234400350098198,0.8699837923049927,0.8306559324264526,0.9132207632064819,0.7153173685073853,0.8352672576904296,0.5562736175832482,797,0.011240720748901367,26.704201698303223,0.9653236865997314,27.680766105651855,0.8060670495033264
26,2025-12-05 06:06:50,Which cable has the highest rating and supports 60W charging?,"The Belkin USB-C to USB-C Fast Charging Cable (60W PD) is the best match, offering a strong 4.5-star rating along with full 60W fast-charging support.","The Belkin USB C to USB-C Fast Charging Type C Cable has the highest rating at 4.5 ⭐ based on 577 reviews. However, it's important to note that according to the product description, it supports 60W PD (Power Delivery) charging, which is the highest power rating mentioned among the three cables discu",BAAI/bge-small-en-v1.5,Qwen/Qwen2.5-7B-Instruct,3,0.7,0.95,30,512,0.2079207920792079,0.12209302325581395,0.7,0.17821782178217824,0.10465116279069768,0.6,0.021701302093354607,0.2639315313145908,0.8782399892807007,0.8414839506149292,0.9183538556098938,0.8346017599105835,0.8456486701965331,0.5514189376146079,1029,0.01096200942993164,28.396889448165894,0.931159257888794,29.33901071548462,0.745629072189331
27,2025-12-05 06:07:14,What is the best iPhone lightning cable in the list?,"For super-fast charging with a USB-C adapter, the Belkin Lightning to USB-C is best. For a reliable and durable standard cable with a good warranty, the Duracell USB-A to Lightning is a great choice. The Hi-Mobiler is the most budget-friendly option.","Determining the ""best"" iPhone lightning cable can depend on personal preferences, but based on price, performance, and customer feedback, the Belkin Apple Certified Lightning To Type C Cable stands out. It offers fast charging capabilities, is MFi certified for compatibility, and has received high r",BAAI/bge-small-en-v1.5,Qwen/Qwen2.5-7B-Instruct,3,0.7,0.95,30,512,0.3354037267080745,0.23684210526315788,0.574468085106383,0.2111801242236025,0.14912280701754385,0.3617021276595745,0.023273437266535874,0.3237171717171718,0.865339994430542,0.8441349267959595,0.8876379132270813,0.7879844903945923,0.8151153028011322,0.5609867315440642,765,0.010456562042236328,23.70627212524414,0.9355294704437256,24.652258157730103,0.7594654560089111
28,2025-12-05 06:07:59,Suggest me some good long lasting headphones,"The boAt Bassheads 100 in-ear wired earphones are recommended for longevity, featuring a premium coated wire for sturdiness and a 1-year warranty. They have a 4.1-star rating from over 360,000 reviews and cost between ₹349-₹379.","For long-lasting headphones, the boAt Rockerz 450 would be a great choice. With a massive battery backup of up to 15 hours, these headphones offer excellent playback time. They come with 40mm drivers for immersive HD audio, and the padded ear cushions provide a comfortable listening experience. Addi",BAAI/bge-small-en-v1.5,Qwen/Qwen2.5-7B-Instruct,3,0.7,0.95,30,512,0.1419753086419753,0.0812720848056537,0.5609756097560976,0.11111111111111112,0.0636042402826855,0.43902439024390244,0.02999469937176141,0.21495363364761572,0.8455666303634644,0.8183994293212891,0.8745993375778198,0.6271376609802246,0.8754199624061585,0.484912342987154,1648,0.010336637496948242,43.416253089904785,1.0284817218780518,44.455071449279785,0.7121245265007019
29,2025-12-05 06:08:28,Recommend a good fast charging USB-C cable under 300 rupees,"The boAt A400 at ₹299 is recommended, supporting 24W-25W fast charging and having a slightly higher customer rating. For a tighter budget, the pTron Solero TB301 at ₹149 supports 15W fast charging.","Based on the product information provided, the Belkin USB C to USB-C Fast Charging Type C Cable is a strong contender for your needs. It's certified by USB-IF, offers fast charging capabilities (up to 50% in 36 minutes), and comes with a 2-year warranty. Although it's a bit above 300 rupees at ₹599,",BAAI/bge-small-en-v1.5,Qwen/Qwen2.5-7B-Instruct,3,0.7,0.95,50,512,0.20100502512562812,0.12048192771084337,0.6060606060606061,0.1809045226130653,0.10843373493975904,0.5454545454545454,0.0310453630983755,0.3350796769264353,0.8521157503128052,0.8153661489486694,0.8923343420028687,0.6175096035003662,0.8192573368549347,0.5100140345864402,956,0.011027812957763672,28.338491916656494,0.9378366470336914,29.28735637664795,0.8060670495033264
30,2025-12-05 06:08:48,Which cable has the highest rating and supports 60W charging?,"The Belkin USB-C to USB-C Fast Charging Cable (60W PD) is the best match, offering a strong 4.5-star rating along with full 60W fast-charging support.","The Belkin USB C to USB-C Fast Charging Type C Cable has the highest rating at 4.5 stars and supports 60W charging. However, please note that according to some reviews, it may not actually support 60W as advertised. The Ambrane cable also claims to support 60W, but based on the available information",BAAI/bge-small-en-v1.5,Qwen/Qwen2.5-7B-Instruct,3,0.7,0.95,50,512,0.3846153846153846,0.2702702702702703,0.6666666666666666,0.3269230769230769,0.22972972972972974,0.5666666666666667,0.04231343838164918,0.2898682692891398,0.9044809341430664,0.884543776512146,0.925337553024292,0.8683514595031738,0.7757774949073791,0.5962337053125213,424,0.010697603225708008,18.652538061141968,0.8884854316711426,19.55172109603882,0.745629072189331
31,2025-12-05 06:09:32,What is the best iPhone lightning cable in the list?,"For super-fast charging with a USB-C adapter, the Belkin Lightning to USB-C is best. For a reliable and durable standard cable with a good warranty, the Duracell USB-A to Lightning is a great choice. The Hi-Mobiler is the most budget-friendly option.","Determining the ""best"" iPhone lightning cable depends on various factors such as price, performance, durability, and user satisfaction. Among the listed options, the Belkin Apple Certified Lightning to Type C Cable stands out due to its higher rating (4.4 ⭐ out of 1951 reviews), support for USB Powe",BAAI/bge-small-en-v1.5,Qwen/Qwen2.5-7B-Instruct,3,0.7,0.95,50,512,0.25949367088607594,0.1524163568773234,0.8723404255319149,0.1582278481012658,0.09293680297397769,0.5319148936170213,0.019763970146837215,0.30172479760028165,0.8556574583053589,0.8180702924728394,0.8968648314476013,0.801078200340271,0.8018917441368103,0.5433264476115351,1632,0.010825395584106445,43.087451457977295,0.9891061782836914,44.08738303184509,0.7594654560089111
32,2025-12-05 06:10:04,Suggest me some good long lasting headphones,"The boAt Bassheads 100 in-ear wired earphones are recommended for longevity, featuring a premium coated wire for sturdiness and a 1-year warranty. They have a 4.1-star rating from over 360,000 reviews and cost between ₹349-₹379.","Based on the provided information, the boAt Rockerz 450 Bluetooth On Ear Headphones with a massive battery backup of up to 15 hours would be a great choice for long-lasting headphones. They offer excellent value with a significant discount, and the 40mm drivers ensure immersive HD audio. Additionall",BAAI/bge-small-en-v1.5,Qwen/Qwen2.5-7B-Instruct,3,0.7,0.95,50,512,0.16964285714285715,0.10382513661202186,0.4634146341463415,0.11607142857142856,0.07103825136612021,0.3170731707317073,0.027258984988059592,0.220920466952213,0.8333608508110046,0.8263468742370605,0.8404950499534607,0.5811762809753418,0.8883892178535462,0.4778497877962406,1096,0.011031389236450195,31.470234155654907,0.9536757469177246,32.43494129180908,0.7121245265007019
33,2025-12-05 06:10:43,Recommend a good fast charging USB-C cable under 300 rupees,"The boAt A400 at ₹299 is recommended, supporting 24W-25W fast charging and having a slightly higher customer rating. For a tighter budget, the pTron Solero TB301 at ₹149 supports 15W fast charging.","Based on the information provided, the Belkin USB C to USB-C Fast Charging Type C Cable, 60W PD, 3.3 feet (1 meter) for Laptop, Personal Computer, Tablet, Smartphone - White, USB-IF Certified seems to be the best option for a fast charging USB-C cable under 300 rupees. Although it's not exactly unde",BAAI/bge-small-en-v1.5,Qwen/Qwen2.5-7B-Instruct,5,0.3,0.85,30,512,0.20100502512562812,0.12048192771084337,0.6060606060606061,0.15075376884422112,0.09036144578313253,0.45454545454545453,0.02598185078644365,0.33442265795206966,0.8577659130096436,0.822740375995636,0.8959062099456787,0.641058087348938,0.8974727869033814,0.5203378375809764,981,0.010767936706542969,37.81011652946472,0.9447321891784668,38.76561665534973,0.8039780855178833
34,2025-12-05 06:11:39,Which cable has the highest rating and supports 60W charging?,"The Belkin USB-C to USB-C Fast Charging Cable (60W PD) is the best match, offering a strong 4.5-star rating along with full 60W fast-charging support.","The Ambrane 60W / 3A Type C Fast Charging Unbreakable 1.5m L Shaped Braided Cable (ABLC10, Black) has the highest rating among the options provided and supports 60W charging. However, it's important to note that the product page does not explicitly state 60W support, and Belkin's customer support me",BAAI/bge-small-en-v1.5,Qwen/Qwen2.5-7B-Instruct,5,0.3,0.85,30,512,0.28037383177570097,0.19480519480519481,0.5,0.18691588785046725,0.12987012987012986,0.3333333333333333,0.01812976967373038,0.29937384702710373,0.8795013427734375,0.8578886389732361,0.9022312164306641,0.7695401906967163,0.7325576722621918,0.5404871670429773,490,0.01061248779296875,54.87559962272644,0.9120903015136719,55.79830241203308,0.7381583452224731
35,2025-12-05 06:12:13,What is the best iPhone lightning cable in the list?,"For super-fast charging with a USB-C adapter, the Belkin Lightning to USB-C is best. For a reliable and durable standard cable with a good warranty, the Duracell USB-A to Lightning is a great choice. The Hi-Mobiler is the most budget-friendly option.","Based on the reviews and ratings provided, the Belkin Apple Certified Lightning to Type-C Cable appears to be the best option among the listed products. It has a higher rating of 4.4 stars compared to the other cables, and users have praised its fast charging capabilities, durability, and overall qu",BAAI/bge-small-en-v1.5,Qwen/Qwen2.5-7B-Instruct,5,0.3,0.85,30,512,0.32124352331606215,0.21232876712328766,0.6595744680851063,0.19689119170984454,0.13013698630136986,0.40425531914893614,0.01973590695974735,0.28659504452187384,0.8819954991340637,0.8589783310890198,0.9062802195549011,0.8680572509765625,0.7601024866104126,0.5668968925167162,898,0.010593891143798828,33.358433961868286,0.9232823848724365,34.29231023788452,0.7582789063453674
36,2025-12-05 06:12:59,Suggest me some good long lasting headphones,"The boAt Bassheads 100 in-ear wired earphones are recommended for longevity, featuring a premium coated wire for sturdiness and a 1-year warranty. They have a 4.1-star rating from over 360,000 reviews and cost between ₹349-₹379.","Based on the product information provided, the boAt Rockerz 450 Bluetooth On Ear Headphones with Mic would be a great choice for long-lasting headphones. They offer a massive battery backup of up to 15 hours, which is significantly longer than the 8 hours offered by the boAt Rockerz 400. Additionall",BAAI/bge-small-en-v1.5,Qwen/Qwen2.5-7B-Instruct,5,0.3,0.85,30,512,0.1504424778761062,0.0918918918918919,0.4146341463414634,0.11504424778761063,0.07027027027027027,0.3170731707317073,0.03233095715508017,0.24725175892568058,0.8474331498146057,0.8256407976150513,0.8704071640968323,0.577768087387085,0.9006436705589294,0.4843458041076931,1071,0.010464191436767578,45.1199266910553,0.9532561302185059,46.08364701271057,0.7056768536567688
37,2025-12-05 06:13:38,Recommend a good fast charging USB-C cable under 300 rupees,"The boAt A400 at ₹299 is recommended, supporting 24W-25W fast charging and having a slightly higher customer rating. For a tighter budget, the pTron Solero TB301 at ₹149 supports 15W fast charging.","Based on the information provided, the Belkin USB C to USB-C Fast Charging Type C Cable, 60W PD, 3.3 feet (1 meter) for Laptop, Personal Computer, Tablet, Smartphone - White, USB-IF Certified would be a great choice for you. It offers fast charging capabilities up to 50% in about 36 minutes, is USB-",BAAI/bge-small-en-v1.5,Qwen/Qwen2.5-7B-Instruct,5,0.3,0.85,50,512,0.198019801980198,0.11834319526627218,0.6060606060606061,0.14851485148514854,0.08875739644970414,0.45454545454545453,0.033375543008809225,0.3618677042801557,0.8559680581092834,0.8262593746185303,0.8878929018974304,0.6461447477340698,0.8414252758026122,0.519634666943835,991,0.010940790176391602,37.59270429611206,0.9387669563293457,38.5424120426178,0.8039780855178833
38,2025-12-05 06:14:16,Which cable has the highest rating and supports 60W charging?,"The Belkin USB-C to USB-C Fast Charging Cable (60W PD) is the best match, offering a strong 4.5-star rating along with full 60W fast-charging support.","The Ambrane 60W / 3A Type C Fast Charging Unbreakable 1.5m L Shaped Braided Cable (ABLC10, Black) has the highest rating among the options provided, with a 4.0 ⭐ rating based on 1,933 reviews. However, it only supports up to 30W fast charging according to its description, despite being marketed as s",BAAI/bge-small-en-v1.5,Qwen/Qwen2.5-7B-Instruct,5,0.3,0.85,50,512,0.2674418604651163,0.1619718309859155,0.7666666666666667,0.20930232558139536,0.1267605633802817,0.6,0.026802155377676412,0.3163482298820645,0.881136953830719,0.8454688787460327,0.9199471473693848,0.8407689332962036,0.7950382828712463,0.5657487220287736,824,0.011065959930419922,36.94167637825012,0.95912766456604,37.91187000274658,0.7381583452224731
39,2025-12-05 06:14:51,What is the best iPhone lightning cable in the list?,"For super-fast charging with a USB-C adapter, the Belkin Lightning to USB-C is best. For a reliable and durable standard cable with a good warranty, the Duracell USB-A to Lightning is a great choice. The Hi-Mobiler is the most budget-friendly option.","Based on the reviews and ratings provided, the Belkin Apple Certified Lightning to Type-C Cable seems to be the best option among the listed products. It has a higher rating of 4.4 stars compared to the other cables, and users have praised its fast charging capabilities, durability, and overall qual",BAAI/bge-small-en-v1.5,Qwen/Qwen2.5-7B-Instruct,5,0.3,0.85,50,512,0.24271844660194175,0.15723270440251572,0.5319148936170213,0.16504854368932037,0.1069182389937107,0.3617021276595745,0.013654161392041762,0.2465986394557823,0.8520811200141907,0.8245482444763184,0.8815162181854248,0.7036806344985962,0.7248733758926391,0.5053756555792286,925,0.01038360595703125,34.506511926651,0.9433920383453369,35.46028757095337,0.7582789063453674
40,2025-12-05 06:15:30,Suggest me some good long lasting headphones,"The boAt Bassheads 100 in-ear wired earphones are recommended for longevity, featuring a premium coated wire for sturdiness and a 1-year warranty. They have a 4.1-star rating from over 360,000 reviews and cost between ₹349-₹379.","For long-lasting headphones, the boAt Rockerz 450 would be a great choice. It offers a massive battery backup of up to 15 hours, ensuring you can enjoy your music for extended periods without needing to recharge. Additionally, it features 40mm drivers providing immersive HD audio, and comes with pad",BAAI/bge-small-en-v1.5,Qwen/Qwen2.5-7B-Instruct,5,0.3,0.85,50,512,0.1492537313432836,0.09375,0.36585365853658536,0.10945273631840798,0.06875,0.2682926829268293,0.006706634160783074,0.23680176424710217,0.8356389999389648,0.8331422805786133,0.8381505608558655,0.5881684422492981,0.5655860006809235,0.44516361332200594,974,0.010444402694702148,38.15930366516113,0.9314446449279785,39.10119271278381,0.7056768536567688
41,2025-12-05 06:16:01,Recommend a good fast charging USB-C cable under 300 rupees,"The boAt A400 at ₹299 is recommended, supporting 24W-25W fast charging and having a slightly higher customer rating. For a tighter budget, the pTron Solero TB301 at ₹149 supports 15W fast charging.","Based on the available options, the Belkin USB C to USB-C Fast Charging Type C Cable would be a great choice for under 300 rupees. It offers 60W PD fast charging capability, which is significantly higher than the 3A limit of the pTron Solero TB301 cable. Additionally, it comes with a 2-year warranty",BAAI/bge-small-en-v1.5,Qwen/Qwen2.5-7B-Instruct,5,0.3,0.95,30,512,0.22666666666666666,0.1452991452991453,0.5151515151515151,0.14666666666666664,0.09401709401709402,0.3333333333333333,0.028321662545975027,0.3045573656337615,0.8645621538162231,0.8435971736907959,0.8865957260131836,0.6695713996887207,0.8146546363830567,0.5173693864631006,708,0.010960102081298828,29.888604164123535,0.9322898387908936,30.831854104995728,0.8039780855178833
42,2025-12-05 06:16:32,Which cable has the highest rating and supports 60W charging?,"The Belkin USB-C to USB-C Fast Charging Cable (60W PD) is the best match, offering a strong 4.5-star rating along with full 60W fast-charging support.","The Ambrane 60W / 3A Type C Fast Charging Unbreakable 1.5m L Shaped Braided Cable (ABLC10, Black) has a high rating of 4.0 ⭐ and explicitly supports 60W charging according to its description. However, it should be noted that another product, the Belkin USB C to USB-C Fast Charging Type C Cable, also",BAAI/bge-small-en-v1.5,Qwen/Qwen2.5-7B-Instruct,5,0.3,0.95,30,512,0.33599999999999997,0.22105263157894736,0.7,0.272,0.17894736842105263,0.5666666666666667,0.0358734703311965,0.3121926229508198,0.8841434121131897,0.8514456748962402,0.9194527268409729,0.8465644121170044,0.7992686033248901,0.58149183625993,528,0.010465383529663086,29.648492574691772,0.9096980094909668,30.568655967712402,0.7381583452224731
43,2025-12-05 06:17:02,What is the best iPhone lightning cable in the list?,"For super-fast charging with a USB-C adapter, the Belkin Lightning to USB-C is best. For a reliable and durable standard cable with a good warranty, the Duracell USB-A to Lightning is a great choice. The Hi-Mobiler is the most budget-friendly option.","Based on the reviews and ratings, the Belkin Apple Certified Lightning To Type C Cable seems to be the best option among the listed products. It has a higher rating of 4.4 stars compared to the other cables, and users have praised its fast charging capabilities, durability, and overall quality. Addi",BAAI/bge-small-en-v1.5,Qwen/Qwen2.5-7B-Instruct,5,0.3,0.95,30,512,0.3354037267080745,0.23684210526315788,0.574468085106383,0.2111801242236025,0.14912280701754385,0.3617021276595745,0.01946717509431507,0.28658750141986294,0.8819943070411682,0.8603470325469971,0.9047590494155884,0.8365219831466675,0.7220711171627044,0.5596033129214747,699,0.010467767715454102,29.46073031425476,0.9150123596191406,30.386210441589355,0.7582789063453674
44,2025-12-05 06:18:14,Suggest me some good long lasting headphones,"The boAt Bassheads 100 in-ear wired earphones are recommended for longevity, featuring a premium coated wire for sturdiness and a 1-year warranty. They have a 4.1-star rating from over 360,000 reviews and cost between ₹349-₹379.","Based on the product information provided, the boAt Rockerz 450 Bluetooth On Ear Headphones with Mic seem like a great option for long-lasting headphones. They offer a massive battery backup of up to 15 hours, which is significantly longer than the 8 hours offered by the boAt Rockerz 400. Additional",BAAI/bge-small-en-v1.5,Qwen/Qwen2.5-7B-Instruct,5,0.3,0.95,30,512,0.14025974025974025,0.07848837209302326,0.6585365853658537,0.10389610389610389,0.05813953488372093,0.4878048780487805,0.020739305654414543,0.22490697163297946,0.8255107998847961,0.7910171747207642,0.8631498217582703,0.5575214624404907,0.9141067624092101,0.46951822942619104,2122,0.011175870895385742,71.3823299407959,1.0492594242095947,72.44276523590088,0.7056768536567688
45,2025-12-05 06:18:53,Recommend a good fast charging USB-C cable under 300 rupees,"The boAt A400 at ₹299 is recommended, supporting 24W-25W fast charging and having a slightly higher customer rating. For a tighter budget, the pTron Solero TB301 at ₹149 supports 15W fast charging.","Based on the information provided, the Belkin USB C to USB-C Fast Charging Type C Cable would be a great choice for under 300 rupees. It offers 60W PD fast charging capability, which is significantly higher than the 3A limit of the pTron Solero TB301 cable. Additionally, it comes with a USB-IF certi",BAAI/bge-small-en-v1.5,Qwen/Qwen2.5-7B-Instruct,5,0.3,0.95,50,512,0.20202020202020202,0.12121212121212122,0.6060606060606061,0.15151515151515152,0.09090909090909091,0.45454545454545453,0.028384314174562508,0.32572332015810285,0.8606764674186707,0.8368290662765503,0.885922908782959,0.6855359077453613,0.8074285447597502,0.5200696176744221,949,0.012402057647705078,37.20853519439697,1.1932499408721924,38.41418719291687,0.8039780855178833
46,2025-12-05 06:19:41,Which cable has the highest rating and supports 60W charging?,"The Belkin USB-C to USB-C Fast Charging Cable (60W PD) is the best match, offering a strong 4.5-star rating along with full 60W fast-charging support.","The Ambrane 60W / 3A Type C Fast Charging Unbreakable 1.5m L Shaped Braided Cable (ABLC10, Black) has a rating of 4.0 ⭐ based on 1,933 reviews and supports 60W charging. However, the Belkin USB C to USB-C Fast Charging Type C Cable, 60W PD, 3.3 feet (1 meter) for Laptop, Personal Computer, Tablet, S",BAAI/bge-small-en-v1.5,Qwen/Qwen2.5-7B-Instruct,5,0.3,0.95,50,512,0.2033898305084746,0.11650485436893204,0.8,0.1694915254237288,0.0970873786407767,0.6666666666666666,0.01890261565614148,0.33635918367346945,0.8622480034828186,0.81959468126297,0.909584641456604,0.8215855956077576,0.8309026718139647,0.5526016618835076,1126,0.01041269302368164,47.23373889923096,0.9413962364196777,48.185547828674316,0.7381583452224731
47,2025-12-05 06:20:20,What is the best iPhone lightning cable in the list?,"For super-fast charging with a USB-C adapter, the Belkin Lightning to USB-C is best. For a reliable and durable standard cable with a good warranty, the Duracell USB-A to Lightning is a great choice. The Hi-Mobiler is the most budget-friendly option.","Based on the reviews and ratings provided, the Belkin Apple Certified Lightning to Type-C Cable appears to be the best option among the listed products. It has a higher rating of 4.4 stars compared to the other cables, and users have praised its fast charging capabilities and durability. Additionall",BAAI/bge-small-en-v1.5,Qwen/Qwen2.5-7B-Instruct,5,0.3,0.95,50,512,0.28205128205128205,0.17647058823529413,0.7021276595744681,0.1623931623931624,0.10160427807486631,0.40425531914893614,0.01965501163056447,0.25806451612903225,0.8756524324417114,0.8493479490280151,0.9036383032798767,0.8507304191589355,0.733903956413269,0.5475692106103975,1122,0.010616064071655273,38.52847218513489,0.9498724937438965,39.48896074295044,0.7582789063453674
48,2025-12-05 06:21:33,Suggest me some good long lasting headphones,"The boAt Bassheads 100 in-ear wired earphones are recommended for longevity, featuring a premium coated wire for sturdiness and a 1-year warranty. They have a 4.1-star rating from over 360,000 reviews and cost between ₹349-₹379.","Based on the product information provided, the boAt Rockerz 450 Bluetooth On Ear Headphones with Mic would be a great choice for long-lasting headphones. They offer a massive battery backup of up to 15 hours, which is significantly longer than the 8 hours offered by the boAt Rockerz 400. Additionall",BAAI/bge-small-en-v1.5,Qwen/Qwen2.5-7B-Instruct,5,0.3,0.95,50,512,0.11358024691358025,0.06318681318681318,0.5609756097560976,0.07407407407407407,0.04120879120879121,0.36585365853658536,0.014676196974645778,0.1720176567590396,0.8178420066833496,0.7832337617874146,0.8556500673294067,0.5843124985694885,0.8972449779510498,0.4570831994899261,2236,0.010547876358032227,71.58622694015503,1.0729081630706787,72.66968297958374,0.7056768536567688
49,2025-12-05 06:22:06,Recommend a good fast charging USB-C cable under 300 rupees,"The boAt A400 at ₹299 is recommended, supporting 24W-25W fast charging and having a slightly higher customer rating. For a tighter budget, the pTron Solero TB301 at ₹149 supports 15W fast charging.","Based on the options available, the Belkin USB C to USB-C Fast Charging Type C Cable would be a good choice for you under 300 rupees. It offers fast charging capabilities up to 50% in about 36 minutes, USB-IF certification for reliability, and is built to withstand 8,000 bends. Although it's current",BAAI/bge-small-en-v1.5,Qwen/Qwen2.5-7B-Instruct,5,0.7,0.85,30,512,0.22360248447204967,0.140625,0.5454545454545454,0.17391304347826084,0.109375,0.42424242424242425,0.03830875082228531,0.354794122999887,0.8639053106307983,0.8368568420410156,0.8927606344223022,0.5822798609733582,0.8356433510780334,0.5127981812874172,740,0.01079106330871582,31.953059434890747,0.9101157188415527,32.873966217041016,0.8039780855178833
50,2025-12-05 06:22:49,Which cable has the highest rating and supports 60W charging?,"The Belkin USB-C to USB-C Fast Charging Cable (60W PD) is the best match, offering a strong 4.5-star rating along with full 60W fast-charging support.","The Ambrane 60W / 3A Type C Fast Charging Unbreakable 1.5m L Shaped Braided Cable (ABLC10, Black) has a rating of 4.0 ⭐ based on 1,933 reviews and supports 60W charging. However, the Belkin USB C to USB-C Fast Charging Type C Cable also supports 60W PD, but it has a higher rating of 4.5 ⭐ based on 5",BAAI/bge-small-en-v1.5,Qwen/Qwen2.5-7B-Instruct,5,0.7,0.85,30,512,0.22549019607843138,0.13218390804597702,0.7666666666666667,0.18627450980392157,0.10919540229885058,0.6333333333333333,0.022501540777617245,0.28367824097104766,0.8666144609451294,0.8257695436477661,0.9117103219032288,0.8651263117790222,0.8051055192947387,0.5561677903332148,973,0.010399818420410156,41.66044020652771,0.9489202499389648,42.619760274887085,0.7381583452224731
51,2025-12-05 06:23:59,What is the best iPhone lightning cable in the list?,"For super-fast charging with a USB-C adapter, the Belkin Lightning to USB-C is best. For a reliable and durable standard cable with a good warranty, the Duracell USB-A to Lightning is a great choice. The Hi-Mobiler is the most budget-friendly option.","Based on the reviews and ratings provided, the Belkin Apple Certified Lightning to Type C Cable seems to be the best option in the list. It has a higher rating of 4.4 stars compared to the other cables, and users have praised its fast charging capabilities and durability. Additionally, it supports U",BAAI/bge-small-en-v1.5,Qwen/Qwen2.5-7B-Instruct,5,0.7,0.85,30,512,0.1724137931034483,0.09592326139088729,0.851063829787234,0.1120689655172414,0.06235011990407674,0.5531914893617021,0.013643764038238344,0.2525419115174612,0.8425798416137695,0.8090585470199585,0.878998875617981,0.8446146249771118,0.7801026940345763,0.5252720937958344,2586,0.010790109634399414,68.9963686466217,1.0533885955810547,70.06054735183716,0.7582789063453674
52,2025-12-05 06:24:38,Suggest me some good long lasting headphones,"The boAt Bassheads 100 in-ear wired earphones are recommended for longevity, featuring a premium coated wire for sturdiness and a 1-year warranty. They have a 4.1-star rating from over 360,000 reviews and cost between ₹349-₹379.","Based on the provided information, the boAt Rockerz 450 Bluetooth On Ear Headphones would be a great choice for long-lasting headphones. They offer a massive battery backup of up to 15 hours, which is significantly longer than the 8 hours offered by the boAt Rockerz 400. Additionally, they feature 4",BAAI/bge-small-en-v1.5,Qwen/Qwen2.5-7B-Instruct,5,0.7,0.85,30,512,0.17391304347826086,0.11188811188811189,0.3902439024390244,0.14130434782608697,0.09090909090909091,0.3170731707317073,0.03330373523059098,0.21132271554854382,0.8392114639282227,0.8331810832023621,0.8453297019004822,0.6151599287986755,0.899383544921875,0.48932372621975373,866,0.010824203491210938,38.80365967750549,0.9254827499389648,39.73996663093567,0.7056768536567688
53,2025-12-05 06:25:10,Recommend a good fast charging USB-C cable under 300 rupees,"The boAt A400 at ₹299 is recommended, supporting 24W-25W fast charging and having a slightly higher customer rating. For a tighter budget, the pTron Solero TB301 at ₹149 supports 15W fast charging.","Based on the information provided, the pTron Solero TB301 3A Type-C Data and Fast Charging Cable would be a good recommendation under 300 rupees. It offers fast charging up to 5V/3A, supports data syncing at 480Mbps, and has a 1.5-meter length with a double-braided exterior for durability. Although ",BAAI/bge-small-en-v1.5,Qwen/Qwen2.5-7B-Instruct,5,0.7,0.85,50,512,0.2684563758389262,0.1724137931034483,0.6060606060606061,0.1476510067114094,0.09482758620689655,0.3333333333333333,0.04212303041767082,0.373732426303855,0.8613361716270447,0.8366056680679321,0.8875732421875,0.6832391619682312,0.7663407802581786,0.5304988585686041,653,0.010813474655151367,30.626677989959717,0.9089376926422119,31.54642915725708,0.8039780855178833
54,2025-12-05 06:26:05,Which cable has the highest rating and supports 60W charging?,"The Belkin USB-C to USB-C Fast Charging Cable (60W PD) is the best match, offering a strong 4.5-star rating along with full 60W fast-charging support.","The Ambrane 60W / 3A Type C Fast Charging Unbreakable 1.5m L Shaped Braided Cable (ABLC10, Black) has a rating of 4.0 ⭐ based on 1,933 reviews and supports 60W charging. However, the Belkin USB C to USB-C Fast Charging Type C Cable, 60W PD, 3.3 feet (1 meter) for Laptop, Personal Computer, Tablet, S",BAAI/bge-small-en-v1.5,Qwen/Qwen2.5-7B-Instruct,5,0.7,0.85,50,512,0.18461538461538463,0.10434782608695652,0.8,0.16153846153846152,0.09130434782608696,0.7,0.015180523401246704,0.2610636704119851,0.855532169342041,0.811456024646759,0.9046715497970581,0.8297713398933411,0.8360141038894653,0.538731708220432,1304,0.010886907577514648,54.067362546920776,0.9820549488067627,55.060304403305054,0.7381583452224731
55,2025-12-05 06:26:40,What is the best iPhone lightning cable in the list?,"For super-fast charging with a USB-C adapter, the Belkin Lightning to USB-C is best. For a reliable and durable standard cable with a good warranty, the Duracell USB-A to Lightning is a great choice. The Hi-Mobiler is the most budget-friendly option.","The best iPhone lightning cable in the list appears to be the Belkin Apple Certified Lightning to Type-C Cable, given its high rating of 4.4 stars and positive reviews highlighting its fast charging capabilities and durability. Additionally, it offers a 4-foot length, which is longer than the standa",BAAI/bge-small-en-v1.5,Qwen/Qwen2.5-7B-Instruct,5,0.7,0.85,50,512,0.2694300518134715,0.1780821917808219,0.5531914893617021,0.15544041450777202,0.10273972602739725,0.3191489361702128,0.018450804124118453,0.27931471790525414,0.8561930060386658,0.8418973088264465,0.8709826469421387,0.7650747895240784,0.7647838354110718,0.5297709276859136,870,0.010713577270507812,33.6720666885376,0.928149938583374,34.61093020439148,0.7582789063453674
56,2025-12-05 06:27:22,Suggest me some good long lasting headphones,"The boAt Bassheads 100 in-ear wired earphones are recommended for longevity, featuring a premium coated wire for sturdiness and a 1-year warranty. They have a 4.1-star rating from over 360,000 reviews and cost between ₹349-₹379.","Based on the product descriptions and reviews provided, the boAt Rockerz 450 Bluetooth On Ear Headphones with Mic seem to be a great choice for long-lasting headphones. They offer a massive battery backup of up to 15 hours, which is significantly longer than the 8 hours offered by the boAt Rockerz 4",BAAI/bge-small-en-v1.5,Qwen/Qwen2.5-7B-Instruct,5,0.7,0.85,50,512,0.16981132075471697,0.10526315789473684,0.43902439024390244,0.12264150943396226,0.07602339181286549,0.3170731707317073,0.008612547912271729,0.21681688804554083,0.847453773021698,0.832317054271698,0.8631513118743896,0.5928901433944702,0.8884222626686096,0.4819127692181057,1026,0.010552406311035156,40.973883867263794,0.9367327690124512,41.92116904258728,0.7056768536567688
57,2025-12-05 06:27:56,Recommend a good fast charging USB-C cable under 300 rupees,"The boAt A400 at ₹299 is recommended, supporting 24W-25W fast charging and having a slightly higher customer rating. For a tighter budget, the pTron Solero TB301 at ₹149 supports 15W fast charging.","Based on the options provided, the Belkin USB C to USB-C Fast Charging Type C Cable, 60W PD, 3.3 feet (1 meter) for Laptop, Personal Computer, Tablet, Smartphone - White, USB-IF Certified seems to be the best choice for fast charging under 300 rupees. It offers 60W PD for fast charging and is USB-IF",BAAI/bge-small-en-v1.5,Qwen/Qwen2.5-7B-Instruct,5,0.7,0.95,30,512,0.20930232558139536,0.12949640287769784,0.5454545454545454,0.186046511627907,0.11510791366906475,0.48484848484848486,0.04301500523182071,0.38482877784514913,0.8549837470054626,0.8308736085891724,0.8805350065231323,0.6383779048919678,0.8776639640331267,0.5307486150539567,792,0.010710716247558594,32.68248891830444,1.4563333988189697,34.14953303337097,0.8039780855178833
58,2025-12-05 06:28:33,Which cable has the highest rating and supports 60W charging?,"The Belkin USB-C to USB-C Fast Charging Cable (60W PD) is the best match, offering a strong 4.5-star rating along with full 60W fast-charging support.","The Ambrane 60W / 3A Type C Fast Charging Unbreakable 1.5m L Shaped Braided Cable (ABLC10, Black) has a rating of 4.0 ⭐ based on 1,933 reviews and supports 60W charging. While it has a slightly lower rating compared to the Belkin cable, it still meets the 60W charging requirement you're looking for.",BAAI/bge-small-en-v1.5,Qwen/Qwen2.5-7B-Instruct,5,0.7,0.95,30,512,0.2732919254658385,0.16793893129770993,0.7333333333333333,0.21118012422360247,0.1297709923664122,0.5666666666666667,0.025343315093288812,0.3225208782700072,0.8712010383605957,0.8354065418243408,0.9102002382278442,0.848610520362854,0.839494740962982,0.570831505977792,726,0.01048731803894043,36.73601460456848,0.9788949489593506,37.72539687156677,0.7381583452224731
59,2025-12-05 06:29:05,What is the best iPhone lightning cable in the list?,"For super-fast charging with a USB-C adapter, the Belkin Lightning to USB-C is best. For a reliable and durable standard cable with a good warranty, the Duracell USB-A to Lightning is a great choice. The Hi-Mobiler is the most budget-friendly option.","The best iPhone lightning cable in the list is the Duracell USB Lightning Apple Certified (MFi) Braided Sync & Charge Cable for iPhone, iPad, and iPod. It is rated 4.5 stars based on 815 reviews and is highly recommended due to its excellent build quality, fast charging capabilities, and durability.",BAAI/bge-small-en-v1.5,Qwen/Qwen2.5-7B-Instruct,5,0.7,0.95,30,512,0.3417721518987342,0.24324324324324326,0.574468085106383,0.189873417721519,0.13513513513513514,0.3191489361702128,0.016682189712640443,0.3168623027025975,0.8537874817848206,0.83609938621521,0.8722400665283203,0.6329705715179443,0.8151676654815674,0.5239198726366298,660,0.010441303253173828,30.12163805961609,0.9580082893371582,31.09008765220642,0.7582789063453674
60,2025-12-05 06:30:17,Suggest me some good long lasting headphones,"The boAt Bassheads 100 in-ear wired earphones are recommended for longevity, featuring a premium coated wire for sturdiness and a 1-year warranty. They have a 4.1-star rating from over 360,000 reviews and cost between ₹349-₹379.","For long-lasting headphones, the boAt Rockerz 450 seems like a great choice. It offers a massive battery backup of up to 15 hours, which ensures you can enjoy music for extended periods without worrying about battery life. Additionally, it features 40mm drivers providing immersive HD audio and comes",BAAI/bge-small-en-v1.5,Qwen/Qwen2.5-7B-Instruct,5,0.7,0.95,30,512,0.09004739336492891,0.049868766404199474,0.4634146341463415,0.07582938388625592,0.04199475065616798,0.3902439024390244,0.0026625197860415477,0.13967311602468285,0.7972132563591003,0.764549970626831,0.8327919244766235,0.5869008898735046,0.5479538798332214,0.40928377715522324,2415,0.01113128662109375,71.56889414787292,1.047067403793335,72.62709283828735,0.7056768536567688
61,2025-12-05 06:30:59,Recommend a good fast charging USB-C cable under 300 rupees,"The boAt A400 at ₹299 is recommended, supporting 24W-25W fast charging and having a slightly higher customer rating. For a tighter budget, the pTron Solero TB301 at ₹149 supports 15W fast charging.","Based on the information provided, the Belkin USB C to USB-C Fast Charging Type C Cable would be a great recommendation for a fast charging USB-C cable under 300 rupees. Although it's currently priced at ₹599, it offers 29% off, bringing the price closer to your budget. This cable supports 60W PD fo",BAAI/bge-small-en-v1.5,Qwen/Qwen2.5-7B-Instruct,5,0.7,0.95,50,512,0.1888412017167382,0.11,0.6666666666666666,0.14592274678111591,0.085,0.5151515151515151,0.028294273946367837,0.3823731138545953,0.8551309108734131,0.8268178701400757,0.8854518532752991,0.6965735554695129,0.8195858240127563,0.528717810536143,1182,0.011298418045043945,40.75182056427002,0.9559736251831055,41.71909260749817,0.8039780855178833
62,2025-12-05 06:31:38,Which cable has the highest rating and supports 60W charging?,"The Belkin USB-C to USB-C Fast Charging Cable (60W PD) is the best match, offering a strong 4.5-star rating along with full 60W fast-charging support.","The Ambrane 60W / 3A Type C Fast Charging Unbreakable 1.5m L Shaped Braided Cable (ABLC10, Black) has a rating of 4.0 ⭐ and supports 60W charging. However, it is tied with the Belkin USB C to USB-C Fast Charging Type C Cable, which also supports 60W charging but has a higher rating of 4.5 ⭐ based on",BAAI/bge-small-en-v1.5,Qwen/Qwen2.5-7B-Instruct,5,0.7,0.95,50,512,0.24731182795698925,0.14743589743589744,0.7666666666666667,0.1935483870967742,0.11538461538461539,0.6,0.022727396428125744,0.371516432827215,0.8784530162811279,0.8478784561157227,0.9113150835037231,0.7940841913223267,0.7579892873764038,0.5563152471446589,853,0.010459661483764648,37.928314447402954,0.9294922351837158,38.868266344070435,0.7381583452224731
63,2025-12-05 06:32:11,What is the best iPhone lightning cable in the list?,"For super-fast charging with a USB-C adapter, the Belkin Lightning to USB-C is best. For a reliable and durable standard cable with a good warranty, the Duracell USB-A to Lightning is a great choice. The Hi-Mobiler is the most budget-friendly option.","Determining the ""best"" iPhone lightning cable can depend on individual preferences, but based on the ratings and reviews provided, the Duracell USB Lightning Apple Certified (MFi) Braided Sync & Charge Cable for iPhone, iPad, and iPod appears to be highly regarded. It has a high rating of 4.5 stars ",BAAI/bge-small-en-v1.5,Qwen/Qwen2.5-7B-Instruct,5,0.7,0.95,50,512,0.33333333333333337,0.2283464566929134,0.6170212765957447,0.16091954022988503,0.11023622047244094,0.2978723404255319,0.020286105214277036,0.2857142857142857,0.8645051121711731,0.8434527516365051,0.8866353034973145,0.731907844543457,0.8253013670444489,0.539349024390822,790,0.01056814193725586,31.918621301651,0.9165563583374023,32.84574580192566,0.7582789063453674
64,2025-12-05 06:32:46,Suggest me some good long lasting headphones,"The boAt Bassheads 100 in-ear wired earphones are recommended for longevity, featuring a premium coated wire for sturdiness and a 1-year warranty. They have a 4.1-star rating from over 360,000 reviews and cost between ₹349-₹379.","For long-lasting headphones, the boAt Rockerz 450 Bluetooth On Ear Headphones with Mic is a great choice. They offer an impressive 15 hours of playback with 40mm drivers providing excellent sound quality. Additionally, the padded ear cushions ensure comfort during extended use. While the boAt Rocker",BAAI/bge-small-en-v1.5,Qwen/Qwen2.5-7B-Instruct,5,0.7,0.95,50,512,0.23225806451612904,0.15789473684210525,0.43902439024390244,0.15483870967741936,0.10526315789473684,0.2926829268292683,0.04141798021660528,0.2639673346044537,0.8643492460250854,0.8538873195648193,0.8750706911087036,0.6064975261688232,0.6096190094947814,0.48079529332119764,708,0.010269880294799805,34.20759606361389,0.9052808284759521,35.123146772384644,0.7056768536567688
65,2025-12-05 06:34:09,Recommend a good fast charging USB-C cable under 300 rupees,"The boAt A400 at ₹299 is recommended, supporting 24W-25W fast charging and having a slightly higher customer rating. For a tighter budget, the pTron Solero TB301 at ₹149 supports 15W fast charging.",Generation failed,BAAI/bge-small-en-v1.5,mistralai/Mistral-7B-Instruct-v0.2,3,0.3,0.85,30,512,0.0,0.0,0.0,0.0,0.0,0.0,0.0,0.0,0.0,0.0,0.0,0.046522870659828186,-0.021134329363703724,0.0071911411955952655,17,0.013698101043701172,0.19285869598388672,0.7338383197784424,0.9403951168060303,0.8060670495033264
66,2025-12-05 06:34:09,Which cable has the highest rating and supports 60W charging?,"The Belkin USB-C to USB-C Fast Charging Cable (60W PD) is the best match, offering a strong 4.5-star rating along with full 60W fast-charging support.",Generation failed,BAAI/bge-small-en-v1.5,mistralai/Mistral-7B-Instruct-v0.2,3,0.3,0.85,30,512,0.0,0.0,0.0,0.0,0.0,0.0,0.0,0.0,0.0,0.0,0.0,0.0,-0.04488056138157844,-0.004488056138157844,17,0.011089801788330078,0.06947946548461914,0.6880698204040527,0.768639087677002,0.745629072189331
67,2025-12-05 06:34:10,What is the best iPhone lightning cable in the list?,"For super-fast charging with a USB-C adapter, the Belkin Lightning to USB-C is best. For a reliable and durable standard cable with a good warranty, the Duracell USB-A to Lightning is a great choice. The Hi-Mobiler is the most budget-friendly option.",Generation failed,BAAI/bge-small-en-v1.5,mistralai/Mistral-7B-Instruct-v0.2,3,0.3,0.85,30,512,0.0,0.0,0.0,0.0,0.0,0.0,0.0,0.0,0.0,0.0,0.0,0.0,0.011059463843703269,0.001105946384370327,17,0.010561466217041016,0.07698249816894531,0.7015247344970703,0.7890686988830566,0.7594654560089111
68,2025-12-05 06:34:11,Suggest me some good long lasting headphones,"The boAt Bassheads 100 in-ear wired earphones are recommended for longevity, featuring a premium coated wire for sturdiness and a 1-year warranty. They have a 4.1-star rating from over 360,000 reviews and cost between ₹349-₹379.",Generation failed,BAAI/bge-small-en-v1.5,mistralai/Mistral-7B-Instruct-v0.2,3,0.3,0.85,30,512,0.0,0.0,0.0,0.0,0.0,0.0,0.0,0.0,0.0,0.0,0.0,0.0,-0.00804773001000285,-0.0008047730010002851,17,0.011230707168579102,0.07499027252197266,0.704268217086792,0.7904891967773438,0.7121245265007019
69,2025-12-05 06:34:12,Recommend a good fast charging USB-C cable under 300 rupees,"The boAt A400 at ₹299 is recommended, supporting 24W-25W fast charging and having a slightly higher customer rating. For a tighter budget, the pTron Solero TB301 at ₹149 supports 15W fast charging.",Generation failed,BAAI/bge-small-en-v1.5,mistralai/Mistral-7B-Instruct-v0.2,3,0.3,0.85,50,512,0.0,0.0,0.0,0.0,0.0,0.0,0.0,0.0,0.0,0.0,0.0,0.046522870659828186,-0.021134329363703724,0.0071911411955952655,17,0.01098322868347168,0.06654667854309082,0.6849651336669922,0.7624950408935547,0.8060670495033264
70,2025-12-05 06:34:13,Which cable has the highest rating and supports 60W charging?,"The Belkin USB-C to USB-C Fast Charging Cable (60W PD) is the best match, offering a strong 4.5-star rating along with full 60W fast-charging support.",Generation failed,BAAI/bge-small-en-v1.5,mistralai/Mistral-7B-Instruct-v0.2,3,0.3,0.85,50,512,0.0,0.0,0.0,0.0,0.0,0.0,0.0,0.0,0.0,0.0,0.0,0.0,-0.04488056138157844,-0.004488056138157844,17,0.010808706283569336,0.06694340705871582,0.6861057281494141,0.7638578414916992,0.745629072189331
71,2025-12-05 06:34:13,What is the best iPhone lightning cable in the list?,"For super-fast charging with a USB-C adapter, the Belkin Lightning to USB-C is best. For a reliable and durable standard cable with a good warranty, the Duracell USB-A to Lightning is a great choice. The Hi-Mobiler is the most budget-friendly option.",Generation failed,BAAI/bge-small-en-v1.5,mistralai/Mistral-7B-Instruct-v0.2,3,0.3,0.85,50,512,0.0,0.0,0.0,0.0,0.0,0.0,0.0,0.0,0.0,0.0,0.0,0.0,0.011059463843703269,0.001105946384370327,17,0.010727882385253906,0.06789350509643555,0.698232889175415,0.7768542766571045,0.7594654560089111
72,2025-12-05 06:34:14,Suggest me some good long lasting headphones,"The boAt Bassheads 100 in-ear wired earphones are recommended for longevity, featuring a premium coated wire for sturdiness and a 1-year warranty. They have a 4.1-star rating from over 360,000 reviews and cost between ₹349-₹379.",Generation failed,BAAI/bge-small-en-v1.5,mistralai/Mistral-7B-Instruct-v0.2,3,0.3,0.85,50,512,0.0,0.0,0.0,0.0,0.0,0.0,0.0,0.0,0.0,0.0,0.0,0.0,-0.00804773001000285,-0.0008047730010002851,17,0.0107269287109375,0.06181526184082031,0.6889808177947998,0.7615230083465576,0.7121245265007019
73,2025-12-05 06:34:15,Recommend a good fast charging USB-C cable under 300 rupees,"The boAt A400 at ₹299 is recommended, supporting 24W-25W fast charging and having a slightly higher customer rating. For a tighter budget, the pTron Solero TB301 at ₹149 supports 15W fast charging.",Generation failed,BAAI/bge-small-en-v1.5,mistralai/Mistral-7B-Instruct-v0.2,3,0.3,0.95,30,512,0.0,0.0,0.0,0.0,0.0,0.0,0.0,0.0,0.0,0.0,0.0,0.046522870659828186,-0.021134329363703724,0.0071911411955952655,17,0.011197566986083984,0.06656074523925781,0.6857156753540039,0.7634739875793457,0.8060670495033264
74,2025-12-05 06:34:16,Which cable has the highest rating and supports 60W charging?,"The Belkin USB-C to USB-C Fast Charging Cable (60W PD) is the best match, offering a strong 4.5-star rating along with full 60W fast-charging support.",Generation failed,BAAI/bge-small-en-v1.5,mistralai/Mistral-7B-Instruct-v0.2,3,0.3,0.95,30,512,0.0,0.0,0.0,0.0,0.0,0.0,0.0,0.0,0.0,0.0,0.0,0.0,-0.04488056138157844,-0.004488056138157844,17,0.010867595672607422,0.06710696220397949,0.6871728897094727,0.7651474475860596,0.745629072189331
75,2025-12-05 06:34:16,What is the best iPhone lightning cable in the list?,"For super-fast charging with a USB-C adapter, the Belkin Lightning to USB-C is best. For a reliable and durable standard cable with a good warranty, the Duracell USB-A to Lightning is a great choice. The Hi-Mobiler is the most budget-friendly option.",Generation failed,BAAI/bge-small-en-v1.5,mistralai/Mistral-7B-Instruct-v0.2,3,0.3,0.95,30,512,0.0,0.0,0.0,0.0,0.0,0.0,0.0,0.0,0.0,0.0,0.0,0.0,0.011059463843703269,0.001105946384370327,17,0.010852575302124023,0.07798194885253906,0.690800666809082,0.7796351909637451,0.7594654560089111
76,2025-12-05 06:34:17,Suggest me some good long lasting headphones,"The boAt Bassheads 100 in-ear wired earphones are recommended for longevity, featuring a premium coated wire for sturdiness and a 1-year warranty. They have a 4.1-star rating from over 360,000 reviews and cost between ₹349-₹379.",Generation failed,BAAI/bge-small-en-v1.5,mistralai/Mistral-7B-Instruct-v0.2,3,0.3,0.95,30,512,0.0,0.0,0.0,0.0,0.0,0.0,0.0,0.0,0.0,0.0,0.0,0.0,-0.00804773001000285,-0.0008047730010002851,17,0.010659933090209961,0.06108546257019043,0.6850485801696777,0.7567939758300781,0.7121245265007019
77,2025-12-05 06:34:18,Recommend a good fast charging USB-C cable under 300 rupees,"The boAt A400 at ₹299 is recommended, supporting 24W-25W fast charging and having a slightly higher customer rating. For a tighter budget, the pTron Solero TB301 at ₹149 supports 15W fast charging.",Generation failed,BAAI/bge-small-en-v1.5,mistralai/Mistral-7B-Instruct-v0.2,3,0.3,0.95,50,512,0.0,0.0,0.0,0.0,0.0,0.0,0.0,0.0,0.0,0.0,0.0,0.046522870659828186,-0.021134329363703724,0.0071911411955952655,17,0.011344671249389648,0.05530047416687012,0.7070341110229492,0.773679256439209,0.8060670495033264
78,2025-12-05 06:34:19,Which cable has the highest rating and supports 60W charging?,"The Belkin USB-C to USB-C Fast Charging Cable (60W PD) is the best match, offering a strong 4.5-star rating along with full 60W fast-charging support.",Generation failed,BAAI/bge-small-en-v1.5,mistralai/Mistral-7B-Instruct-v0.2,3,0.3,0.95,50,512,0.0,0.0,0.0,0.0,0.0,0.0,0.0,0.0,0.0,0.0,0.0,0.0,-0.04488056138157844,-0.004488056138157844,17,0.010796785354614258,0.05384111404418945,0.6839585304260254,0.7485964298248291,0.745629072189331
79,2025-12-05 06:34:19,What is the best iPhone lightning cable in the list?,"For super-fast charging with a USB-C adapter, the Belkin Lightning to USB-C is best. For a reliable and durable standard cable with a good warranty, the Duracell USB-A to Lightning is a great choice. The Hi-Mobiler is the most budget-friendly option.",Generation failed,BAAI/bge-small-en-v1.5,mistralai/Mistral-7B-Instruct-v0.2,3,0.3,0.95,50,512,0.0,0.0,0.0,0.0,0.0,0.0,0.0,0.0,0.0,0.0,0.0,0.0,0.011059463843703269,0.001105946384370327,17,0.01074528694152832,0.07707071304321289,0.6892604827880859,0.7770764827728271,0.7594654560089111
80,2025-12-05 06:34:20,Suggest me some good long lasting headphones,"The boAt Bassheads 100 in-ear wired earphones are recommended for longevity, featuring a premium coated wire for sturdiness and a 1-year warranty. They have a 4.1-star rating from over 360,000 reviews and cost between ₹349-₹379.",Generation failed,BAAI/bge-small-en-v1.5,mistralai/Mistral-7B-Instruct-v0.2,3,0.3,0.95,50,512,0.0,0.0,0.0,0.0,0.0,0.0,0.0,0.0,0.0,0.0,0.0,0.0,-0.00804773001000285,-0.0008047730010002851,17,0.011066198348999023,0.06944870948791504,0.6923742294311523,0.7728891372680664,0.7121245265007019
81,2025-12-05 06:34:21,Recommend a good fast charging USB-C cable under 300 rupees,"The boAt A400 at ₹299 is recommended, supporting 24W-25W fast charging and having a slightly higher customer rating. For a tighter budget, the pTron Solero TB301 at ₹149 supports 15W fast charging.",Generation failed,BAAI/bge-small-en-v1.5,mistralai/Mistral-7B-Instruct-v0.2,3,0.7,0.85,30,512,0.0,0.0,0.0,0.0,0.0,0.0,0.0,0.0,0.0,0.0,0.0,0.046522870659828186,-0.021134329363703724,0.0071911411955952655,17,0.011179924011230469,0.0621485710144043,0.6776442527770996,0.7509727478027344,0.8060670495033264
82,2025-12-05 06:34:22,Which cable has the highest rating and supports 60W charging?,"The Belkin USB-C to USB-C Fast Charging Cable (60W PD) is the best match, offering a strong 4.5-star rating along with full 60W fast-charging support.",Generation failed,BAAI/bge-small-en-v1.5,mistralai/Mistral-7B-Instruct-v0.2,3,0.7,0.85,30,512,0.0,0.0,0.0,0.0,0.0,0.0,0.0,0.0,0.0,0.0,0.0,0.0,-0.04488056138157844,-0.004488056138157844,17,0.01086115837097168,0.058246612548828125,0.6820073127746582,0.751115083694458,0.745629072189331
83,2025-12-05 06:34:22,What is the best iPhone lightning cable in the list?,"For super-fast charging with a USB-C adapter, the Belkin Lightning to USB-C is best. For a reliable and durable standard cable with a good warranty, the Duracell USB-A to Lightning is a great choice. The Hi-Mobiler is the most budget-friendly option.",Generation failed,BAAI/bge-small-en-v1.5,mistralai/Mistral-7B-Instruct-v0.2,3,0.7,0.85,30,512,0.0,0.0,0.0,0.0,0.0,0.0,0.0,0.0,0.0,0.0,0.0,0.0,0.011059463843703269,0.001105946384370327,17,0.01065206527709961,0.06816220283508301,0.700599193572998,0.7794134616851807,0.7594654560089111
84,2025-12-05 06:34:23,Suggest me some good long lasting headphones,"The boAt Bassheads 100 in-ear wired earphones are recommended for longevity, featuring a premium coated wire for sturdiness and a 1-year warranty. They have a 4.1-star rating from over 360,000 reviews and cost between ₹349-₹379.",Generation failed,BAAI/bge-small-en-v1.5,mistralai/Mistral-7B-Instruct-v0.2,3,0.7,0.85,30,512,0.0,0.0,0.0,0.0,0.0,0.0,0.0,0.0,0.0,0.0,0.0,0.0,-0.00804773001000285,-0.0008047730010002851,17,0.01109170913696289,0.0709998607635498,0.6998116970062256,0.7819032669067383,0.7121245265007019
85,2025-12-05 06:34:24,Recommend a good fast charging USB-C cable under 300 rupees,"The boAt A400 at ₹299 is recommended, supporting 24W-25W fast charging and having a slightly higher customer rating. For a tighter budget, the pTron Solero TB301 at ₹149 supports 15W fast charging.",Generation failed,BAAI/bge-small-en-v1.5,mistralai/Mistral-7B-Instruct-v0.2,3,0.7,0.85,50,512,0.0,0.0,0.0,0.0,0.0,0.0,0.0,0.0,0.0,0.0,0.0,0.046522870659828186,-0.021134329363703724,0.0071911411955952655,17,0.011178731918334961,0.06681442260742188,0.6912782192230225,0.7692713737487793,0.8060670495033264
86,2025-12-05 06:34:25,Which cable has the highest rating and supports 60W charging?,"The Belkin USB-C to USB-C Fast Charging Cable (60W PD) is the best match, offering a strong 4.5-star rating along with full 60W fast-charging support.",Generation failed,BAAI/bge-small-en-v1.5,mistralai/Mistral-7B-Instruct-v0.2,3,0.7,0.85,50,512,0.0,0.0,0.0,0.0,0.0,0.0,0.0,0.0,0.0,0.0,0.0,0.0,-0.04488056138157844,-0.004488056138157844,17,0.010714530944824219,0.06583762168884277,0.7069911956787109,0.7835433483123779,0.745629072189331
87,2025-12-05 06:34:26,What is the best iPhone lightning cable in the list?,"For super-fast charging with a USB-C adapter, the Belkin Lightning to USB-C is best. For a reliable and durable standard cable with a good warranty, the Duracell USB-A to Lightning is a great choice. The Hi-Mobiler is the most budget-friendly option.",Generation failed,BAAI/bge-small-en-v1.5,mistralai/Mistral-7B-Instruct-v0.2,3,0.7,0.85,50,512,0.0,0.0,0.0,0.0,0.0,0.0,0.0,0.0,0.0,0.0,0.0,0.0,0.011059463843703269,0.001105946384370327,17,0.011304378509521484,0.06840395927429199,0.6949505805969238,0.7746589183807373,0.7594654560089111
88,2025-12-05 06:34:26,Suggest me some good long lasting headphones,"The boAt Bassheads 100 in-ear wired earphones are recommended for longevity, featuring a premium coated wire for sturdiness and a 1-year warranty. They have a 4.1-star rating from over 360,000 reviews and cost between ₹349-₹379.",Generation failed,BAAI/bge-small-en-v1.5,mistralai/Mistral-7B-Instruct-v0.2,3,0.7,0.85,50,512,0.0,0.0,0.0,0.0,0.0,0.0,0.0,0.0,0.0,0.0,0.0,0.0,-0.00804773001000285,-0.0008047730010002851,17,0.010784387588500977,0.05603814125061035,0.7171039581298828,0.7839264869689941,0.7121245265007019
89,2025-12-05 06:34:27,Recommend a good fast charging USB-C cable under 300 rupees,"The boAt A400 at ₹299 is recommended, supporting 24W-25W fast charging and having a slightly higher customer rating. For a tighter budget, the pTron Solero TB301 at ₹149 supports 15W fast charging.",Generation failed,BAAI/bge-small-en-v1.5,mistralai/Mistral-7B-Instruct-v0.2,3,0.7,0.95,30,512,0.0,0.0,0.0,0.0,0.0,0.0,0.0,0.0,0.0,0.0,0.0,0.046522870659828186,-0.021134329363703724,0.0071911411955952655,17,0.010980606079101562,0.05462384223937988,0.691725492477417,0.7573299407958984,0.8060670495033264
90,2025-12-05 06:34:28,Which cable has the highest rating and supports 60W charging?,"The Belkin USB-C to USB-C Fast Charging Cable (60W PD) is the best match, offering a strong 4.5-star rating along with full 60W fast-charging support.",Generation failed,BAAI/bge-small-en-v1.5,mistralai/Mistral-7B-Instruct-v0.2,3,0.7,0.95,30,512,0.0,0.0,0.0,0.0,0.0,0.0,0.0,0.0,0.0,0.0,0.0,0.0,-0.04488056138157844,-0.004488056138157844,17,0.01139068603515625,0.06659293174743652,0.8897433280944824,0.9677269458770752,0.745629072189331
91,2025-12-05 06:34:29,What is the best iPhone lightning cable in the list?,"For super-fast charging with a USB-C adapter, the Belkin Lightning to USB-C is best. For a reliable and durable standard cable with a good warranty, the Duracell USB-A to Lightning is a great choice. The Hi-Mobiler is the most budget-friendly option.",Generation failed,BAAI/bge-small-en-v1.5,mistralai/Mistral-7B-Instruct-v0.2,3,0.7,0.95,30,512,0.0,0.0,0.0,0.0,0.0,0.0,0.0,0.0,0.0,0.0,0.0,0.0,0.011059463843703269,0.001105946384370327,17,0.01074528694152832,0.07528448104858398,0.6918895244598389,0.7779192924499512,0.7594654560089111
92,2025-12-05 06:34:30,Suggest me some good long lasting headphones,"The boAt Bassheads 100 in-ear wired earphones are recommended for longevity, featuring a premium coated wire for sturdiness and a 1-year warranty. They have a 4.1-star rating from over 360,000 reviews and cost between ₹349-₹379.",Generation failed,BAAI/bge-small-en-v1.5,mistralai/Mistral-7B-Instruct-v0.2,3,0.7,0.95,30,512,0.0,0.0,0.0,0.0,0.0,0.0,0.0,0.0,0.0,0.0,0.0,0.0,-0.00804773001000285,-0.0008047730010002851,17,0.010547161102294922,0.07032155990600586,0.6910696029663086,0.7719383239746094,0.7121245265007019
93,2025-12-05 06:34:30,Recommend a good fast charging USB-C cable under 300 rupees,"The boAt A400 at ₹299 is recommended, supporting 24W-25W fast charging and having a slightly higher customer rating. For a tighter budget, the pTron Solero TB301 at ₹149 supports 15W fast charging.",Generation failed,BAAI/bge-small-en-v1.5,mistralai/Mistral-7B-Instruct-v0.2,3,0.7,0.95,50,512,0.0,0.0,0.0,0.0,0.0,0.0,0.0,0.0,0.0,0.0,0.0,0.046522870659828186,-0.021134329363703724,0.0071911411955952655,17,0.011146306991577148,0.06654763221740723,0.6897475719451904,0.7674415111541748,0.8060670495033264
94,2025-12-05 06:34:31,Which cable has the highest rating and supports 60W charging?,"The Belkin USB-C to USB-C Fast Charging Cable (60W PD) is the best match, offering a strong 4.5-star rating along with full 60W fast-charging support.",Generation failed,BAAI/bge-small-en-v1.5,mistralai/Mistral-7B-Instruct-v0.2,3,0.7,0.95,50,512,0.0,0.0,0.0,0.0,0.0,0.0,0.0,0.0,0.0,0.0,0.0,0.0,-0.04488056138157844,-0.004488056138157844,17,0.011050939559936523,0.061923980712890625,0.7005438804626465,0.7735188007354736,0.745629072189331
95,2025-12-05 06:34:32,What is the best iPhone lightning cable in the list?,"For super-fast charging with a USB-C adapter, the Belkin Lightning to USB-C is best. For a reliable and durable standard cable with a good warranty, the Duracell USB-A to Lightning is a great choice. The Hi-Mobiler is the most budget-friendly option.",Generation failed,BAAI/bge-small-en-v1.5,mistralai/Mistral-7B-Instruct-v0.2,3,0.7,0.95,50,512,0.0,0.0,0.0,0.0,0.0,0.0,0.0,0.0,0.0,0.0,0.0,0.0,0.011059463843703269,0.001105946384370327,17,0.010832071304321289,0.06643128395080566,0.7153782844543457,0.7926416397094727,0.7594654560089111
96,2025-12-05 06:34:33,Suggest me some good long lasting headphones,"The boAt Bassheads 100 in-ear wired earphones are recommended for longevity, featuring a premium coated wire for sturdiness and a 1-year warranty. They have a 4.1-star rating from over 360,000 reviews and cost between ₹349-₹379.",Generation failed,BAAI/bge-small-en-v1.5,mistralai/Mistral-7B-Instruct-v0.2,3,0.7,0.95,50,512,0.0,0.0,0.0,0.0,0.0,0.0,0.0,0.0,0.0,0.0,0.0,0.0,-0.00804773001000285,-0.0008047730010002851,17,0.012535810470581055,0.06089377403259277,0.6974842548370361,0.77091383934021,0.7121245265007019
97,2025-12-05 06:34:34,Recommend a good fast charging USB-C cable under 300 rupees,"The boAt A400 at ₹299 is recommended, supporting 24W-25W fast charging and having a slightly higher customer rating. For a tighter budget, the pTron Solero TB301 at ₹149 supports 15W fast charging.",Generation failed,BAAI/bge-small-en-v1.5,mistralai/Mistral-7B-Instruct-v0.2,5,0.3,0.85,30,512,0.0,0.0,0.0,0.0,0.0,0.0,0.0,0.0,0.0,0.0,0.0,0.046522870659828186,-0.021134329363703724,0.0071911411955952655,17,0.012830972671508789,0.10201025009155273,0.6769917011260986,0.7918329238891602,0.8039780855178833
98,2025-12-05 06:34:34,Which cable has the highest rating and supports 60W charging?,"The Belkin USB-C to USB-C Fast Charging Cable (60W PD) is the best match, offering a strong 4.5-star rating along with full 60W fast-charging support.",Generation failed,BAAI/bge-small-en-v1.5,mistralai/Mistral-7B-Instruct-v0.2,5,0.3,0.85,30,512,0.0,0.0,0.0,0.0,0.0,0.0,0.0,0.0,0.0,0.0,0.0,0.0,-0.04488056138157844,-0.004488056138157844,17,0.010633707046508789,0.08456873893737793,0.7063899040222168,0.8015923500061035,0.7381583452224731
99,2025-12-05 06:34:35,What is the best iPhone lightning cable in the list?,"For super-fast charging with a USB-C adapter, the Belkin Lightning to USB-C is best. For a reliable and durable standard cable with a good warranty, the Duracell USB-A to Lightning is a great choice. The Hi-Mobiler is the most budget-friendly option.",Generation failed,BAAI/bge-small-en-v1.5,mistralai/Mistral-7B-Instruct-v0.2,5,0.3,0.85,30,512,0.0,0.0,0.0,0.0,0.0,0.0,0.0,0.0,0.0,0.0,0.0,0.0,0.011059463843703269,0.001105946384370327,17,0.010640859603881836,0.07868194580078125,0.6700637340545654,0.7593865394592285,0.7582789063453674
100,2025-12-05 06:34:36,Suggest me some good long lasting headphones,"The boAt Bassheads 100 in-ear wired earphones are recommended for longevity, featuring a premium coated wire for sturdiness and a 1-year warranty. They have a 4.1-star rating from over 360,000 reviews and cost between ₹349-₹379.",Generation failed,BAAI/bge-small-en-v1.5,mistralai/Mistral-7B-Instruct-v0.2,5,0.3,0.85,30,512,0.0,0.0,0.0,0.0,0.0,0.0,0.0,0.0,0.0,0.0,0.0,0.0,-0.00804773001000285,-0.0008047730010002851,17,0.010716915130615234,0.08983683586120605,0.6680848598480225,0.7686386108398438,0.7056768536567688
101,2025-12-05 06:34:37,Recommend a good fast charging USB-C cable under 300 rupees,"The boAt A400 at ₹299 is recommended, supporting 24W-25W fast charging and having a slightly higher customer rating. For a tighter budget, the pTron Solero TB301 at ₹149 supports 15W fast charging.",Generation failed,BAAI/bge-small-en-v1.5,mistralai/Mistral-7B-Instruct-v0.2,5,0.3,0.85,50,512,0.0,0.0,0.0,0.0,0.0,0.0,0.0,0.0,0.0,0.0,0.0,0.046522870659828186,-0.021134329363703724,0.0071911411955952655,17,0.010972023010253906,0.09379315376281738,0.6889562606811523,0.7937214374542236,0.8039780855178833
102,2025-12-05 06:34:37,Which cable has the highest rating and supports 60W charging?,"The Belkin USB-C to USB-C Fast Charging Cable (60W PD) is the best match, offering a strong 4.5-star rating along with full 60W fast-charging support.",Generation failed,BAAI/bge-small-en-v1.5,mistralai/Mistral-7B-Instruct-v0.2,5,0.3,0.85,50,512,0.0,0.0,0.0,0.0,0.0,0.0,0.0,0.0,0.0,0.0,0.0,0.0,-0.04488056138157844,-0.004488056138157844,17,0.010697603225708008,0.09508252143859863,0.6732304096221924,0.779010534286499,0.7381583452224731
103,2025-12-05 06:34:39,What is the best iPhone lightning cable in the list?,"For super-fast charging with a USB-C adapter, the Belkin Lightning to USB-C is best. For a reliable and durable standard cable with a good warranty, the Duracell USB-A to Lightning is a great choice. The Hi-Mobiler is the most budget-friendly option.",Generation failed,BAAI/bge-small-en-v1.5,mistralai/Mistral-7B-Instruct-v0.2,5,0.3,0.85,50,512,0.0,0.0,0.0,0.0,0.0,0.0,0.0,0.0,0.805410623550415,0.8400316834449768,0.7735302448272705,0.0,0.011059463843703269,0.2024586022719741,17,0.010778665542602539,0.0917212963104248,1.6272988319396973,1.7297987937927246,0.7582789063453674
104,2025-12-05 06:35:26,Suggest me some good long lasting headphones,"The boAt Bassheads 100 in-ear wired earphones are recommended for longevity, featuring a premium coated wire for sturdiness and a 1-year warranty. They have a 4.1-star rating from over 360,000 reviews and cost between ₹349-₹379.","Based on the reviews and product information, the boAt Rockerz 450 Bluetooth On Ear Headphones with Mic are a great option for long-lasting use. They have a massive battery backup of up to 15 hours, comfortable padded earcushions, and a durable design. Additionally, they offer dual modes of connecti",BAAI/bge-small-en-v1.5,mistralai/Mistral-7B-Instruct-v0.2,5,0.3,0.85,50,512,0.2087912087912088,0.1347517730496454,0.4634146341463415,0.15384615384615388,0.09929078014184398,0.34146341463414637,0.05058875220783639,0.2665999195377076,0.8451951742172241,0.8425258994102478,0.8478813767433167,0.6174924373626709,0.9098859965801238,0.5070984801000287,831,0.011011600494384766,45.434974193573,0.9243762493133545,46.37036204338074,0.7056768536567688
105,2025-12-05 06:36:12,Recommend a good fast charging USB-C cable under 300 rupees,"The boAt A400 at ₹299 is recommended, supporting 24W-25W fast charging and having a slightly higher customer rating. For a tighter budget, the pTron Solero TB301 at ₹149 supports 15W fast charging.","Based on the product information provided, the Belkin USB C to USB-C Fast Charging Type C Cable is a good option under ₹300. It supports fast charging up to 50W and has a 2-year manufacturing warranty. Additionally, it is USB-IF certified and has a solid build quality. The cable is also flexible and",BAAI/bge-small-en-v1.5,mistralai/Mistral-7B-Instruct-v0.2,5,0.3,0.95,30,512,0.17894736842105266,0.10828025477707007,0.5151515151515151,0.16842105263157897,0.10191082802547771,0.48484848484848486,0.03048636630996634,0.3475274492168277,0.8608661890029907,0.832745373249054,0.8909526467323303,0.6103476285934448,0.7958531379699707,0.5067859828852177,866,0.011121511459350586,45.58373832702637,0.940676212310791,46.53553605079651,0.8039780855178833
106,2025-12-05 06:36:46,Which cable has the highest rating and supports 60W charging?,"The Belkin USB-C to USB-C Fast Charging Cable (60W PD) is the best match, offering a strong 4.5-star rating along with full 60W fast-charging support.","Based on the product information provided, the Belkin USB C to USB-C Fast Charging Type C Cable has a higher rating of 4.5 ⭐ (577 reviews) compared to the other cables mentioned. However, it's important to note that according to some user reviews, the Belkin cable only supports up to 15W charging, n",BAAI/bge-small-en-v1.5,mistralai/Mistral-7B-Instruct-v0.2,5,0.3,0.95,30,512,0.3486238532110092,0.24050632911392406,0.6333333333333333,0.27522935779816515,0.189873417721519,0.5,0.03717243956327134,0.2985160423078284,0.8860900402069092,0.863445520401001,0.909954309463501,0.8535680770874023,0.8065327465534209,0.5837693715279687,450,0.011171817779541016,32.63273215293884,0.9022848606109619,33.546188831329346,0.7381583452224731
107,2025-12-05 06:37:47,What is the best iPhone lightning cable in the list?,"For super-fast charging with a USB-C adapter, the Belkin Lightning to USB-C is best. For a reliable and durable standard cable with a good warranty, the Duracell USB-A to Lightning is a great choice. The Hi-Mobiler is the most budget-friendly option.","Based on the product information provided, all the listed cables are Apple MFi certified and offer fast charging and data transfer capabilities. However, if we consider the additional features and customer reviews, the following cables stand out:

1. Hi-Mobiler iPhone Charger Lightning Cable: This c",BAAI/bge-small-en-v1.5,mistralai/Mistral-7B-Instruct-v0.2,5,0.3,0.95,30,512,0.24354243542435425,0.14732142857142858,0.7021276595744681,0.14760147601476015,0.08928571428571429,0.425531914893617,0.008731161899155501,0.25037936267071326,0.8524050116539001,0.8216590881347656,0.8855413198471069,0.7199834585189819,0.8880706608295441,0.5234494224346599,1402,0.011040925979614258,59.9937469959259,0.9777746200561523,60.98256254196167,0.7582789063453674
108,2025-12-05 06:38:40,Suggest me some good long lasting headphones,"The boAt Bassheads 100 in-ear wired earphones are recommended for longevity, featuring a premium coated wire for sturdiness and a 1-year warranty. They have a 4.1-star rating from over 360,000 reviews and cost between ₹349-₹379.","Based on the reviews and product information provided, the boAt Rockerz 450 Bluetooth On Ear Headphones with Mic are a great option for long-lasting use. They offer a massive battery backup of up to 15 hours, and their 40mm dynamic drivers help deliver immersive HD audio all day long. Additionally, ",BAAI/bge-small-en-v1.5,mistralai/Mistral-7B-Instruct-v0.2,5,0.3,0.95,30,512,0.21198156682027652,0.13068181818181818,0.5609756097560976,0.13824884792626727,0.08522727272727272,0.36585365853658536,0.03636604334495268,0.3312066792690611,0.8410434722900391,0.8337850570678711,0.8484293222427368,0.7659547328948975,0.8811060905456543,0.5399030714055635,1055,0.010956287384033203,52.23704552650452,0.9656946659088135,53.21369647979736,0.7056768536567688
109,2025-12-05 06:39:21,Recommend a good fast charging USB-C cable under 300 rupees,"The boAt A400 at ₹299 is recommended, supporting 24W-25W fast charging and having a slightly higher customer rating. For a tighter budget, the pTron Solero TB301 at ₹149 supports 15W fast charging.","Based on the available options, the Belkin USB C to USB-C Fast Charging Type C Cable is a good choice under ₹300. It supports fast charging up to 50W and has a 2-year manufacturing warranty. Additionally, it is USB-IF certified, ensuring a great experience on any device. The cable is also tested to ",BAAI/bge-small-en-v1.5,mistralai/Mistral-7B-Instruct-v0.2,5,0.3,0.95,50,512,0.20915032679738563,0.13333333333333333,0.48484848484848486,0.196078431372549,0.125,0.45454545454545453,0.0307936804765744,0.36921013702697036,0.860444962978363,0.8334328532218933,0.8892666697502136,0.5603457689285278,0.8606623649597167,0.5122303954449645,631,0.011541366577148438,40.6769437789917,0.9326837062835693,41.62116885185242,0.8039780855178833
110,2025-12-05 06:39:59,Which cable has the highest rating and supports 60W charging?,"The Belkin USB-C to USB-C Fast Charging Cable (60W PD) is the best match, offering a strong 4.5-star rating along with full 60W fast-charging support.","Based on the given product information, the Belkin USB C to USB-C Fast Charging Type C Cable has a higher rating of 4.5 ⭐ (577 reviews) compared to the other cables mentioned. However, there is a discrepancy regarding its 60W charging support as per the Belkin product page and the user reviews. The ",BAAI/bge-small-en-v1.5,mistralai/Mistral-7B-Instruct-v0.2,5,0.3,0.95,50,512,0.3252032520325203,0.21505376344086022,0.6666666666666666,0.2601626016260163,0.17204301075268819,0.5333333333333333,0.03317553702593067,0.30256060036371735,0.8788323402404785,0.850523829460144,0.909089982509613,0.8426874279975891,0.8354991137981413,0.5790337111624559,531,0.011034488677978516,36.811055183410645,0.919886589050293,37.741976261138916,0.7381583452224731
111,2025-12-05 06:41:06,What is the best iPhone lightning cable in the list?,"For super-fast charging with a USB-C adapter, the Belkin Lightning to USB-C is best. For a reliable and durable standard cable with a good warranty, the Duracell USB-A to Lightning is a great choice. The Hi-Mobiler is the most budget-friendly option.","Based on the product information provided, all the cables in the list are Apple MFi certified and offer fast charging capabilities. However, some cables offer additional features such as longer lifespan due to high bend and plugging/unplugging tests, tangle-free braiding, and faster data transmissio",BAAI/bge-small-en-v1.5,mistralai/Mistral-7B-Instruct-v0.2,5,0.3,0.95,50,512,0.2642857142857143,0.15879828326180256,0.7872340425531915,0.15714285714285714,0.0944206008583691,0.46808510638297873,0.00830835883990451,0.3057419057848703,0.8462279438972473,0.8113353252410889,0.8842566013336182,0.7221001386642456,0.8540790617465972,0.5302198987763989,1424,0.010933876037597656,66.11262106895447,1.007298231124878,67.13085317611694,0.7582789063453674
112,2025-12-05 06:42:13,Suggest me some good long lasting headphones,"The boAt Bassheads 100 in-ear wired earphones are recommended for longevity, featuring a premium coated wire for sturdiness and a 1-year warranty. They have a 4.1-star rating from over 360,000 reviews and cost between ₹349-₹379.","Based on the user's query for long-lasting headphones, I would recommend the boAt Rockerz 450 Bluetooth On Ear Headphones. These headphones have a massive battery backup of up to 15 hours, ensuring long playback time. Additionally, they have 40mm dynamic drivers that help deliver immersive HD audio ",BAAI/bge-small-en-v1.5,mistralai/Mistral-7B-Instruct-v0.2,5,0.3,0.95,50,512,0.1758241758241758,0.10344827586206896,0.5853658536585366,0.1391941391941392,0.08189655172413793,0.4634146341463415,0.03656566932645231,0.2991700680272109,0.8367425799369812,0.8281856179237366,0.8454781770706177,0.7021333575248718,0.87264866232872,0.51691109136065,1427,0.010909080505371094,65.95151090621948,0.9879622459411621,66.95038223266602,0.7056768536567688
113,2025-12-05 06:43:04,Recommend a good fast charging USB-C cable under 300 rupees,"The boAt A400 at ₹299 is recommended, supporting 24W-25W fast charging and having a slightly higher customer rating. For a tighter budget, the pTron Solero TB301 at ₹149 supports 15W fast charging.","Based on the product information provided, the Belkin USB C to USB-C Fast Charging Type C Cable is a good option that fits your budget. It supports fast charging with up to 50% charge in around 36 minutes, has a solid build quality, and is USB-IF certified for a great user experience on any device. ",BAAI/bge-small-en-v1.5,mistralai/Mistral-7B-Instruct-v0.2,5,0.7,0.85,30,512,0.17924528301886794,0.10614525139664804,0.5757575757575758,0.16037735849056603,0.09497206703910614,0.5151515151515151,0.021399967453814766,0.33053402239448754,0.8550722002983093,0.8288619518280029,0.8829942941665649,0.5895534753799438,0.8558013558387756,0.5029412449899417,997,0.011136293411254883,49.69437527656555,0.9602749347686768,50.66578650474548,0.8039780855178833
114,2025-12-05 06:43:42,Which cable has the highest rating and supports 60W charging?,"The Belkin USB-C to USB-C Fast Charging Cable (60W PD) is the best match, offering a strong 4.5-star rating along with full 60W fast-charging support.","Based on the given context, the Belkin USB C to USB-C Fast Charging Type C Cable with a rating of 4.5 ⭐ (577 reviews) and supports 60W charging according to the product description and Belkin support in the Q/A section. However, it is important to note that there seems to be some confusion regarding",BAAI/bge-small-en-v1.5,mistralai/Mistral-7B-Instruct-v0.2,5,0.7,0.85,30,512,0.30769230769230765,0.2,0.6666666666666666,0.24615384615384614,0.16,0.5333333333333333,0.030397735989186426,0.3104959239130436,0.876927375793457,0.8479975461959839,0.907900869846344,0.8451762199401855,0.7959319949150085,0.5728590649983929,546,0.011118888854980469,37.42568039894104,0.9116044044494629,38.34840369224548,0.7381583452224731
115,2025-12-05 06:44:27,What is the best iPhone lightning cable in the list?,"For super-fast charging with a USB-C adapter, the Belkin Lightning to USB-C is best. For a reliable and durable standard cable with a good warranty, the Duracell USB-A to Lightning is a great choice. The Hi-Mobiler is the most budget-friendly option.","Based on the information provided, all the cables in the list are Apple MFi certified and have good reviews. However, if you're looking for a fast charging cable, the Belkin Apple Certified Lightning To Type C Cable is a good option as it supports USB Power Delivery and can charge an iPhone up to 50",BAAI/bge-small-en-v1.5,mistralai/Mistral-7B-Instruct-v0.2,5,0.7,0.85,30,512,0.39766081871345027,0.27419354838709675,0.723404255319149,0.24561403508771928,0.1693548387096774,0.44680851063829785,0.027872621643124616,0.31078610603290674,0.8698903918266296,0.8418376445770264,0.8998772501945496,0.7088725566864014,0.7957497477531432,0.5525547475186174,688,0.01097726821899414,43.86336541175842,0.9221317768096924,44.79647445678711,0.7582789063453674
116,2025-12-05 06:45:06,Suggest me some good long lasting headphones,"The boAt Bassheads 100 in-ear wired earphones are recommended for longevity, featuring a premium coated wire for sturdiness and a 1-year warranty. They have a 4.1-star rating from over 360,000 reviews and cost between ₹349-₹379.","Based on the reviews you provided, the boAt Rockerz 450 Bluetooth On Ear Headphones seem to be a good choice for long-lasting usage. Users have reported that the battery backup lasts for up to 15 hours, and the headphones have been working well even after a year or more of use, despite some issues w",BAAI/bge-small-en-v1.5,mistralai/Mistral-7B-Instruct-v0.2,5,0.7,0.85,30,512,0.21739130434782608,0.15463917525773196,0.36585365853658536,0.14492753623188406,0.10309278350515463,0.24390243902439024,0.006966991964046455,0.17937219730941703,0.8479976654052734,0.8505160808563232,0.8454941511154175,0.578833818435669,0.5387760579586028,0.44547819868510063,553,0.01099395751953125,38.37888169288635,0.9122538566589355,39.30212950706482,0.7056768536567688
117,2025-12-05 06:45:49,Recommend a good fast charging USB-C cable under 300 rupees,"The boAt A400 at ₹299 is recommended, supporting 24W-25W fast charging and having a slightly higher customer rating. For a tighter budget, the pTron Solero TB301 at ₹149 supports 15W fast charging.","Based on the product information provided, the Belkin USB C to USB-C Fast Charging Type C Cable is a good option under ₹300. It supports fast charging up to 50W and has a 2-year manufacturing warranty. It is also USB-IF certified for a great user experience on any device. Additionally, it is built w",BAAI/bge-small-en-v1.5,mistralai/Mistral-7B-Instruct-v0.2,5,0.7,0.85,50,512,0.1987577639751553,0.125,0.48484848484848486,0.18633540372670807,0.1171875,0.45454545454545453,0.03454504786311462,0.3453227571115974,0.8612622022628784,0.8345935940742493,0.8896913528442383,0.5973995923995972,0.809809899330139,0.5095386941018905,698,0.011239767074584961,41.254862785339355,0.9462769031524658,42.212379455566406,0.8039780855178833
118,2025-12-05 06:46:31,Which cable has the highest rating and supports 60W charging?,"The Belkin USB-C to USB-C Fast Charging Cable (60W PD) is the best match, offering a strong 4.5-star rating along with full 60W fast-charging support.","Based on the provided product information, the Belkin USB C to USB-C Fast Charging Type C Cable supports 60W charging and has a higher rating of 4.5 ⭐ (577 reviews) compared to the other cables mentioned. However, it's important to note that the Belkin product page and customer reviews suggest that ",BAAI/bge-small-en-v1.5,mistralai/Mistral-7B-Instruct-v0.2,5,0.7,0.85,50,512,0.27814569536423844,0.17355371900826447,0.7,0.23841059602649003,0.1487603305785124,0.6,0.026246679866787175,0.24358974358974358,0.8728013634681702,0.8415799140930176,0.9064286351203918,0.832716166973114,0.7942442059516907,0.5549867535210475,698,0.011148691177368164,41.6052668094635,0.9224257469177246,42.538841247558594,0.7381583452224731
119,2025-12-05 06:47:20,What is the best iPhone lightning cable in the list?,"For super-fast charging with a USB-C adapter, the Belkin Lightning to USB-C is best. For a reliable and durable standard cable with a good warranty, the Duracell USB-A to Lightning is a great choice. The Hi-Mobiler is the most budget-friendly option.","All the listed cables are Apple MFi certified and offer fast charging and data transfer capabilities. However, the Belkin Apple Certified Lightning To Type C Cable stands out due to its fast charging speed, ability to charge an iPhone up to 50% in 30 minutes when paired with an 18W or higher USB-C p",BAAI/bge-small-en-v1.5,mistralai/Mistral-7B-Instruct-v0.2,5,0.7,0.85,50,512,0.3036649214659686,0.2013888888888889,0.6170212765957447,0.18848167539267016,0.125,0.3829787234042553,0.01808454063038345,0.25483304042179267,0.8560301661491394,0.8315157890319824,0.8820338249206543,0.7439961433410645,0.8248074889183044,0.5345355889094994,852,0.01102304458618164,48.258671283721924,0.9313995838165283,49.201093912124634,0.7582789063453674
120,2025-12-05 06:48:16,Suggest me some good long lasting headphones,"The boAt Bassheads 100 in-ear wired earphones are recommended for longevity, featuring a premium coated wire for sturdiness and a 1-year warranty. They have a 4.1-star rating from over 360,000 reviews and cost between ₹349-₹379.","Based on customer reviews and product information, the boAt Rockerz 450 Bluetooth On Ear Headphones with Mic are a great option for long-lasting use. They offer a massive battery backup of up to 15 hours, comfortable padded earcushions, and a lightweight design. Additionally, they have 40mm dynamic ",BAAI/bge-small-en-v1.5,mistralai/Mistral-7B-Instruct-v0.2,5,0.7,0.85,50,512,0.1965811965811966,0.11917098445595854,0.5609756097560976,0.13675213675213677,0.08290155440414508,0.3902439024390244,0.014248411071986915,0.3095382133494656,0.8410598635673523,0.8328173160552979,0.8494671583175659,0.7051082849502563,0.8885091304779051,0.5213264423726318,1169,0.011069774627685547,54.95021915435791,0.9512348175048828,55.91252374649048,0.7056768536567688
121,2025-12-05 06:48:53,Recommend a good fast charging USB-C cable under 300 rupees,"The boAt A400 at ₹299 is recommended, supporting 24W-25W fast charging and having a slightly higher customer rating. For a tighter budget, the pTron Solero TB301 at ₹149 supports 15W fast charging.","Based on the product information you've provided, I would recommend the boAt A400 USB Type-C to USB-A 2.0 Male Data Cable. It supports fast charging up to 3A and has a data sync speed of up to 480 mbps. The cable is reversible and is made of high-density premium nylon braiding for added durability. ",BAAI/bge-small-en-v1.5,mistralai/Mistral-7B-Instruct-v0.2,5,0.7,0.95,30,512,0.23529411764705882,0.1553398058252427,0.48484848484848486,0.16176470588235292,0.10679611650485436,0.3333333333333333,0.015062323709895686,0.27743500500975593,0.851286768913269,0.8301827311515808,0.873491644859314,0.5691704750061035,0.7690950989723205,0.4863926626021642,554,0.011174201965332031,35.70453715324402,0.9376358985900879,36.65334725379944,0.8039780855178833
122,2025-12-05 06:49:29,Which cable has the highest rating and supports 60W charging?,"The Belkin USB-C to USB-C Fast Charging Cable (60W PD) is the best match, offering a strong 4.5-star rating along with full 60W fast-charging support.","Based on the given product information, the Belkin USB C to USB-C Fast Charging Type C Cable with a rating of 4.5 ⭐ (577 reviews) is the cable with the highest rating. However, it's important to note that according to some user reviews, the Belkin cable only supports up to 15W charging, not 60W as m",BAAI/bge-small-en-v1.5,mistralai/Mistral-7B-Instruct-v0.2,5,0.7,0.95,30,512,0.3620689655172414,0.2441860465116279,0.7,0.27586206896551724,0.18604651162790697,0.5333333333333333,0.04382590929829648,0.3704021291056106,0.8870940208435059,0.8631672859191895,0.9123850464820862,0.8875003457069397,0.808027732372284,0.60381236133344,482,0.012632608413696289,34.881646156311035,0.9020051956176758,35.79628396034241,0.7381583452224731
123,2025-12-05 06:50:28,What is the best iPhone lightning cable in the list?,"For super-fast charging with a USB-C adapter, the Belkin Lightning to USB-C is best. For a reliable and durable standard cable with a good warranty, the Duracell USB-A to Lightning is a great choice. The Hi-Mobiler is the most budget-friendly option.","Based on the product information provided, all the listed iPhone lightning cables are MFi certified, meaning they are designed to work flawlessly with Apple devices. However, if we consider additional factors such as fast charging, durability, and value for money, the following cables stand out:

1.",BAAI/bge-small-en-v1.5,mistralai/Mistral-7B-Instruct-v0.2,5,0.7,0.95,30,512,0.27530364372469635,0.17,0.723404255319149,0.16194331983805668,0.1,0.425531914893617,0.00815239708504686,0.26813880126182965,0.8567267060279846,0.8243436217308044,0.891758143901825,0.7079493999481201,0.8678980112075805,0.5273221138714327,1249,0.011030912399291992,58.68294310569763,0.9444444179534912,59.638418436050415,0.7582789063453674
124,2025-12-05 06:51:22,Suggest me some good long lasting headphones,"The boAt Bassheads 100 in-ear wired earphones are recommended for longevity, featuring a premium coated wire for sturdiness and a 1-year warranty. They have a 4.1-star rating from over 360,000 reviews and cost between ₹349-₹379.","Based on the reviews and product information, the boAt Rockerz 450 Bluetooth On Ear Headphones with Mic are a great option for long-lasting use. With a battery backup of up to 15 hours, these headphones provide an impressive playtime. Additionally, they have been ergonomically designed for user comf",BAAI/bge-small-en-v1.5,mistralai/Mistral-7B-Instruct-v0.2,5,0.7,0.95,30,512,0.22535211267605632,0.13953488372093023,0.5853658536585366,0.1596244131455399,0.09883720930232558,0.4146341463414634,0.044181751579463954,0.34504793392819205,0.8453075289726257,0.8417615294456482,0.8488835096359253,0.7268639206886292,0.9025914371013641,0.5416318279203535,1011,0.010709047317504883,53.144567251205444,0.9532675743103027,54.10854387283325,0.7056768536567688
125,2025-12-05 06:52:12,Recommend a good fast charging USB-C cable under 300 rupees,"The boAt A400 at ₹299 is recommended, supporting 24W-25W fast charging and having a slightly higher customer rating. For a tighter budget, the pTron Solero TB301 at ₹149 supports 15W fast charging.","Based on the product information provided, the Belkin USB C to USB-C Fast Charging Type C Cable is a good option for fast charging under a budget of ₹300. It is currently priced at ₹599 but is on sale for ₹29% off, bringing the price down to ₹442.61, well within the budget. This cable supports fast ",BAAI/bge-small-en-v1.5,mistralai/Mistral-7B-Instruct-v0.2,5,0.7,0.95,50,512,0.20202020202020202,0.12121212121212122,0.6060606060606061,0.19191919191919193,0.11515151515151516,0.5757575757575758,0.023735680249278527,0.33095582329317275,0.8579202890396118,0.8321282267570496,0.8853622674942017,0.6312734484672546,0.8587442636489868,0.5180200692310958,896,0.011290311813354492,48.14076328277588,0.9625747203826904,49.114628314971924,0.8039780855178833
126,2025-12-05 06:52:53,Which cable has the highest rating and supports 60W charging?,"The Belkin USB-C to USB-C Fast Charging Cable (60W PD) is the best match, offering a strong 4.5-star rating along with full 60W fast-charging support.","Based on the product information provided, the Belkin USB C to USB-C Fast Charging Type C Cable has a higher rating of 4.5 ⭐ (577 reviews) compared to the other cables mentioned. However, there seems to be some confusion regarding its 60W charging support as per the Belkin product page and the user ",BAAI/bge-small-en-v1.5,mistralai/Mistral-7B-Instruct-v0.2,5,0.7,0.95,50,512,0.273972602739726,0.1724137931034483,0.6666666666666666,0.21917808219178084,0.13793103448275862,0.5333333333333333,0.02589429552521971,0.2952519379844962,0.8779340386390686,0.8496310710906982,0.9081876277923584,0.8406643867492676,0.8387188553810119,0.5676805612910689,656,0.010916709899902344,40.38802742958069,0.9371170997619629,41.336061239242554,0.7381583452224731
127,2025-12-05 06:54:07,What is the best iPhone lightning cable in the list?,"For super-fast charging with a USB-C adapter, the Belkin Lightning to USB-C is best. For a reliable and durable standard cable with a good warranty, the Duracell USB-A to Lightning is a great choice. The Hi-Mobiler is the most budget-friendly option.","Based on the given information, all the listed products are Apple MFi certified iPhone lightning cables, and they offer features such as fast charging, data transfer, and durability. However, to determine the best iPhone lightning cable from the list, we need to consider additional factors like cust",BAAI/bge-small-en-v1.5,mistralai/Mistral-7B-Instruct-v0.2,5,0.7,0.95,50,512,0.23492063492063495,0.13805970149253732,0.7872340425531915,0.15238095238095237,0.08955223880597014,0.5106382978723404,0.012203854691468874,0.2611232922921235,0.8407197594642639,0.8038864135742188,0.881090521812439,0.7337872982025146,0.8608246684074401,0.5221389043904371,1649,0.014266490936279297,72.72668266296387,0.9997467994689941,73.74069595336914,0.7582789063453674
128,2025-12-05 06:55:01,Suggest me some good long lasting headphones,"The boAt Bassheads 100 in-ear wired earphones are recommended for longevity, featuring a premium coated wire for sturdiness and a 1-year warranty. They have a 4.1-star rating from over 360,000 reviews and cost between ₹349-₹379.","Based on the reviews and product information, the boAt Rockerz 450 Bluetooth On Ear Headphones with Mic stand out for their long battery life of up to 15 hours, making them a great choice for long-lasting use. Additionally, the headphones have comfortable padded earcushions, easy access controls, an",BAAI/bge-small-en-v1.5,mistralai/Mistral-7B-Instruct-v0.2,5,0.7,0.95,50,512,0.21524663677130046,0.13186813186813187,0.5853658536585366,0.14349775784753366,0.08791208791208792,0.3902439024390244,0.015243807130625321,0.3046506469500925,0.8462285399436951,0.8384859561920166,0.8541154265403748,0.7386898994445801,0.8920899868011474,0.5316005307724143,1105,0.010906219482421875,53.42662310600281,0.9567453861236572,54.39427471160889,0.7056768536567688
129,2025-12-05 06:55:27,Recommend a good fast charging USB-C cable under 300 rupees,"The boAt A400 at ₹299 is recommended, supporting 24W-25W fast charging and having a slightly higher customer rating. For a tighter budget, the pTron Solero TB301 at ₹149 supports 15W fast charging.",,BAAI/bge-small-en-v1.5,google/flan-t5-base,3,0.3,0.85,30,512,0.0,0.0,0.0,0.0,0.0,0.0,0.0,0.0,0.0,0.0,0.0,0.0,0.013854145761579274,0.0013854145761579275,0,0.013788223266601562,0.5262389183044434,0.8762824535369873,1.4163095951080322,0.8060670495033264
130,2025-12-05 06:55:28,Which cable has the highest rating and supports 60W charging?,"The Belkin USB-C to USB-C Fast Charging Cable (60W PD) is the best match, offering a strong 4.5-star rating along with full 60W fast-charging support.",,BAAI/bge-small-en-v1.5,google/flan-t5-base,3,0.3,0.85,30,512,0.0,0.0,0.0,0.0,0.0,0.0,0.0,0.0,0.0,0.0,0.0,0.019969919696450233,0.0011378281377255914,0.004107766753062607,0,0.011049985885620117,0.36501145362854004,0.9369277954101562,1.3129892349243164,0.745629072189331
131,2025-12-05 06:55:29,What is the best iPhone lightning cable in the list?,"For super-fast charging with a USB-C adapter, the Belkin Lightning to USB-C is best. For a reliable and durable standard cable with a good warranty, the Duracell USB-A to Lightning is a great choice. The Hi-Mobiler is the most budget-friendly option.",,BAAI/bge-small-en-v1.5,google/flan-t5-base,3,0.3,0.85,30,512,0.0,0.0,0.0,0.0,0.0,0.0,0.0,0.0,0.0,0.0,0.0,0.050834350287914276,-0.01448565389961004,0.008718304667621853,0,0.010884761810302734,0.350266695022583,0.889091968536377,1.2502434253692627,0.7594654560089111
132,2025-12-05 06:55:31,Suggest me some good long lasting headphones,"The boAt Bassheads 100 in-ear wired earphones are recommended for longevity, featuring a premium coated wire for sturdiness and a 1-year warranty. They have a 4.1-star rating from over 360,000 reviews and cost between ₹349-₹379.",,BAAI/bge-small-en-v1.5,google/flan-t5-base,3,0.3,0.85,30,512,0.0,0.0,0.0,0.0,0.0,0.0,0.0,0.0,0.0,0.0,0.0,0.0,0.01977839149534702,0.0019778391495347022,0,0.011617183685302734,0.337465763092041,0.868600606918335,1.2176835536956787,0.7121245265007019
133,2025-12-05 06:55:32,Recommend a good fast charging USB-C cable under 300 rupees,"The boAt A400 at ₹299 is recommended, supporting 24W-25W fast charging and having a slightly higher customer rating. For a tighter budget, the pTron Solero TB301 at ₹149 supports 15W fast charging.",,BAAI/bge-small-en-v1.5,google/flan-t5-base,3,0.3,0.85,50,512,0.0,0.0,0.0,0.0,0.0,0.0,0.0,0.0,0.0,0.0,0.0,0.0,0.013854145761579274,0.0013854145761579275,0,0.011271476745605469,0.282808780670166,0.8892898559570312,1.1833701133728027,0.8060670495033264
134,2025-12-05 06:55:33,Which cable has the highest rating and supports 60W charging?,"The Belkin USB-C to USB-C Fast Charging Cable (60W PD) is the best match, offering a strong 4.5-star rating along with full 60W fast-charging support.",,BAAI/bge-small-en-v1.5,google/flan-t5-base,3,0.3,0.85,50,512,0.0,0.0,0.0,0.0,0.0,0.0,0.0,0.0,0.0,0.0,0.0,0.019969919696450233,0.0011378281377255914,0.004107766753062607,0,0.010906457901000977,0.36440300941467285,0.8811118602752686,1.2564213275909424,0.745629072189331
135,2025-12-05 06:55:34,What is the best iPhone lightning cable in the list?,"For super-fast charging with a USB-C adapter, the Belkin Lightning to USB-C is best. For a reliable and durable standard cable with a good warranty, the Duracell USB-A to Lightning is a great choice. The Hi-Mobiler is the most budget-friendly option.",,BAAI/bge-small-en-v1.5,google/flan-t5-base,3,0.3,0.85,50,512,0.0,0.0,0.0,0.0,0.0,0.0,0.0,0.0,0.0,0.0,0.0,0.050834350287914276,-0.01448565389961004,0.008718304667621853,0,0.011427879333496094,0.41054701805114746,0.8798713684082031,1.3018462657928467,0.7594654560089111
136,2025-12-05 06:55:36,Suggest me some good long lasting headphones,"The boAt Bassheads 100 in-ear wired earphones are recommended for longevity, featuring a premium coated wire for sturdiness and a 1-year warranty. They have a 4.1-star rating from over 360,000 reviews and cost between ₹349-₹379.",,BAAI/bge-small-en-v1.5,google/flan-t5-base,3,0.3,0.85,50,512,0.0,0.0,0.0,0.0,0.0,0.0,0.0,0.0,0.0,0.0,0.0,0.0,0.01977839149534702,0.0019778391495347022,0,0.010791540145874023,0.3322920799255371,0.8645257949829102,1.2076094150543213,0.7121245265007019
137,2025-12-05 06:55:37,Recommend a good fast charging USB-C cable under 300 rupees,"The boAt A400 at ₹299 is recommended, supporting 24W-25W fast charging and having a slightly higher customer rating. For a tighter budget, the pTron Solero TB301 at ₹149 supports 15W fast charging.",,BAAI/bge-small-en-v1.5,google/flan-t5-base,3,0.3,0.95,30,512,0.0,0.0,0.0,0.0,0.0,0.0,0.0,0.0,0.0,0.0,0.0,0.0,0.013854145761579274,0.0013854145761579275,0,0.01112055778503418,0.3062901496887207,0.9618222713470459,1.2792329788208008,0.8060670495033264
138,2025-12-05 06:55:38,Which cable has the highest rating and supports 60W charging?,"The Belkin USB-C to USB-C Fast Charging Cable (60W PD) is the best match, offering a strong 4.5-star rating along with full 60W fast-charging support.",,BAAI/bge-small-en-v1.5,google/flan-t5-base,3,0.3,0.95,30,512,0.0,0.0,0.0,0.0,0.0,0.0,0.0,0.0,0.0,0.0,0.0,0.019969919696450233,0.0011378281377255914,0.004107766753062607,0,0.011691808700561523,0.36431336402893066,0.897590160369873,1.2735953330993652,0.745629072189331
139,2025-12-05 06:55:39,What is the best iPhone lightning cable in the list?,"For super-fast charging with a USB-C adapter, the Belkin Lightning to USB-C is best. For a reliable and durable standard cable with a good warranty, the Duracell USB-A to Lightning is a great choice. The Hi-Mobiler is the most budget-friendly option.",,BAAI/bge-small-en-v1.5,google/flan-t5-base,3,0.3,0.95,30,512,0.0,0.0,0.0,0.0,0.0,0.0,0.0,0.0,0.0,0.0,0.0,0.050834350287914276,-0.01448565389961004,0.008718304667621853,0,0.011424541473388672,0.3470175266265869,0.8692846298217773,1.227726697921753,0.7594654560089111
140,2025-12-05 06:55:41,Suggest me some good long lasting headphones,"The boAt Bassheads 100 in-ear wired earphones are recommended for longevity, featuring a premium coated wire for sturdiness and a 1-year warranty. They have a 4.1-star rating from over 360,000 reviews and cost between ₹349-₹379.",,BAAI/bge-small-en-v1.5,google/flan-t5-base,3,0.3,0.95,30,512,0.0,0.0,0.0,0.0,0.0,0.0,0.0,0.0,0.0,0.0,0.0,0.0,0.01977839149534702,0.0019778391495347022,0,0.010834932327270508,0.5475292205810547,0.8687376976013184,1.4271018505096436,0.7121245265007019
141,2025-12-05 06:55:42,Recommend a good fast charging USB-C cable under 300 rupees,"The boAt A400 at ₹299 is recommended, supporting 24W-25W fast charging and having a slightly higher customer rating. For a tighter budget, the pTron Solero TB301 at ₹149 supports 15W fast charging.",,BAAI/bge-small-en-v1.5,google/flan-t5-base,3,0.3,0.95,50,512,0.0,0.0,0.0,0.0,0.0,0.0,0.0,0.0,0.0,0.0,0.0,0.0,0.013854145761579274,0.0013854145761579275,0,0.011205911636352539,0.28303098678588867,0.8849258422851562,1.1791627407073975,0.8060670495033264
142,2025-12-05 06:55:43,Which cable has the highest rating and supports 60W charging?,"The Belkin USB-C to USB-C Fast Charging Cable (60W PD) is the best match, offering a strong 4.5-star rating along with full 60W fast-charging support.",,BAAI/bge-small-en-v1.5,google/flan-t5-base,3,0.3,0.95,50,512,0.0,0.0,0.0,0.0,0.0,0.0,0.0,0.0,0.0,0.0,0.0,0.019969919696450233,0.0011378281377255914,0.004107766753062607,0,0.011104106903076172,0.36697840690612793,0.9325990676879883,1.3106815814971924,0.745629072189331
143,2025-12-05 06:55:45,What is the best iPhone lightning cable in the list?,"For super-fast charging with a USB-C adapter, the Belkin Lightning to USB-C is best. For a reliable and durable standard cable with a good warranty, the Duracell USB-A to Lightning is a great choice. The Hi-Mobiler is the most budget-friendly option.",,BAAI/bge-small-en-v1.5,google/flan-t5-base,3,0.3,0.95,50,512,0.0,0.0,0.0,0.0,0.0,0.0,0.0,0.0,0.0,0.0,0.0,0.050834350287914276,-0.01448565389961004,0.008718304667621853,0,0.011529922485351562,0.38874077796936035,0.863518476486206,1.263789176940918,0.7594654560089111
144,2025-12-05 06:55:46,Suggest me some good long lasting headphones,"The boAt Bassheads 100 in-ear wired earphones are recommended for longevity, featuring a premium coated wire for sturdiness and a 1-year warranty. They have a 4.1-star rating from over 360,000 reviews and cost between ₹349-₹379.",,BAAI/bge-small-en-v1.5,google/flan-t5-base,3,0.3,0.95,50,512,0.0,0.0,0.0,0.0,0.0,0.0,0.0,0.0,0.0,0.0,0.0,0.0,0.01977839149534702,0.0019778391495347022,0,0.010813236236572266,0.6914825439453125,0.9084510803222656,1.6107468605041504,0.7121245265007019
145,2025-12-05 06:55:47,Recommend a good fast charging USB-C cable under 300 rupees,"The boAt A400 at ₹299 is recommended, supporting 24W-25W fast charging and having a slightly higher customer rating. For a tighter budget, the pTron Solero TB301 at ₹149 supports 15W fast charging.",,BAAI/bge-small-en-v1.5,google/flan-t5-base,3,0.7,0.85,30,512,0.0,0.0,0.0,0.0,0.0,0.0,0.0,0.0,0.0,0.0,0.0,0.0,0.013854145761579274,0.0013854145761579275,0,0.011103630065917969,0.3250279426574707,0.8740987777709961,1.2102303504943848,0.8060670495033264
146,2025-12-05 06:55:49,Which cable has the highest rating and supports 60W charging?,"The Belkin USB-C to USB-C Fast Charging Cable (60W PD) is the best match, offering a strong 4.5-star rating along with full 60W fast-charging support.",,BAAI/bge-small-en-v1.5,google/flan-t5-base,3,0.7,0.85,30,512,0.0,0.0,0.0,0.0,0.0,0.0,0.0,0.0,0.0,0.0,0.0,0.019969919696450233,0.0011378281377255914,0.004107766753062607,0,0.010992050170898438,0.3612852096557617,1.4726841449737549,1.844961404800415,0.745629072189331
147,2025-12-05 06:55:51,What is the best iPhone lightning cable in the list?,"For super-fast charging with a USB-C adapter, the Belkin Lightning to USB-C is best. For a reliable and durable standard cable with a good warranty, the Duracell USB-A to Lightning is a great choice. The Hi-Mobiler is the most budget-friendly option.",,BAAI/bge-small-en-v1.5,google/flan-t5-base,3,0.7,0.85,30,512,0.0,0.0,0.0,0.0,0.0,0.0,0.0,0.0,0.0,0.0,0.0,0.050834350287914276,-0.01448565389961004,0.008718304667621853,0,0.01069021224975586,0.39047908782958984,0.9026756286621094,1.303844928741455,0.7594654560089111
148,2025-12-05 06:55:52,Suggest me some good long lasting headphones,"The boAt Bassheads 100 in-ear wired earphones are recommended for longevity, featuring a premium coated wire for sturdiness and a 1-year warranty. They have a 4.1-star rating from over 360,000 reviews and cost between ₹349-₹379.",,BAAI/bge-small-en-v1.5,google/flan-t5-base,3,0.7,0.85,30,512,0.0,0.0,0.0,0.0,0.0,0.0,0.0,0.0,0.0,0.0,0.0,0.0,0.01977839149534702,0.0019778391495347022,0,0.010772228240966797,0.3359982967376709,0.8783886432647705,1.2251591682434082,0.7121245265007019
149,2025-12-05 06:55:53,Recommend a good fast charging USB-C cable under 300 rupees,"The boAt A400 at ₹299 is recommended, supporting 24W-25W fast charging and having a slightly higher customer rating. For a tighter budget, the pTron Solero TB301 at ₹149 supports 15W fast charging.",,BAAI/bge-small-en-v1.5,google/flan-t5-base,3,0.7,0.85,50,512,0.0,0.0,0.0,0.0,0.0,0.0,0.0,0.0,0.0,0.0,0.0,0.0,0.013854145761579274,0.0013854145761579275,0,0.01122593879699707,0.3036000728607178,0.8870022296905518,1.2018282413482666,0.8060670495033264
150,2025-12-05 06:55:54,Which cable has the highest rating and supports 60W charging?,"The Belkin USB-C to USB-C Fast Charging Cable (60W PD) is the best match, offering a strong 4.5-star rating along with full 60W fast-charging support.",,BAAI/bge-small-en-v1.5,google/flan-t5-base,3,0.7,0.85,50,512,0.0,0.0,0.0,0.0,0.0,0.0,0.0,0.0,0.0,0.0,0.0,0.019969919696450233,0.0011378281377255914,0.004107766753062607,0,0.011429786682128906,0.36797308921813965,0.9680650234222412,1.3474678993225098,0.745629072189331
151,2025-12-05 06:55:56,What is the best iPhone lightning cable in the list?,"For super-fast charging with a USB-C adapter, the Belkin Lightning to USB-C is best. For a reliable and durable standard cable with a good warranty, the Duracell USB-A to Lightning is a great choice. The Hi-Mobiler is the most budget-friendly option.",,BAAI/bge-small-en-v1.5,google/flan-t5-base,3,0.7,0.85,50,512,0.0,0.0,0.0,0.0,0.0,0.0,0.0,0.0,0.0,0.0,0.0,0.050834350287914276,-0.01448565389961004,0.008718304667621853,0,0.010893106460571289,0.41173243522644043,0.8802919387817383,1.30291748046875,0.7594654560089111
152,2025-12-05 06:55:57,Suggest me some good long lasting headphones,"The boAt Bassheads 100 in-ear wired earphones are recommended for longevity, featuring a premium coated wire for sturdiness and a 1-year warranty. They have a 4.1-star rating from over 360,000 reviews and cost between ₹349-₹379.",,BAAI/bge-small-en-v1.5,google/flan-t5-base,3,0.7,0.85,50,512,0.0,0.0,0.0,0.0,0.0,0.0,0.0,0.0,0.0,0.0,0.0,0.0,0.01977839149534702,0.0019778391495347022,0,0.010972023010253906,0.3584754467010498,0.8948445320129395,1.2642920017242432,0.7121245265007019
153,2025-12-05 06:55:58,Recommend a good fast charging USB-C cable under 300 rupees,"The boAt A400 at ₹299 is recommended, supporting 24W-25W fast charging and having a slightly higher customer rating. For a tighter budget, the pTron Solero TB301 at ₹149 supports 15W fast charging.",,BAAI/bge-small-en-v1.5,google/flan-t5-base,3,0.7,0.95,30,512,0.0,0.0,0.0,0.0,0.0,0.0,0.0,0.0,0.0,0.0,0.0,0.0,0.013854145761579274,0.0013854145761579275,0,0.011193037033081055,0.2866823673248291,0.8836104869842529,1.181485891342163,0.8060670495033264
154,2025-12-05 06:55:59,Which cable has the highest rating and supports 60W charging?,"The Belkin USB-C to USB-C Fast Charging Cable (60W PD) is the best match, offering a strong 4.5-star rating along with full 60W fast-charging support.",,BAAI/bge-small-en-v1.5,google/flan-t5-base,3,0.7,0.95,30,512,0.0,0.0,0.0,0.0,0.0,0.0,0.0,0.0,0.0,0.0,0.0,0.019969919696450233,0.0011378281377255914,0.004107766753062607,0,0.011150598526000977,0.3665602207183838,0.8897619247436523,1.267472743988037,0.745629072189331
155,2025-12-05 06:56:01,What is the best iPhone lightning cable in the list?,"For super-fast charging with a USB-C adapter, the Belkin Lightning to USB-C is best. For a reliable and durable standard cable with a good warranty, the Duracell USB-A to Lightning is a great choice. The Hi-Mobiler is the most budget-friendly option.",,BAAI/bge-small-en-v1.5,google/flan-t5-base,3,0.7,0.95,30,512,0.0,0.0,0.0,0.0,0.0,0.0,0.0,0.0,0.0,0.0,0.0,0.050834350287914276,-0.01448565389961004,0.008718304667621853,0,0.01234292984008789,0.4141838550567627,0.8897430896759033,1.316269874572754,0.7594654560089111
156,2025-12-05 06:56:02,Suggest me some good long lasting headphones,"The boAt Bassheads 100 in-ear wired earphones are recommended for longevity, featuring a premium coated wire for sturdiness and a 1-year warranty. They have a 4.1-star rating from over 360,000 reviews and cost between ₹349-₹379.",,BAAI/bge-small-en-v1.5,google/flan-t5-base,3,0.7,0.95,30,512,0.0,0.0,0.0,0.0,0.0,0.0,0.0,0.0,0.0,0.0,0.0,0.0,0.01977839149534702,0.0019778391495347022,0,0.011063098907470703,0.363908052444458,0.8924300670623779,1.2674012184143066,0.7121245265007019
157,2025-12-05 06:56:04,Recommend a good fast charging USB-C cable under 300 rupees,"The boAt A400 at ₹299 is recommended, supporting 24W-25W fast charging and having a slightly higher customer rating. For a tighter budget, the pTron Solero TB301 at ₹149 supports 15W fast charging.",,BAAI/bge-small-en-v1.5,google/flan-t5-base,3,0.7,0.95,50,512,0.0,0.0,0.0,0.0,0.0,0.0,0.0,0.0,0.0,0.0,0.0,0.0,0.013854145761579274,0.0013854145761579275,0,0.011350154876708984,0.7065374851226807,1.001739501953125,1.7196271419525146,0.8060670495033264
158,2025-12-05 06:56:05,Which cable has the highest rating and supports 60W charging?,"The Belkin USB-C to USB-C Fast Charging Cable (60W PD) is the best match, offering a strong 4.5-star rating along with full 60W fast-charging support.",,BAAI/bge-small-en-v1.5,google/flan-t5-base,3,0.7,0.95,50,512,0.0,0.0,0.0,0.0,0.0,0.0,0.0,0.0,0.0,0.0,0.0,0.019969919696450233,0.0011378281377255914,0.004107766753062607,0,0.0110321044921875,0.37173986434936523,0.8807008266448975,1.2634727954864502,0.745629072189331
159,2025-12-05 06:56:06,What is the best iPhone lightning cable in the list?,"For super-fast charging with a USB-C adapter, the Belkin Lightning to USB-C is best. For a reliable and durable standard cable with a good warranty, the Duracell USB-A to Lightning is a great choice. The Hi-Mobiler is the most budget-friendly option.",,BAAI/bge-small-en-v1.5,google/flan-t5-base,3,0.7,0.95,50,512,0.0,0.0,0.0,0.0,0.0,0.0,0.0,0.0,0.0,0.0,0.0,0.050834350287914276,-0.01448565389961004,0.008718304667621853,0,0.01090550422668457,0.37830066680908203,0.8812201023101807,1.2704262733459473,0.7594654560089111
160,2025-12-05 06:56:07,Suggest me some good long lasting headphones,"The boAt Bassheads 100 in-ear wired earphones are recommended for longevity, featuring a premium coated wire for sturdiness and a 1-year warranty. They have a 4.1-star rating from over 360,000 reviews and cost between ₹349-₹379.",,BAAI/bge-small-en-v1.5,google/flan-t5-base,3,0.7,0.95,50,512,0.0,0.0,0.0,0.0,0.0,0.0,0.0,0.0,0.0,0.0,0.0,0.0,0.01977839149534702,0.0019778391495347022,0,0.010692834854125977,0.3426191806793213,0.8811442852020264,1.2344563007354736,0.7121245265007019
161,2025-12-05 06:56:12,Recommend a good fast charging USB-C cable under 300 rupees,"The boAt A400 at ₹299 is recommended, supporting 24W-25W fast charging and having a slightly higher customer rating. For a tighter budget, the pTron Solero TB301 at ₹149 supports 15W fast charging.",,BAAI/bge-small-en-v1.5,google/flan-t5-base,5,0.3,0.85,30,512,0.0,0.0,0.0,0.0,0.0,0.0,0.0,0.0,0.0,0.0,0.0,0.0,0.013854145761579274,0.0013854145761579275,0,0.011171817779541016,3.1800904273986816,0.8974819183349609,4.088744163513184,0.8039780855178833
162,2025-12-05 06:56:13,Which cable has the highest rating and supports 60W charging?,"The Belkin USB-C to USB-C Fast Charging Cable (60W PD) is the best match, offering a strong 4.5-star rating along with full 60W fast-charging support.",,BAAI/bge-small-en-v1.5,google/flan-t5-base,5,0.3,0.85,30,512,0.0,0.0,0.0,0.0,0.0,0.0,0.0,0.0,0.0,0.0,0.0,0.019969919696450233,0.0011378281377255914,0.004107766753062607,0,0.010969400405883789,0.8538045883178711,0.9117181301116943,1.7764921188354492,0.7381583452224731
163,2025-12-05 06:56:15,What is the best iPhone lightning cable in the list?,"For super-fast charging with a USB-C adapter, the Belkin Lightning to USB-C is best. For a reliable and durable standard cable with a good warranty, the Duracell USB-A to Lightning is a great choice. The Hi-Mobiler is the most budget-friendly option.",,BAAI/bge-small-en-v1.5,google/flan-t5-base,5,0.3,0.85,30,512,0.0,0.0,0.0,0.0,0.0,0.0,0.0,0.0,0.0,0.0,0.0,0.050834350287914276,-0.01448565389961004,0.008718304667621853,0,0.011351346969604492,0.6164193153381348,0.8886566162109375,1.5164272785186768,0.7582789063453674
164,2025-12-05 06:56:17,Suggest me some good long lasting headphones,"The boAt Bassheads 100 in-ear wired earphones are recommended for longevity, featuring a premium coated wire for sturdiness and a 1-year warranty. They have a 4.1-star rating from over 360,000 reviews and cost between ₹349-₹379.",,BAAI/bge-small-en-v1.5,google/flan-t5-base,5,0.3,0.85,30,512,0.0,0.0,0.0,0.0,0.0,0.0,0.0,0.0,0.0,0.0,0.0,0.0,0.01977839149534702,0.0019778391495347022,0,0.01089787483215332,0.8138494491577148,0.8894758224487305,1.7142231464385986,0.7056768536567688
165,2025-12-05 06:56:20,Recommend a good fast charging USB-C cable under 300 rupees,"The boAt A400 at ₹299 is recommended, supporting 24W-25W fast charging and having a slightly higher customer rating. For a tighter budget, the pTron Solero TB301 at ₹149 supports 15W fast charging.",,BAAI/bge-small-en-v1.5,google/flan-t5-base,5,0.3,0.85,50,512,0.0,0.0,0.0,0.0,0.0,0.0,0.0,0.0,0.0,0.0,0.0,0.0,0.013854145761579274,0.0013854145761579275,0,0.011118888854980469,2.594365119934082,0.8909702301025391,3.4964542388916016,0.8039780855178833
166,2025-12-05 06:56:22,Which cable has the highest rating and supports 60W charging?,"The Belkin USB-C to USB-C Fast Charging Cable (60W PD) is the best match, offering a strong 4.5-star rating along with full 60W fast-charging support.",,BAAI/bge-small-en-v1.5,google/flan-t5-base,5,0.3,0.85,50,512,0.0,0.0,0.0,0.0,0.0,0.0,0.0,0.0,0.0,0.0,0.0,0.019969919696450233,0.0011378281377255914,0.004107766753062607,0,0.010962486267089844,0.8182635307312012,0.8792266845703125,1.7084527015686035,0.7381583452224731
167,2025-12-05 06:56:23,What is the best iPhone lightning cable in the list?,"For super-fast charging with a USB-C adapter, the Belkin Lightning to USB-C is best. For a reliable and durable standard cable with a good warranty, the Duracell USB-A to Lightning is a great choice. The Hi-Mobiler is the most budget-friendly option.",,BAAI/bge-small-en-v1.5,google/flan-t5-base,5,0.3,0.85,50,512,0.0,0.0,0.0,0.0,0.0,0.0,0.0,0.0,0.0,0.0,0.0,0.050834350287914276,-0.01448565389961004,0.008718304667621853,0,0.010884523391723633,0.6303989887237549,0.9104185104370117,1.5517020225524902,0.7582789063453674
168,2025-12-05 06:56:25,Suggest me some good long lasting headphones,"The boAt Bassheads 100 in-ear wired earphones are recommended for longevity, featuring a premium coated wire for sturdiness and a 1-year warranty. They have a 4.1-star rating from over 360,000 reviews and cost between ₹349-₹379.",,BAAI/bge-small-en-v1.5,google/flan-t5-base,5,0.3,0.85,50,512,0.0,0.0,0.0,0.0,0.0,0.0,0.0,0.0,0.0,0.0,0.0,0.0,0.01977839149534702,0.0019778391495347022,0,0.011073112487792969,0.8098750114440918,0.8837168216705322,1.704664945602417,0.7056768536567688
169,2025-12-05 06:56:27,Recommend a good fast charging USB-C cable under 300 rupees,"The boAt A400 at ₹299 is recommended, supporting 24W-25W fast charging and having a slightly higher customer rating. For a tighter budget, the pTron Solero TB301 at ₹149 supports 15W fast charging.",,BAAI/bge-small-en-v1.5,google/flan-t5-base,5,0.3,0.95,30,512,0.0,0.0,0.0,0.0,0.0,0.0,0.0,0.0,0.0,0.0,0.0,0.0,0.013854145761579274,0.0013854145761579275,0,0.011107921600341797,0.9728713035583496,0.8867611885070801,1.8707404136657715,0.8039780855178833
170,2025-12-05 06:56:29,Which cable has the highest rating and supports 60W charging?,"The Belkin USB-C to USB-C Fast Charging Cable (60W PD) is the best match, offering a strong 4.5-star rating along with full 60W fast-charging support.",,BAAI/bge-small-en-v1.5,google/flan-t5-base,5,0.3,0.95,30,512,0.0,0.0,0.0,0.0,0.0,0.0,0.0,0.0,0.0,0.0,0.0,0.019969919696450233,0.0011378281377255914,0.004107766753062607,0,0.010998010635375977,0.779325008392334,0.878690242767334,1.669013261795044,0.7381583452224731
171,2025-12-05 06:56:30,What is the best iPhone lightning cable in the list?,"For super-fast charging with a USB-C adapter, the Belkin Lightning to USB-C is best. For a reliable and durable standard cable with a good warranty, the Duracell USB-A to Lightning is a great choice. The Hi-Mobiler is the most budget-friendly option.",,BAAI/bge-small-en-v1.5,google/flan-t5-base,5,0.3,0.95,30,512,0.0,0.0,0.0,0.0,0.0,0.0,0.0,0.0,0.0,0.0,0.0,0.050834350287914276,-0.01448565389961004,0.008718304667621853,0,0.01097869873046875,0.6371452808380127,0.9308633804321289,1.5789873600006104,0.7582789063453674
172,2025-12-05 06:56:32,Suggest me some good long lasting headphones,"The boAt Bassheads 100 in-ear wired earphones are recommended for longevity, featuring a premium coated wire for sturdiness and a 1-year warranty. They have a 4.1-star rating from over 360,000 reviews and cost between ₹349-₹379.",,BAAI/bge-small-en-v1.5,google/flan-t5-base,5,0.3,0.95,30,512,0.0,0.0,0.0,0.0,0.0,0.0,0.0,0.0,0.0,0.0,0.0,0.0,0.01977839149534702,0.0019778391495347022,0,0.010902166366577148,0.793703556060791,0.9306411743164062,1.7352468967437744,0.7056768536567688
173,2025-12-05 06:56:36,Recommend a good fast charging USB-C cable under 300 rupees,"The boAt A400 at ₹299 is recommended, supporting 24W-25W fast charging and having a slightly higher customer rating. For a tighter budget, the pTron Solero TB301 at ₹149 supports 15W fast charging.",,BAAI/bge-small-en-v1.5,google/flan-t5-base,5,0.3,0.95,50,512,0.0,0.0,0.0,0.0,0.0,0.0,0.0,0.0,0.0,0.0,0.0,0.0,0.013854145761579274,0.0013854145761579275,0,0.011239290237426758,3.1876418590545654,0.8924791812896729,4.091360330581665,0.8039780855178833
174,2025-12-05 06:56:38,Which cable has the highest rating and supports 60W charging?,"The Belkin USB-C to USB-C Fast Charging Cable (60W PD) is the best match, offering a strong 4.5-star rating along with full 60W fast-charging support.",,BAAI/bge-small-en-v1.5,google/flan-t5-base,5,0.3,0.95,50,512,0.0,0.0,0.0,0.0,0.0,0.0,0.0,0.0,0.0,0.0,0.0,0.019969919696450233,0.0011378281377255914,0.004107766753062607,0,0.011241912841796875,0.824803352355957,0.9474375247955322,1.7834827899932861,0.7381583452224731
175,2025-12-05 06:56:39,What is the best iPhone lightning cable in the list?,"For super-fast charging with a USB-C adapter, the Belkin Lightning to USB-C is best. For a reliable and durable standard cable with a good warranty, the Duracell USB-A to Lightning is a great choice. The Hi-Mobiler is the most budget-friendly option.",,BAAI/bge-small-en-v1.5,google/flan-t5-base,5,0.3,0.95,50,512,0.0,0.0,0.0,0.0,0.0,0.0,0.0,0.0,0.0,0.0,0.0,0.050834350287914276,-0.01448565389961004,0.008718304667621853,0,0.010991573333740234,0.6240646839141846,0.8857653141021729,1.5208215713500977,0.7582789063453674
176,2025-12-05 06:56:41,Suggest me some good long lasting headphones,"The boAt Bassheads 100 in-ear wired earphones are recommended for longevity, featuring a premium coated wire for sturdiness and a 1-year warranty. They have a 4.1-star rating from over 360,000 reviews and cost between ₹349-₹379.",,BAAI/bge-small-en-v1.5,google/flan-t5-base,5,0.3,0.95,50,512,0.0,0.0,0.0,0.0,0.0,0.0,0.0,0.0,0.0,0.0,0.0,0.0,0.01977839149534702,0.0019778391495347022,0,0.011060476303100586,0.8116827011108398,0.8831486701965332,1.7058918476104736,0.7056768536567688
177,2025-12-05 06:56:45,Recommend a good fast charging USB-C cable under 300 rupees,"The boAt A400 at ₹299 is recommended, supporting 24W-25W fast charging and having a slightly higher customer rating. For a tighter budget, the pTron Solero TB301 at ₹149 supports 15W fast charging.",,BAAI/bge-small-en-v1.5,google/flan-t5-base,5,0.7,0.85,30,512,0.0,0.0,0.0,0.0,0.0,0.0,0.0,0.0,0.0,0.0,0.0,0.0,0.013854145761579274,0.0013854145761579275,0,0.01116800308227539,2.6154749393463135,0.9786815643310547,3.6053245067596436,0.8039780855178833
178,2025-12-05 06:56:47,Which cable has the highest rating and supports 60W charging?,"The Belkin USB-C to USB-C Fast Charging Cable (60W PD) is the best match, offering a strong 4.5-star rating along with full 60W fast-charging support.",,BAAI/bge-small-en-v1.5,google/flan-t5-base,5,0.7,0.85,30,512,0.0,0.0,0.0,0.0,0.0,0.0,0.0,0.0,0.0,0.0,0.0,0.019969919696450233,0.0011378281377255914,0.004107766753062607,0,0.01076054573059082,1.2377879619598389,0.871373176574707,2.1199216842651367,0.7381583452224731
179,2025-12-05 06:56:48,What is the best iPhone lightning cable in the list?,"For super-fast charging with a USB-C adapter, the Belkin Lightning to USB-C is best. For a reliable and durable standard cable with a good warranty, the Duracell USB-A to Lightning is a great choice. The Hi-Mobiler is the most budget-friendly option.",,BAAI/bge-small-en-v1.5,google/flan-t5-base,5,0.7,0.85,30,512,0.0,0.0,0.0,0.0,0.0,0.0,0.0,0.0,0.0,0.0,0.0,0.050834350287914276,-0.01448565389961004,0.008718304667621853,0,0.011230230331420898,0.6657834053039551,0.8885836601257324,1.5655972957611084,0.7582789063453674
180,2025-12-05 06:56:50,Suggest me some good long lasting headphones,"The boAt Bassheads 100 in-ear wired earphones are recommended for longevity, featuring a premium coated wire for sturdiness and a 1-year warranty. They have a 4.1-star rating from over 360,000 reviews and cost between ₹349-₹379.",,BAAI/bge-small-en-v1.5,google/flan-t5-base,5,0.7,0.85,30,512,0.0,0.0,0.0,0.0,0.0,0.0,0.0,0.0,0.0,0.0,0.0,0.0,0.01977839149534702,0.0019778391495347022,0,0.011074542999267578,0.7846481800079346,0.8893160820007324,1.6850388050079346,0.7056768536567688
181,2025-12-05 06:56:52,Recommend a good fast charging USB-C cable under 300 rupees,"The boAt A400 at ₹299 is recommended, supporting 24W-25W fast charging and having a slightly higher customer rating. For a tighter budget, the pTron Solero TB301 at ₹149 supports 15W fast charging.",,BAAI/bge-small-en-v1.5,google/flan-t5-base,5,0.7,0.85,50,512,0.0,0.0,0.0,0.0,0.0,0.0,0.0,0.0,0.0,0.0,0.0,0.0,0.013854145761579274,0.0013854145761579275,0,0.01133275032043457,0.9686822891235352,0.8842241764068604,1.86423921585083,0.8039780855178833
182,2025-12-05 06:56:54,Which cable has the highest rating and supports 60W charging?,"The Belkin USB-C to USB-C Fast Charging Cable (60W PD) is the best match, offering a strong 4.5-star rating along with full 60W fast-charging support.",,BAAI/bge-small-en-v1.5,google/flan-t5-base,5,0.7,0.85,50,512,0.0,0.0,0.0,0.0,0.0,0.0,0.0,0.0,0.0,0.0,0.0,0.019969919696450233,0.0011378281377255914,0.004107766753062607,0,0.011137962341308594,1.0592150688171387,0.8974063396453857,1.967759370803833,0.7381583452224731
183,2025-12-05 06:56:55,What is the best iPhone lightning cable in the list?,"For super-fast charging with a USB-C adapter, the Belkin Lightning to USB-C is best. For a reliable and durable standard cable with a good warranty, the Duracell USB-A to Lightning is a great choice. The Hi-Mobiler is the most budget-friendly option.",,BAAI/bge-small-en-v1.5,google/flan-t5-base,5,0.7,0.85,50,512,0.0,0.0,0.0,0.0,0.0,0.0,0.0,0.0,0.0,0.0,0.0,0.050834350287914276,-0.01448565389961004,0.008718304667621853,0,0.011281251907348633,0.6025922298431396,1.0376081466674805,1.6514816284179688,0.7582789063453674
184,2025-12-05 06:56:57,Suggest me some good long lasting headphones,"The boAt Bassheads 100 in-ear wired earphones are recommended for longevity, featuring a premium coated wire for sturdiness and a 1-year warranty. They have a 4.1-star rating from over 360,000 reviews and cost between ₹349-₹379.",,BAAI/bge-small-en-v1.5,google/flan-t5-base,5,0.7,0.85,50,512,0.0,0.0,0.0,0.0,0.0,0.0,0.0,0.0,0.0,0.0,0.0,0.0,0.01977839149534702,0.0019778391495347022,0,0.011156082153320312,0.798529863357544,0.8876097202301025,1.6972956657409668,0.7056768536567688
185,2025-12-05 06:56:59,Recommend a good fast charging USB-C cable under 300 rupees,"The boAt A400 at ₹299 is recommended, supporting 24W-25W fast charging and having a slightly higher customer rating. For a tighter budget, the pTron Solero TB301 at ₹149 supports 15W fast charging.",,BAAI/bge-small-en-v1.5,google/flan-t5-base,5,0.7,0.95,30,512,0.0,0.0,0.0,0.0,0.0,0.0,0.0,0.0,0.0,0.0,0.0,0.0,0.013854145761579274,0.0013854145761579275,0,0.011598587036132812,0.6866483688354492,0.8929083347320557,1.5911552906036377,0.8039780855178833
186,2025-12-05 06:57:01,Which cable has the highest rating and supports 60W charging?,"The Belkin USB-C to USB-C Fast Charging Cable (60W PD) is the best match, offering a strong 4.5-star rating along with full 60W fast-charging support.",,BAAI/bge-small-en-v1.5,google/flan-t5-base,5,0.7,0.95,30,512,0.0,0.0,0.0,0.0,0.0,0.0,0.0,0.0,0.0,0.0,0.0,0.019969919696450233,0.0011378281377255914,0.004107766753062607,0,0.010823488235473633,1.1893367767333984,0.8749020099639893,2.0750622749328613,0.7381583452224731
187,2025-12-05 06:57:02,What is the best iPhone lightning cable in the list?,"For super-fast charging with a USB-C adapter, the Belkin Lightning to USB-C is best. For a reliable and durable standard cable with a good warranty, the Duracell USB-A to Lightning is a great choice. The Hi-Mobiler is the most budget-friendly option.",,BAAI/bge-small-en-v1.5,google/flan-t5-base,5,0.7,0.95,30,512,0.0,0.0,0.0,0.0,0.0,0.0,0.0,0.0,0.0,0.0,0.0,0.050834350287914276,-0.01448565389961004,0.008718304667621853,0,0.010880708694458008,0.5550379753112793,0.8875994682312012,1.4535181522369385,0.7582789063453674
188,2025-12-05 06:57:04,Suggest me some good long lasting headphones,"The boAt Bassheads 100 in-ear wired earphones are recommended for longevity, featuring a premium coated wire for sturdiness and a 1-year warranty. They have a 4.1-star rating from over 360,000 reviews and cost between ₹349-₹379.",,BAAI/bge-small-en-v1.5,google/flan-t5-base,5,0.7,0.95,30,512,0.0,0.0,0.0,0.0,0.0,0.0,0.0,0.0,0.0,0.0,0.0,0.0,0.01977839149534702,0.0019778391495347022,0,0.011042356491088867,0.8050920963287354,0.89920973777771,1.7153441905975342,0.7056768536567688
189,2025-12-05 06:57:06,Recommend a good fast charging USB-C cable under 300 rupees,"The boAt A400 at ₹299 is recommended, supporting 24W-25W fast charging and having a slightly higher customer rating. For a tighter budget, the pTron Solero TB301 at ₹149 supports 15W fast charging.",,BAAI/bge-small-en-v1.5,google/flan-t5-base,5,0.7,0.95,50,512,0.0,0.0,0.0,0.0,0.0,0.0,0.0,0.0,0.0,0.0,0.0,0.0,0.013854145761579274,0.0013854145761579275,0,0.011400222778320312,0.7927148342132568,0.8988497257232666,1.7029647827148438,0.8039780855178833
190,2025-12-05 06:57:07,Which cable has the highest rating and supports 60W charging?,"The Belkin USB-C to USB-C Fast Charging Cable (60W PD) is the best match, offering a strong 4.5-star rating along with full 60W fast-charging support.",,BAAI/bge-small-en-v1.5,google/flan-t5-base,5,0.7,0.95,50,512,0.0,0.0,0.0,0.0,0.0,0.0,0.0,0.0,0.0,0.0,0.0,0.019969919696450233,0.0011378281377255914,0.004107766753062607,0,0.011445045471191406,0.773916482925415,0.9020628929138184,1.6874244213104248,0.7381583452224731
191,2025-12-05 06:57:09,What is the best iPhone lightning cable in the list?,"For super-fast charging with a USB-C adapter, the Belkin Lightning to USB-C is best. For a reliable and durable standard cable with a good warranty, the Duracell USB-A to Lightning is a great choice. The Hi-Mobiler is the most budget-friendly option.",,BAAI/bge-small-en-v1.5,google/flan-t5-base,5,0.7,0.95,50,512,0.0,0.0,0.0,0.0,0.0,0.0,0.0,0.0,0.0,0.0,0.0,0.050834350287914276,-0.01448565389961004,0.008718304667621853,0,0.010835409164428711,0.6942117214202881,0.9218010902404785,1.6268482208251953,0.7582789063453674
192,2025-12-05 06:57:11,Suggest me some good long lasting headphones,"The boAt Bassheads 100 in-ear wired earphones are recommended for longevity, featuring a premium coated wire for sturdiness and a 1-year warranty. They have a 4.1-star rating from over 360,000 reviews and cost between ₹349-₹379.",,BAAI/bge-small-en-v1.5,google/flan-t5-base,5,0.7,0.95,50,512,0.0,0.0,0.0,0.0,0.0,0.0,0.0,0.0,0.0,0.0,0.0,0.0,0.01977839149534702,0.0019778391495347022,0,0.010804891586303711,0.758577823638916,0.8810043334960938,1.6503870487213135,0.7056768536567688
193,2025-12-05 06:59:03,Recommend a good fast charging USB-C cable under 300 rupees,"The boAt A400 at ₹299 is recommended, supporting 24W-25W fast charging and having a slightly higher customer rating. For a tighter budget, the pTron Solero TB301 at ₹149 supports 15W fast charging.","Based on the information provided, the Sounce 65W OnePlus Dash Warp Charge Cable is a great option for you. It offers high-speed charging at 6.5A and supports Warp Charge for OnePlus devices, making it a strong contender for fast charging needs. Additionally, it comes at a very competitive price of ",sentence-transformers/all-MiniLM-L6-v2,Qwen/Qwen2.5-7B-Instruct,3,0.3,0.85,30,512,0.1581920903954802,0.09722222222222222,0.42424242424242425,0.11299435028248588,0.06944444444444445,0.30303030303030304,0.009174744389341209,0.22660659072884223,0.8517149686813354,0.834831714630127,0.8692951798439026,0.5148568153381348,0.8697182297706603,0.4648990353310839,867,0.008923768997192383,33.130316734313965,0.9517827033996582,34.091023206710815,0.7030074000358582
194,2025-12-05 06:59:20,Which cable has the highest rating and supports 60W charging?,"The Belkin USB-C to USB-C Fast Charging Cable (60W PD) is the best match, offering a strong 4.5-star rating along with full 60W fast-charging support.","The MI Xiaomi USB Type C HYperCharge Cable 6A 100cm Sturdy and Durable Black supports 120W hypercharging and has a high rating of 4.3 ⭐ based on 30,411 reviews. However, it does not support 60W charging; it supports 120W fast charging. The other cables mentioned do not specify 60W charging capacity ",sentence-transformers/all-MiniLM-L6-v2,Qwen/Qwen2.5-7B-Instruct,3,0.3,0.85,30,512,0.28865979381443296,0.208955223880597,0.4666666666666667,0.18556701030927836,0.13432835820895522,0.3,0.008565696798684318,0.19461077844311378,0.8691762089729309,0.8495877981185913,0.8896892070770264,0.6323333382606506,0.8557696461677551,0.506808551370845,377,0.011075973510742188,16.194833755493164,0.8914709091186523,17.09738063812256,0.6308108568191528
195,2025-12-05 06:59:42,What is the best iPhone lightning cable in the list?,"For super-fast charging with a USB-C adapter, the Belkin Lightning to USB-C is best. For a reliable and durable standard cable with a good warranty, the Duracell USB-A to Lightning is a great choice. The Hi-Mobiler is the most budget-friendly option.","The best iPhone Lightning cable in the list is the Duracell USB Lightning Apple Certified (MFi) Braided Sync & Charge Cable, which has a rating of 4.5 ⭐ based on 815 reviews. It offers fast charging, supports up to 2.4A output, and has a 2-year warranty. Additionally, it is designed to withstand up ",sentence-transformers/all-MiniLM-L6-v2,Qwen/Qwen2.5-7B-Instruct,3,0.3,0.85,30,512,0.34090909090909094,0.23255813953488372,0.6382978723404256,0.18181818181818182,0.12403100775193798,0.3404255319148936,0.021316003381548397,0.37056305368928005,0.8555269837379456,0.8276196718215942,0.8853819370269775,0.6724327802658081,0.871822291612625,0.5455393168131846,729,0.006836414337158203,20.57214331626892,1.5392770767211914,22.11825680732727,0.6732211112976074
196,2025-12-05 07:00:06,Suggest me some good long lasting headphones,"The boAt Bassheads 100 in-ear wired earphones are recommended for longevity, featuring a premium coated wire for sturdiness and a 1-year warranty. They have a 4.1-star rating from over 360,000 reviews and cost between ₹349-₹379.","Based on the reviews, the JBL C100SI Wired In Ear Headphones might not be the best choice for long-lasting headphones. Several reviewers mentioned issues with durability, with some earphones lasting only 1-1.5 years. However, the realme Buds Classic Wired in Ear Earphones with Mic received positive ",sentence-transformers/all-MiniLM-L6-v2,Qwen/Qwen2.5-7B-Instruct,3,0.3,0.85,30,512,0.26347305389221554,0.1746031746031746,0.5365853658536586,0.17964071856287422,0.11904761904761904,0.36585365853658536,0.026443730146504477,0.31398434101783385,0.8492394685745239,0.8516892194747925,0.8468037843704224,0.7186511754989624,0.5271603465080261,0.5028095383070605,776,0.006798505783081055,22.5004403591156,0.9362928867340088,23.44353175163269,0.5601442456245422
197,2025-12-05 07:00:53,Recommend a good fast charging USB-C cable under 300 rupees,"The boAt A400 at ₹299 is recommended, supporting 24W-25W fast charging and having a slightly higher customer rating. For a tighter budget, the pTron Solero TB301 at ₹149 supports 15W fast charging.","Based on the available options, the Sounce 65W OnePlus Dash Warp Charge Cable would be a great choice for you. It offers fast charging capabilities with a 6.5A current output and supports PD 3.0 and QC 3.0 fast charge protocols. The cable is compatible with various devices, including One Plus 8T, 9,",sentence-transformers/all-MiniLM-L6-v2,Qwen/Qwen2.5-7B-Instruct,3,0.3,0.85,50,512,0.1417910447761194,0.08085106382978724,0.5757575757575758,0.08955223880597013,0.05106382978723404,0.36363636363636365,0.006581734319961411,0.2728365384615385,0.8429207801818848,0.8166735172271729,0.8709111213684082,0.5452336668968201,0.8995723009109498,0.474452141075366,1353,0.00687408447265625,46.15342044830322,0.9543216228485107,47.11461615562439,0.7030074000358582
198,2025-12-05 07:01:45,Which cable has the highest rating and supports 60W charging?,"The Belkin USB-C to USB-C Fast Charging Cable (60W PD) is the best match, offering a strong 4.5-star rating along with full 60W fast-charging support.","The MI Xiaomi USB Type C HYperCharge Cable 6A 100cm Sturdy and Durable Black supports 120W hypercharging and has a high rating of 4.3 ⭐ based on 30,411 reviews. However, it does not support 60W charging; it supports 120W fast charging. The other cables mentioned do not specify their charging capabil",sentence-transformers/all-MiniLM-L6-v2,Qwen/Qwen2.5-7B-Instruct,3,0.3,0.85,50,512,0.1928934010152284,0.11377245508982035,0.6333333333333333,0.1319796954314721,0.07784431137724551,0.43333333333333335,0.006255247047606592,0.19144144144144146,0.7650407552719116,0.6782162189483643,0.8773592710494995,0.6746684312820435,0.8857138395309447,0.476594309593128,1264,0.006886482238769531,51.57180643081665,1.0352685451507568,52.61396145820618,0.6308108568191528
199,2025-12-05 07:02:10,What is the best iPhone lightning cable in the list?,"For super-fast charging with a USB-C adapter, the Belkin Lightning to USB-C is best. For a reliable and durable standard cable with a good warranty, the Duracell USB-A to Lightning is a great choice. The Hi-Mobiler is the most budget-friendly option.","The best iPhone Lightning cable in the list, based on reviews and ratings, appears to be the Duracell USB Lightning Apple Certified (MFi) Braided Sync & Charge Cable For Iphone, Ipad And Ipod. It has a high rating of 4.5 stars, supports iOS devices with max output up to 2.4A, and offers up to 10,000",sentence-transformers/all-MiniLM-L6-v2,Qwen/Qwen2.5-7B-Instruct,3,0.3,0.85,50,512,0.29,0.1895424836601307,0.6170212765957447,0.19,0.12418300653594772,0.40425531914893614,0.01742125209439681,0.2917750980135795,0.852681577205658,0.8265577554702759,0.8805105686187744,0.7003395557403564,0.8912732124328613,0.5358740166042485,864,0.006710529327392578,23.518418312072754,0.9236838817596436,24.44881272315979,0.6732211112976074
200,2025-12-05 07:02:36,Suggest me some good long lasting headphones,"The boAt Bassheads 100 in-ear wired earphones are recommended for longevity, featuring a premium coated wire for sturdiness and a 1-year warranty. They have a 4.1-star rating from over 360,000 reviews and cost between ₹349-₹379.","Based on the reviews, the JBL C100SI Wired In Ear Headphones might not be the best choice for longevity as some users reported issues with durability. However, the realme Buds Classic Wired in Ear Earphones with Mic have received positive feedback for comfort and sound quality, though they may not l",sentence-transformers/all-MiniLM-L6-v2,Qwen/Qwen2.5-7B-Instruct,3,0.3,0.85,50,512,0.2688172043010753,0.1724137931034483,0.6097560975609756,0.17204301075268816,0.1103448275862069,0.3902439024390244,0.04860556841473012,0.3302893457652679,0.851487934589386,0.8440797328948975,0.8590273261070251,0.680462121963501,0.840435016155243,0.5314978898672106,819,0.006734132766723633,24.942413568496704,0.9283232688903809,25.87747097015381,0.5601442456245422
201,2025-12-05 07:03:03,Recommend a good fast charging USB-C cable under 300 rupees,"The boAt A400 at ₹299 is recommended, supporting 24W-25W fast charging and having a slightly higher customer rating. For a tighter budget, the pTron Solero TB301 at ₹149 supports 15W fast charging.","Based on the available options, the Sounce 65W OnePlus Dash Warp Charge Cable would be a great choice for you. It offers fast charging capabilities, supports PD 3.0 and QC 3.0, and has a high-quality pure copper core. Additionally, it provides a 6.5A output delivery, which can significantly reduce c",sentence-transformers/all-MiniLM-L6-v2,Qwen/Qwen2.5-7B-Instruct,3,0.3,0.95,30,512,0.18320610687022898,0.12244897959183673,0.36363636363636365,0.12213740458015267,0.08163265306122448,0.24242424242424243,0.01319106154463665,0.19721577726218098,0.8495258688926697,0.8374806642532349,0.8619227409362793,0.5205509066581726,0.8350671112537384,0.46143418356900473,554,0.00678563117980957,26.836405277252197,0.9551413059234619,27.79833221435547,0.7030074000358582
202,2025-12-05 07:03:35,Which cable has the highest rating and supports 60W charging?,"The Belkin USB-C to USB-C Fast Charging Cable (60W PD) is the best match, offering a strong 4.5-star rating along with full 60W fast-charging support.","The MI Xiaomi USB Type C HYperCharge Cable 6A 100cm Sturdy and Durable Black, which supports 120W hypercharging, has the highest rating and meets your requirement for supporting 60W charging as well. It has a rating of 4.3 ⭐ based on 30,411 reviews and is priced at ₹499 (was ₹1,299, 62% off). Howeve",sentence-transformers/all-MiniLM-L6-v2,Qwen/Qwen2.5-7B-Instruct,3,0.3,0.95,30,512,0.18811881188118812,0.11046511627906977,0.6333333333333333,0.10891089108910891,0.06395348837209303,0.36666666666666664,0.0063083283804644015,0.21064301552106435,0.8437870144844055,0.8126693964004517,0.8773825764656067,0.6915366053581238,0.8995619535446167,0.5011405255104237,941,0.006743192672729492,30.373806715011597,0.9424753189086914,31.323025226593018,0.6308108568191528
203,2025-12-05 07:03:55,What is the best iPhone lightning cable in the list?,"For super-fast charging with a USB-C adapter, the Belkin Lightning to USB-C is best. For a reliable and durable standard cable with a good warranty, the Duracell USB-A to Lightning is a great choice. The Hi-Mobiler is the most budget-friendly option.","The best iPhone Lightning cable in the list, based on the reviews and ratings, is the Duracell USB Lightning Apple Certified (MFi) Braided Sync & Charge Cable For iPhone, iPad and iPod. It has a rating of 4.5 ⭐ and positive feedback regarding its fast charging capabilities, durability, and compatibi",sentence-transformers/all-MiniLM-L6-v2,Qwen/Qwen2.5-7B-Instruct,3,0.3,0.95,30,512,0.3151515151515152,0.22033898305084745,0.5531914893617021,0.18181818181818182,0.1271186440677966,0.3191489361702128,0.013092090062417216,0.298558177051825,0.84465491771698,0.8193105459213257,0.871617317199707,0.6508935689926147,0.8732916593551636,0.5244615144242695,691,0.0069234371185302734,19.059770345687866,0.9674885272979736,20.03418231010437,0.6732211112976074
204,2025-12-05 07:04:18,Suggest me some good long lasting headphones,"The boAt Bassheads 100 in-ear wired earphones are recommended for longevity, featuring a premium coated wire for sturdiness and a 1-year warranty. They have a 4.1-star rating from over 360,000 reviews and cost between ₹349-₹379.","Based on the reviews and ratings provided, the JBL C100SI Wired In Ear Headphones might not be the best choice for longevity as some users reported issues with durability. However, the realme Buds Classic Wired in Ear Earphones with Mic have received positive feedback for comfort and sound quality, ",sentence-transformers/all-MiniLM-L6-v2,Qwen/Qwen2.5-7B-Instruct,3,0.3,0.95,30,512,0.2754491017964072,0.18253968253968253,0.5609756097560976,0.16766467065868262,0.1111111111111111,0.34146341463414637,0.060980674921598164,0.3339108263598326,0.8506779670715332,0.8498523235321045,0.8515051007270813,0.7197821736335754,0.8079575955867766,0.5379177547449198,752,0.006630659103393555,22.4786639213562,0.9340977668762207,23.419392347335815,0.5601442456245422
205,2025-12-05 07:04:58,Recommend a good fast charging USB-C cable under 300 rupees,"The boAt A400 at ₹299 is recommended, supporting 24W-25W fast charging and having a slightly higher customer rating. For a tighter budget, the pTron Solero TB301 at ₹149 supports 15W fast charging.","Based on the available options, the Sounce 65W OnePlus Dash Warp Charge Cable is a great choice for fast charging under 300 rupees. It offers 6.5A high-speed charging and supports PD 3.0 and QC 3.0 fast charge protocols, making it suitable for various devices. While it is slightly shorter at 1 meter",sentence-transformers/all-MiniLM-L6-v2,Qwen/Qwen2.5-7B-Instruct,3,0.3,0.95,50,512,0.14746543778801846,0.08695652173913043,0.48484848484848486,0.10138248847926268,0.059782608695652176,0.3333333333333333,0.008432111163757089,0.21681688804554083,0.84283047914505,0.8213477730751038,0.8654670715332031,0.5602371692657471,0.889732664823532,0.46997885707170006,1070,0.006910562515258789,39.254507064819336,0.9398555755615234,40.20127320289612,0.7030074000358582
206,2025-12-05 07:05:26,Which cable has the highest rating and supports 60W charging?,"The Belkin USB-C to USB-C Fast Charging Cable (60W PD) is the best match, offering a strong 4.5-star rating along with full 60W fast-charging support.","The MI Xiaomi USB Type C HYperCharge Cable 6A 100cm Sturdy and Durable Black, which supports 120W hypercharging, has the highest rating and meets your requirement for supporting 60W charging as well. It comes with a price of ₹499 (was ₹1,299, 62% off) and has a rating of 4.3 ⭐ based on 30,411 review",sentence-transformers/all-MiniLM-L6-v2,Qwen/Qwen2.5-7B-Instruct,3,0.3,0.95,50,512,0.23728813559322035,0.14285714285714285,0.7,0.13559322033898302,0.08163265306122448,0.4,0.012261915398616317,0.27012411347517745,0.8543156385421753,0.8246817588806152,0.8861585855484009,0.7088807225227356,0.8901531100273132,0.5234033092971808,775,0.006811857223510742,26.58685612678528,0.972257137298584,27.565925121307373,0.6308108568191528
207,2025-12-05 07:06:17,What is the best iPhone lightning cable in the list?,"For super-fast charging with a USB-C adapter, the Belkin Lightning to USB-C is best. For a reliable and durable standard cable with a good warranty, the Duracell USB-A to Lightning is a great choice. The Hi-Mobiler is the most budget-friendly option.","The best iPhone Lightning cable in the list, based on reviews and ratings, is the Duracell USB Lightning Apple Certified (MFi) Braided Sync & Charge Cable For Iphone, Ipad And Ipod. It has a rating of 4.5 ⭐, indicating high customer satisfaction. Additionally, it offers 2 years of warranty, supports",sentence-transformers/all-MiniLM-L6-v2,Qwen/Qwen2.5-7B-Instruct,3,0.3,0.95,50,512,0.15873015873015875,0.08883248730964467,0.7446808510638298,0.12244897959183672,0.06852791878172589,0.574468085106383,0.019988492799594935,0.20975056689342406,0.8403979539871216,0.8064396381378174,0.8773418068885803,0.7595319747924805,0.8918825387954712,0.5127734854809963,2399,0.006907224655151367,50.33321738243103,1.0679469108581543,51.408071517944336,0.6732211112976074
208,2025-12-05 07:06:43,Suggest me some good long lasting headphones,"The boAt Bassheads 100 in-ear wired earphones are recommended for longevity, featuring a premium coated wire for sturdiness and a 1-year warranty. They have a 4.1-star rating from over 360,000 reviews and cost between ₹349-₹379.","Based on the reviews, the JBL C100SI Wired In Ear Headphones might not be the best choice for longevity as some users reported issues with durability, lasting only 1-1.5 years. However, the realme Buds Classic Wired in Ear Earphones with Mic have received positive feedback for their comfort and soun",sentence-transformers/all-MiniLM-L6-v2,Qwen/Qwen2.5-7B-Instruct,3,0.3,0.95,50,512,0.25806451612903225,0.16551724137931034,0.5853658536585366,0.17204301075268816,0.1103448275862069,0.3902439024390244,0.052055795846331125,0.3198584669338677,0.8486895561218262,0.8462180495262146,0.8511755466461182,0.7360042333602905,0.5253470957279205,0.508103047588192,870,0.006733417510986328,24.999882221221924,0.9395453929901123,25.946161031723022,0.5601442456245422
209,2025-12-05 07:07:24,Recommend a good fast charging USB-C cable under 300 rupees,"The boAt A400 at ₹299 is recommended, supporting 24W-25W fast charging and having a slightly higher customer rating. For a tighter budget, the pTron Solero TB301 at ₹149 supports 15W fast charging.","Based on the options available, the Sounce 65W OnePlus Dash Warp Charge Cable would be a great choice for you. It offers high-speed charging at 6.5A and supports fast charging for devices like the OnePlus 8T, 9, and 9 Pro. Although it's only 1 meter long, it provides 65W power output, making it suit",sentence-transformers/all-MiniLM-L6-v2,Qwen/Qwen2.5-7B-Instruct,3,0.7,0.85,30,512,0.15789473684210525,0.09230769230769231,0.5454545454545454,0.11403508771929825,0.06666666666666667,0.3939393939393939,0.007937166679517828,0.26480839909768733,0.8493337035179138,0.8287574052810669,0.8709577322006226,0.5280368328094482,0.8999712586402893,0.47564587729414226,1142,0.006825923919677734,39.545148611068726,1.0127589702606201,40.56473350524902,0.7030074000358582
210,2025-12-05 07:08:01,Which cable has the highest rating and supports 60W charging?,"The Belkin USB-C to USB-C Fast Charging Cable (60W PD) is the best match, offering a strong 4.5-star rating along with full 60W fast-charging support.","The MI Xiaomi USB Type C HYperCharge Cable 6A 100cm Sturdy and Durable Black supports 120W hypercharging and has a high rating of 4.3 ⭐ based on 30,411 reviews. While it supports 120W, it does not specifically mention 60W charging support. The other cables mentioned do not support 60W charging eithe",sentence-transformers/all-MiniLM-L6-v2,Qwen/Qwen2.5-7B-Instruct,3,0.7,0.85,30,512,0.16216216216216214,0.09375,0.6,0.1171171171171171,0.06770833333333333,0.43333333333333335,0.0062163984203333755,0.17311608961303465,0.8378526568412781,0.8043455481529236,0.8742727637290955,0.649181604385376,0.8660331487655639,0.4804197811758676,1150,0.006870269775390625,35.862687826156616,0.9747738838195801,36.84433197975159,0.6308108568191528
211,2025-12-05 07:08:25,What is the best iPhone lightning cable in the list?,"For super-fast charging with a USB-C adapter, the Belkin Lightning to USB-C is best. For a reliable and durable standard cable with a good warranty, the Duracell USB-A to Lightning is a great choice. The Hi-Mobiler is the most budget-friendly option.","The best iPhone Lightning cable in the list, based on reviews and ratings, appears to be the Duracell USB Lightning Apple Certified (MFi) Braided Sync & Charge Cable For Iphone, Ipad And Ipod. It has a high rating of 4.5 stars, supports iOS devices with a max output up to 2.4A, and offers up to 10,0",sentence-transformers/all-MiniLM-L6-v2,Qwen/Qwen2.5-7B-Instruct,3,0.7,0.85,30,512,0.32195121951219513,0.2088607594936709,0.7021276595744681,0.18536585365853656,0.12025316455696203,0.40425531914893614,0.03349670391855083,0.323507696593996,0.8604425191879272,0.8338494896888733,0.8887875080108643,0.6902259588241577,0.8730942666530608,0.5430727804251471,910,0.0068912506103515625,23.658985137939453,0.9494667053222656,24.61534309387207,0.6732211112976074
212,2025-12-05 07:08:51,Suggest me some good long lasting headphones,"The boAt Bassheads 100 in-ear wired earphones are recommended for longevity, featuring a premium coated wire for sturdiness and a 1-year warranty. They have a 4.1-star rating from over 360,000 reviews and cost between ₹349-₹379.","Based on the reviews, the JBL C100SI Wired In Ear Headphones might not be the best choice for longevity as some users reported issues with durability within a year. Instead, you might want to consider the boAt BassHeads 900 On-Ear Wired Headphones. They have received positive feedback for their comf",sentence-transformers/all-MiniLM-L6-v2,Qwen/Qwen2.5-7B-Instruct,3,0.7,0.85,30,512,0.25,0.16083916083916083,0.5609756097560976,0.17391304347826086,0.11188811188811189,0.3902439024390244,0.03694735631266585,0.33095582329317275,0.8477940559387207,0.8460694551467896,0.8495256900787354,0.7265173196792603,0.8287016868591308,0.535851560079514,854,0.00670623779296875,24.71827530860901,0.9415450096130371,25.666526556015015,0.5601442456245422
213,2025-12-05 07:09:59,Recommend a good fast charging USB-C cable under 300 rupees,"The boAt A400 at ₹299 is recommended, supporting 24W-25W fast charging and having a slightly higher customer rating. For a tighter budget, the pTron Solero TB301 at ₹149 supports 15W fast charging.","Based on the information provided, the Sounce 65W OnePlus Dash Warp Charge Cable seems to be a great option for under 300 rupees. It offers 6.5A high-speed charging and is compatible with various devices including OnePlus 8T, 9, 9 Pro, and others. While it has a shorter length of 1 meter, it provide",sentence-transformers/all-MiniLM-L6-v2,Qwen/Qwen2.5-7B-Instruct,3,0.7,0.85,50,512,0.10000000000000002,0.05475504322766571,0.5757575757575758,0.0736842105263158,0.040345821325648415,0.42424242424242425,0.005391609858198131,0.2470674157303371,0.8157126307487488,0.7759830355644226,0.8597300052642822,0.5604754686355591,0.881186282634735,0.45910957407577446,2087,0.007071495056152344,67.11286854743958,1.0565876960754395,68.17652773857117,0.7030074000358582
214,2025-12-05 07:10:21,Which cable has the highest rating and supports 60W charging?,"The Belkin USB-C to USB-C Fast Charging Cable (60W PD) is the best match, offering a strong 4.5-star rating along with full 60W fast-charging support.","The MI Xiaomi USB Type C HYperCharge Cable 6A 100cm Sturdy and Durable Black supports 120W hypercharging and has a high rating of 4.3 stars based on 30,411 reviews. However, it does not support 60W charging; it supports 120W fast charging. The MI USB Type-C Cable Smartphone (Black) supports up to 33",sentence-transformers/all-MiniLM-L6-v2,Qwen/Qwen2.5-7B-Instruct,3,0.7,0.85,50,512,0.2571428571428571,0.16363636363636364,0.6,0.15714285714285714,0.1,0.36666666666666664,0.005863488307867283,0.22546419098143236,0.8686749935150146,0.845687210559845,0.8929473757743835,0.6403875350952148,0.8755654513835907,0.5086373494427288,581,0.006657123565673828,20.515458583831787,0.9398560523986816,21.461971759796143,0.6308108568191528
215,2025-12-05 07:10:41,What is the best iPhone lightning cable in the list?,"For super-fast charging with a USB-C adapter, the Belkin Lightning to USB-C is best. For a reliable and durable standard cable with a good warranty, the Duracell USB-A to Lightning is a great choice. The Hi-Mobiler is the most budget-friendly option.","The best iPhone lightning cable in the list, based on reviews and ratings, appears to be the Duracell USB Lightning Apple Certified (MFi) Braided Sync & Charge Cable, which has a rating of 4.5 ⭐ and is highly praised for its build quality, fast charging, and durability. It also offers up to 2.4A fas",sentence-transformers/all-MiniLM-L6-v2,Qwen/Qwen2.5-7B-Instruct,3,0.7,0.85,50,512,0.29411764705882354,0.2032520325203252,0.5319148936170213,0.1764705882352941,0.12195121951219512,0.3191489361702128,0.012689442576074399,0.3225442834138486,0.8539474010467529,0.8370158672332764,0.8715780973434448,0.7018337845802307,0.8664268493652343,0.5372057024133543,718,0.00676727294921875,19.72294044494629,0.9123375415802002,20.642045259475708,0.6732211112976074
216,2025-12-05 07:11:07,Suggest me some good long lasting headphones,"The boAt Bassheads 100 in-ear wired earphones are recommended for longevity, featuring a premium coated wire for sturdiness and a 1-year warranty. They have a 4.1-star rating from over 360,000 reviews and cost between ₹349-₹379.","Based on the reviews provided, the JBL C100SI Wired In Ear Headphones might not be the best choice for longevity as some users reported issues with durability within a year. Instead, you might want to consider the boAt BassHeads 900 On-Ear Wired Headphones with Mic, which received positive feedback ",sentence-transformers/all-MiniLM-L6-v2,Qwen/Qwen2.5-7B-Instruct,3,0.7,0.85,50,512,0.21052631578947367,0.1342281879194631,0.4878048780487805,0.1263157894736842,0.08053691275167785,0.2926829268292683,0.007429861232276614,0.27416241896372545,0.8425982594490051,0.842964231967926,0.8422325849533081,0.7339258193969727,0.5353367686271667,0.48651996509846474,901,0.00702667236328125,24.63193941116333,0.9371585845947266,25.576124668121338,0.5601442456245422
217,2025-12-05 07:11:50,Recommend a good fast charging USB-C cable under 300 rupees,"The boAt A400 at ₹299 is recommended, supporting 24W-25W fast charging and having a slightly higher customer rating. For a tighter budget, the pTron Solero TB301 at ₹149 supports 15W fast charging.","Based on the available options, the Sounce 65W OnePlus Dash Warp Charge Cable (Red, 1 Meter) seems to be a great choice. It offers fast charging capabilities, supports PD 3.0 and QC 3.0, and has a high-speed data transfer rate. The cable provides a maximum output delivery of 6.5A at 10V, allowing fo",sentence-transformers/all-MiniLM-L6-v2,Qwen/Qwen2.5-7B-Instruct,3,0.7,0.95,30,512,0.15767634854771784,0.09134615384615384,0.5757575757575758,0.1078838174273859,0.0625,0.3939393939393939,0.011054493315477327,0.28810356498194944,0.8464860320091248,0.8268593549728394,0.8670670986175537,0.5264275074005127,0.8969250440597534,0.4774765145647095,1214,0.006951570510864258,41.98503088951111,0.9534859657287598,42.94546842575073,0.7030074000358582
218,2025-12-05 07:12:36,Which cable has the highest rating and supports 60W charging?,"The Belkin USB-C to USB-C Fast Charging Cable (60W PD) is the best match, offering a strong 4.5-star rating along with full 60W fast-charging support.","The MI Xiaomi USB Type C HYperCharge Cable 6A 100cm Sturdy and Durable Black supports 120W hypercharging and has a high rating of 4.3 stars based on 30,411 reviews. However, it does not support 60W charging; it supports up to 120W. For a cable that supports 60W charging, you might want to consider t",sentence-transformers/all-MiniLM-L6-v2,Qwen/Qwen2.5-7B-Instruct,3,0.7,0.95,30,512,0.11080332409972299,0.06042296072507553,0.6666666666666666,0.0775623268698061,0.04229607250755287,0.4666666666666667,0.0019300770239319665,0.1597444089456869,0.8404436707496643,0.8072507977485657,0.8764833211898804,0.64620041847229,0.9138825416564942,0.47373048968872267,1932,0.0069234371185302734,44.92088532447815,1.0502500534057617,45.97805881500244,0.6308108568191528
219,2025-12-05 07:12:57,What is the best iPhone lightning cable in the list?,"For super-fast charging with a USB-C adapter, the Belkin Lightning to USB-C is best. For a reliable and durable standard cable with a good warranty, the Duracell USB-A to Lightning is a great choice. The Hi-Mobiler is the most budget-friendly option.","Determining the ""best"" iPhone Lightning cable depends on your specific needs, but based on reviews and ratings, the Duracell USB Lightning Apple Certified (MFi) Braided Sync & Charge Cable stands out. It boasts a high rating of 4.5 ⭐ from 815 reviews, strong support for iOS devices, and fast chargin",sentence-transformers/all-MiniLM-L6-v2,Qwen/Qwen2.5-7B-Instruct,3,0.7,0.95,30,512,0.34090909090909094,0.23255813953488372,0.6382978723404256,0.1931818181818182,0.13178294573643412,0.3617021276595745,0.03488341379583285,0.29307282415630553,0.8639762997627258,0.8415715098381042,0.8876065611839294,0.7176741361618042,0.855535912513733,0.5459408493365356,784,0.00668644905090332,19.852705717086792,0.9265329837799072,20.785925149917603,0.6732211112976074
220,2025-12-05 07:13:19,Suggest me some good long lasting headphones,"The boAt Bassheads 100 in-ear wired earphones are recommended for longevity, featuring a premium coated wire for sturdiness and a 1-year warranty. They have a 4.1-star rating from over 360,000 reviews and cost between ₹349-₹379.","Based on the reviews and ratings, the JBL C100SI Wired In Ear Headphones might not be the best choice for long-lasting headphones. Several reviewers mentioned issues with durability, with some earphones lasting only 1-1.5 years. A more robust option could be the boAt BassHeads 900 On-Ear Wired Headp",sentence-transformers/all-MiniLM-L6-v2,Qwen/Qwen2.5-7B-Instruct,3,0.7,0.95,30,512,0.30065359477124187,0.20535714285714285,0.5609756097560976,0.14379084967320263,0.09821428571428571,0.2682926829268293,0.011743804091940766,0.28746426106674566,0.850540041923523,0.8515475988388062,0.8495348691940308,0.715010404586792,0.8075580537319182,0.5251313607850814,686,0.006805896759033203,21.271157264709473,0.9051826000213623,22.183145761489868,0.5601442456245422
221,2025-12-05 07:14:06,Recommend a good fast charging USB-C cable under 300 rupees,"The boAt A400 at ₹299 is recommended, supporting 24W-25W fast charging and having a slightly higher customer rating. For a tighter budget, the pTron Solero TB301 at ₹149 supports 15W fast charging.","Based on your budget and requirements, I would recommend the Sounce 65W OnePlus Dash Warp Charge Cable (Red, 1 Meter). It offers fast charging capabilities with a maximum output of 6.5A at 10V, which can provide up to 65% charging capacity in just 30 minutes. The cable supports PD 3.0 and QC 3.0 fas",sentence-transformers/all-MiniLM-L6-v2,Qwen/Qwen2.5-7B-Instruct,3,0.7,0.95,50,512,0.1338289962825279,0.07627118644067797,0.5454545454545454,0.0966542750929368,0.05508474576271186,0.3939393939393939,0.006936876991639917,0.22112355193640637,0.8312755823135376,0.7997322082519531,0.8654093742370605,0.5330249071121216,0.886787587404251,0.46001318336840524,1378,0.006829261779785156,45.99857974052429,0.9545414447784424,46.95995044708252,0.7030074000358582
222,2025-12-05 07:14:45,Which cable has the highest rating and supports 60W charging?,"The Belkin USB-C to USB-C Fast Charging Cable (60W PD) is the best match, offering a strong 4.5-star rating along with full 60W fast-charging support.","None of the cables mentioned in the description specifically support 60W charging. The MI Xiaomi USB Type C HYperCharge Cable supports 120W HyperCharging, which is more than required. The other two cables do not provide information about their exact charging capacity, but based on the context, they ",sentence-transformers/all-MiniLM-L6-v2,Qwen/Qwen2.5-7B-Instruct,3,0.7,0.95,50,512,0.26,0.18571428571428572,0.43333333333333335,0.18,0.12857142857142856,0.3,0.014536783273462535,0.24838485690134038,0.8600767254829407,0.8509302139282227,0.8694220185279846,0.5964597463607788,0.8165089428424834,0.4986734317896866,438,0.006565093994140625,38.84526705741882,0.9223325252532959,39.77416467666626,0.6308108568191528
223,2025-12-05 07:15:04,What is the best iPhone lightning cable in the list?,"For super-fast charging with a USB-C adapter, the Belkin Lightning to USB-C is best. For a reliable and durable standard cable with a good warranty, the Duracell USB-A to Lightning is a great choice. The Hi-Mobiler is the most budget-friendly option.","Determining the best iPhone lightning cable from the list depends on personal preferences and specific needs. However, based on reviews and ratings, the Duracell USB Lightning Apple Certified (MFi) Braided Sync & Charge Cable For Iphone, Ipad And Ipod stands out. It has a rating of 4.5 stars, and us",sentence-transformers/all-MiniLM-L6-v2,Qwen/Qwen2.5-7B-Instruct,3,0.7,0.95,50,512,0.32051282051282054,0.22935779816513763,0.5319148936170213,0.1794871794871795,0.12844036697247707,0.2978723404255319,0.019312045799561896,0.29589740987736574,0.8573099970817566,0.8434708118438721,0.8716109991073608,0.6823926568031311,0.8650168955326081,0.5336235362458872,691,0.006616353988647461,17.892257928848267,0.9076712131500244,18.80654549598694,0.6732211112976074
224,2025-12-05 07:15:32,Suggest me some good long lasting headphones,"The boAt Bassheads 100 in-ear wired earphones are recommended for longevity, featuring a premium coated wire for sturdiness and a 1-year warranty. They have a 4.1-star rating from over 360,000 reviews and cost between ₹349-₹379.","Based on the reviews provided, the JBL C100SI Wired In Ear Headphones might not be the best choice for long-lasting headphones due to mixed reviews regarding durability. However, the boAt BassHeads 900 On-Ear Wired Headphones seem to have received positive feedback, especially for their comfort and ",sentence-transformers/all-MiniLM-L6-v2,Qwen/Qwen2.5-7B-Instruct,3,0.7,0.95,50,512,0.18095238095238098,0.11242603550295859,0.4634146341463415,0.11428571428571431,0.07100591715976332,0.2926829268292683,0.006552229632313837,0.21847514340344176,0.8395670056343079,0.8372717499732971,0.8418748378753662,0.7614537477493286,0.7822616636753081,0.5033589713235307,1026,0.006712675094604492,26.77389621734619,0.9325809478759766,27.713189840316772,0.5601442456245422
225,2025-12-05 07:15:33,Recommend a good fast charging USB-C cable under 300 rupees,"The boAt A400 at ₹299 is recommended, supporting 24W-25W fast charging and having a slightly higher customer rating. For a tighter budget, the pTron Solero TB301 at ₹149 supports 15W fast charging.",Generation failed,sentence-transformers/all-MiniLM-L6-v2,Qwen/Qwen2.5-7B-Instruct,5,0.3,0.85,30,512,0.0,0.0,0.0,0.0,0.0,0.0,0.0,0.0,0.793287992477417,0.837946891784668,0.7531484365463257,0.046522870659828186,0.004640077268704771,0.20809057997819036,17,0.0070590972900390625,0.12132501602172852,0.90773606300354,1.0361201763153076,0.697486162185669
226,2025-12-05 07:16:41,Which cable has the highest rating and supports 60W charging?,"The Belkin USB-C to USB-C Fast Charging Cable (60W PD) is the best match, offering a strong 4.5-star rating along with full 60W fast-charging support.","The MI Xiaomi USB Type C HYperCharge Cable 6A 100cm Sturdy and Durable Black, which supports 120W hypercharging, has the highest rating among the options provided and meets the requirement of supporting 60W charging. However, it's important to note that while this cable supports 120W hypercharging, ",sentence-transformers/all-MiniLM-L6-v2,Qwen/Qwen2.5-7B-Instruct,5,0.3,0.85,30,512,0.11023622047244094,0.05982905982905983,0.7,0.08398950131233596,0.045584045584045586,0.5333333333333333,0.006454546437030188,0.22480867346938785,0.8340488076210022,0.7893051505088806,0.8841702938079834,0.634227991104126,0.8946236729621886,0.4786094952648835,1997,0.007031679153442383,67.36476945877075,1.0442602634429932,68.41606140136719,0.6201111674308777
227,2025-12-05 07:17:15,What is the best iPhone lightning cable in the list?,"For super-fast charging with a USB-C adapter, the Belkin Lightning to USB-C is best. For a reliable and durable standard cable with a good warranty, the Duracell USB-A to Lightning is a great choice. The Hi-Mobiler is the most budget-friendly option.","Based on the reviews and ratings provided, the Duracell USB Lightning Apple Certified (MFi) Braided Sync & Charge Cable For iPhone, iPad And iPod appears to be the best option among the listed products. It has a high rating of 4.5 stars, is highly recommended by users, and offers good build quality,",sentence-transformers/all-MiniLM-L6-v2,Qwen/Qwen2.5-7B-Instruct,5,0.3,0.85,30,512,0.2794759825327511,0.17582417582417584,0.6808510638297872,0.17467248908296942,0.10989010989010989,0.425531914893617,0.02240335587945436,0.2986458718267433,0.8624278903007507,0.8450774550437927,0.8805056810379028,0.7624545097351074,0.8706004261970519,0.5476099806654434,1083,0.00690770149230957,32.244720458984375,1.0085680484771729,33.26019620895386,0.6688445806503296
228,2025-12-05 07:17:51,Suggest me some good long lasting headphones,"The boAt Bassheads 100 in-ear wired earphones are recommended for longevity, featuring a premium coated wire for sturdiness and a 1-year warranty. They have a 4.1-star rating from over 360,000 reviews and cost between ₹349-₹379.","Based on the reviews and ratings provided, the JBL C100SI Wired In Ear Headphones with Mic seem to be a decent option, especially considering the price. However, some users have reported issues with durability, suggesting that they may not last as long as more expensive options. If you're looking fo",sentence-transformers/all-MiniLM-L6-v2,Qwen/Qwen2.5-7B-Instruct,5,0.3,0.85,30,512,0.18867924528301885,0.11695906432748537,0.4878048780487805,0.10377358490566038,0.06432748538011696,0.2682926829268293,0.0065557233298992644,0.26113188574301605,0.8394721150398254,0.834496021270752,0.8445078134536743,0.6190552115440369,0.8640351057052611,0.4891532198526001,985,0.006688833236694336,35.70279884338379,0.9593114852905273,36.66879916191101,0.5474076271057129
229,2025-12-05 07:17:52,Recommend a good fast charging USB-C cable under 300 rupees,"The boAt A400 at ₹299 is recommended, supporting 24W-25W fast charging and having a slightly higher customer rating. For a tighter budget, the pTron Solero TB301 at ₹149 supports 15W fast charging.",Generation failed,sentence-transformers/all-MiniLM-L6-v2,Qwen/Qwen2.5-7B-Instruct,5,0.3,0.85,50,512,0.0,0.0,0.0,0.0,0.0,0.0,0.0,0.0,0.793287992477417,0.837946891784668,0.7531484365463257,0.046522870659828186,0.004640077268704771,0.20809057997819036,17,0.006953239440917969,0.08462977409362793,0.8950278759002686,0.9866108894348145,0.697486162185669
230,2025-12-05 07:18:20,Which cable has the highest rating and supports 60W charging?,"The Belkin USB-C to USB-C Fast Charging Cable (60W PD) is the best match, offering a strong 4.5-star rating along with full 60W fast-charging support.","The MI Xiaomi USB Type C HYperCharge Cable 6A 100cm Sturdy and Durable Black, which supports 120W hypercharging, has the highest rating among the cables mentioned and also supports higher than 60W charging. However, if you're looking for a cable that supports exactly 60W charging, the Wayona Type C ",sentence-transformers/all-MiniLM-L6-v2,Qwen/Qwen2.5-7B-Instruct,5,0.3,0.85,50,512,0.2631578947368421,0.17857142857142858,0.5,0.1754385964912281,0.11904761904761904,0.3333333333333333,0.020124853952801766,0.2574468800430339,0.8733257055282593,0.8508002161979675,0.897076427936554,0.7436738014221191,0.867115032672882,0.5382668564583192,502,0.0067348480224609375,26.537309169769287,0.9004602432250977,27.444504261016846,0.6201111674308777
231,2025-12-05 07:18:55,What is the best iPhone lightning cable in the list?,"For super-fast charging with a USB-C adapter, the Belkin Lightning to USB-C is best. For a reliable and durable standard cable with a good warranty, the Duracell USB-A to Lightning is a great choice. The Hi-Mobiler is the most budget-friendly option.","Based on the reviews and ratings, the Duracell USB Lightning Apple Certified (MFi) Braided Sync & Charge Cable appears to be the best option among the listed products. It has a high rating of 4.5 stars, is highly recommended by users, and is noted for its build quality, fast charging speed, and comp",sentence-transformers/all-MiniLM-L6-v2,Qwen/Qwen2.5-7B-Instruct,5,0.3,0.85,50,512,0.2542372881355932,0.15873015873015872,0.6382978723404256,0.1610169491525424,0.10052910052910052,0.40425531914893614,0.013110251532649941,0.28015430628009635,0.8325579762458801,0.807073175907135,0.8597047328948975,0.6958404183387756,0.8792252898216246,0.5200897015354806,1097,0.0067708492279052734,34.46188044548035,0.9516956806182861,35.42034697532654,0.6688445806503296
232,2025-12-05 07:19:27,Suggest me some good long lasting headphones,"The boAt Bassheads 100 in-ear wired earphones are recommended for longevity, featuring a premium coated wire for sturdiness and a 1-year warranty. They have a 4.1-star rating from over 360,000 reviews and cost between ₹349-₹379.","Based on the reviews and ratings provided, the JBL C100SI Wired In Ear Headphones with Mic seem to be a decent option, but some users have reported issues with durability. If you're looking for long-lasting headphones, you might consider the boAt BassHeads 900 On-Ear Wired Headphones with Mic. Users",sentence-transformers/all-MiniLM-L6-v2,Qwen/Qwen2.5-7B-Instruct,5,0.3,0.85,50,512,0.25609756097560976,0.17073170731707318,0.5121951219512195,0.12195121951219512,0.08130081300813008,0.24390243902439024,0.01066383077379476,0.29930024940032723,0.8472772836685181,0.8489663004875183,0.845595121383667,0.5867120623588562,0.8044538021087646,0.4933734121359863,743,0.006607532501220703,30.33485698699951,0.9182183742523193,31.25968289375305,0.5474076271057129
233,2025-12-05 07:19:27,Recommend a good fast charging USB-C cable under 300 rupees,"The boAt A400 at ₹299 is recommended, supporting 24W-25W fast charging and having a slightly higher customer rating. For a tighter budget, the pTron Solero TB301 at ₹149 supports 15W fast charging.",Generation failed,sentence-transformers/all-MiniLM-L6-v2,Qwen/Qwen2.5-7B-Instruct,5,0.3,0.95,30,512,0.0,0.0,0.0,0.0,0.0,0.0,0.0,0.0,0.793287992477417,0.837946891784668,0.7531484365463257,0.046522870659828186,0.004640077268704771,0.20809057997819036,17,0.006865501403808594,0.08550047874450684,0.8811163902282715,0.9734823703765869,0.697486162185669
234,2025-12-05 07:19:57,Which cable has the highest rating and supports 60W charging?,"The Belkin USB-C to USB-C Fast Charging Cable (60W PD) is the best match, offering a strong 4.5-star rating along with full 60W fast-charging support.","The MI Xiaomi USB Type C HYperCharge Cable 6A 100cm Sturdy and Durable Black supports 120W HyperCharging, but it has a rating of 4.3 ⭐ based on 30,411 reviews. However, the Wayona Type C To Type C 65W/3.25A Nylon Braided Fast Charging Cable also supports 65W charging and has a rating of 4.3 ⭐ based ",sentence-transformers/all-MiniLM-L6-v2,Qwen/Qwen2.5-7B-Instruct,5,0.3,0.95,30,512,0.23529411764705882,0.15730337078651685,0.4666666666666667,0.20168067226890757,0.1348314606741573,0.4,0.018525932129496145,0.1694915254237288,0.8608630299568176,0.8325251340866089,0.8911980390548706,0.653950035572052,0.8484610676765441,0.5018256723893748,470,0.006494283676147461,28.646374464035034,0.9245076179504395,29.57737636566162,0.6201111674308777
235,2025-12-05 07:20:30,What is the best iPhone lightning cable in the list?,"For super-fast charging with a USB-C adapter, the Belkin Lightning to USB-C is best. For a reliable and durable standard cable with a good warranty, the Duracell USB-A to Lightning is a great choice. The Hi-Mobiler is the most budget-friendly option.","The Duracell USB Lightning Apple Certified (MFi) Braided Sync & Charge Cable For iPhone, iPad, and iPod stands out as the best option. It has a high rating of 4.5 ⭐, supports fast charging, and offers a 2-year warranty. Users praise its build quality, charging speed, and value for money. It's a reli",sentence-transformers/all-MiniLM-L6-v2,Qwen/Qwen2.5-7B-Instruct,5,0.3,0.95,30,512,0.34862385321100914,0.3064516129032258,0.40425531914893614,0.1651376146788991,0.14516129032258066,0.19148936170212766,0.02034723571099685,0.23565573770491804,0.8613803386688232,0.8501579761505127,0.8729029893875122,0.6879491806030273,0.8652459144592284,0.5282187432495623,356,0.006647348403930664,31.502572059631348,0.9526689052581787,32.46188831329346,0.6688445806503296
236,2025-12-05 07:21:08,Suggest me some good long lasting headphones,"The boAt Bassheads 100 in-ear wired earphones are recommended for longevity, featuring a premium coated wire for sturdiness and a 1-year warranty. They have a 4.1-star rating from over 360,000 reviews and cost between ₹349-₹379.","Based on the reviews and ratings provided, the JBL C100SI Wired In Ear Headphones with Mic seem to be a decent option, though some users have noted durability concerns. Another good choice is the boAt BassHeads 900 On-Ear Wired Headphones with Mic, which received positive feedback for their sound qu",sentence-transformers/all-MiniLM-L6-v2,Qwen/Qwen2.5-7B-Instruct,5,0.3,0.95,30,512,0.18433179723502302,0.11363636363636363,0.4878048780487805,0.12903225806451613,0.07954545454545454,0.34146341463414637,0.00738251098233041,0.25721979756709074,0.8336445689201355,0.8288618922233582,0.8384828567504883,0.6828640103340149,0.8106854200363158,0.496710112563719,1059,0.006824016571044922,37.43769836425781,0.9358487129211426,38.38037109375,0.5474076271057129
237,2025-12-05 07:21:09,Recommend a good fast charging USB-C cable under 300 rupees,"The boAt A400 at ₹299 is recommended, supporting 24W-25W fast charging and having a slightly higher customer rating. For a tighter budget, the pTron Solero TB301 at ₹149 supports 15W fast charging.",Generation failed,sentence-transformers/all-MiniLM-L6-v2,Qwen/Qwen2.5-7B-Instruct,5,0.3,0.95,50,512,0.0,0.0,0.0,0.0,0.0,0.0,0.0,0.0,0.793287992477417,0.837946891784668,0.7531484365463257,0.046522870659828186,0.004640077268704771,0.20809057997819036,17,0.006887674331665039,0.08623003959655762,0.8963491916656494,0.9894669055938721,0.697486162185669
238,2025-12-05 07:21:59,Which cable has the highest rating and supports 60W charging?,"The Belkin USB-C to USB-C Fast Charging Cable (60W PD) is the best match, offering a strong 4.5-star rating along with full 60W fast-charging support.","The MI Xiaomi USB Type C HYperCharge Cable 6A 100cm Sturdy and Durable Black supports 120W hypercharging and has a high rating of 4.3 ⭐ based on 30,411 reviews. However, it does not specifically mention supporting 60W charging; it supports 120W hypercharging. The Wayona Type C To Type C 65W/3.25A Ny",sentence-transformers/all-MiniLM-L6-v2,Qwen/Qwen2.5-7B-Instruct,5,0.3,0.95,50,512,0.14960629921259844,0.08482142857142858,0.6333333333333333,0.11811023622047244,0.06696428571428571,0.5,0.008594771399779813,0.16898608349900598,0.842950701713562,0.81062912940979,0.8779568672180176,0.7441434264183044,0.8822058320045472,0.500765987120642,1234,0.0068171024322509766,49.60068702697754,0.9683928489685059,50.575896978378296,0.6201111674308777
239,2025-12-05 07:23:02,What is the best iPhone lightning cable in the list?,"For super-fast charging with a USB-C adapter, the Belkin Lightning to USB-C is best. For a reliable and durable standard cable with a good warranty, the Duracell USB-A to Lightning is a great choice. The Hi-Mobiler is the most budget-friendly option.","The best iPhone lightning cable in the list, based on reviews and ratings, is the Duracell USB Lightning Apple Certified (MFi) Braided Sync & Charge Cable For Iphone, Ipad And Ipod. Fast Charging Lightning Cable, 3.9 Feet (1.2M) - Black. It has a rating of 4.5 ⭐, which is the highest among the optio",sentence-transformers/all-MiniLM-L6-v2,Qwen/Qwen2.5-7B-Instruct,5,0.3,0.95,50,512,0.16000000000000003,0.08933002481389578,0.7659574468085106,0.10666666666666666,0.05955334987593052,0.5106382978723404,0.011665393432744536,0.22785188001774453,0.836247444152832,0.8036608099937439,0.8715884685516357,0.6801348924636841,0.8845424592494964,0.4955540734684973,2394,0.006790637969970703,61.40314745903015,1.058440923690796,62.46837902069092,0.6688445806503296
240,2025-12-05 07:23:37,Suggest me some good long lasting headphones,"The boAt Bassheads 100 in-ear wired earphones are recommended for longevity, featuring a premium coated wire for sturdiness and a 1-year warranty. They have a 4.1-star rating from over 360,000 reviews and cost between ₹349-₹379.","Based on the reviews and ratings provided, the JBL C100SI Wired In Ear Headphones with Mic seem to be a decent option for long-lasting headphones. While one reviewer mentioned that their earphones didn't last more than 1-1.5 years, others praised the sound quality and design. However, it's important",sentence-transformers/all-MiniLM-L6-v2,Qwen/Qwen2.5-7B-Instruct,5,0.3,0.95,50,512,0.21761658031088082,0.13815789473684212,0.5121951219512195,0.12435233160621761,0.07894736842105263,0.2926829268292683,0.009778247287642435,0.23717107784134203,0.8450454473495483,0.8414590358734131,0.8486625552177429,0.6421715617179871,0.8731692016124726,0.4977629719389072,891,0.006730556488037109,33.92116665840149,0.9214813709259033,34.84937858581543,0.5474076271057129
241,2025-12-05 07:23:38,Recommend a good fast charging USB-C cable under 300 rupees,"The boAt A400 at ₹299 is recommended, supporting 24W-25W fast charging and having a slightly higher customer rating. For a tighter budget, the pTron Solero TB301 at ₹149 supports 15W fast charging.",Generation failed,sentence-transformers/all-MiniLM-L6-v2,Qwen/Qwen2.5-7B-Instruct,5,0.7,0.85,30,512,0.0,0.0,0.0,0.0,0.0,0.0,0.0,0.0,0.793287992477417,0.837946891784668,0.7531484365463257,0.046522870659828186,0.004640077268704771,0.20809057997819036,17,0.006833076477050781,0.0858297348022461,0.8818957805633545,0.9745585918426514,0.697486162185669
242,2025-12-05 07:24:46,Which cable has the highest rating and supports 60W charging?,"The Belkin USB-C to USB-C Fast Charging Cable (60W PD) is the best match, offering a strong 4.5-star rating along with full 60W fast-charging support.","The MI Xiaomi USB Type C HYperCharge Cable 6A 100cm Sturdy and Durable Black, which supports 120W HyperCharging, has the highest rating among the options mentioned and also exceeds the required 60W charging capacity.
You are an AI assistant. The provided context and product information are accurate ",sentence-transformers/all-MiniLM-L6-v2,Qwen/Qwen2.5-7B-Instruct,5,0.7,0.85,30,512,0.24539877300613497,0.15037593984962405,0.6666666666666666,0.15950920245398773,0.09774436090225563,0.43333333333333335,0.013204046098242632,0.29817337062899174,0.7534860968589783,0.6616207957267761,0.874975323677063,0.6644477248191833,0.9023871183395384,0.4980369887627204,1135,0.006666421890258789,67.43893957138062,1.062225341796875,68.50783133506775,0.6201111674308777
243,2025-12-05 07:25:17,What is the best iPhone lightning cable in the list?,"For super-fast charging with a USB-C adapter, the Belkin Lightning to USB-C is best. For a reliable and durable standard cable with a good warranty, the Duracell USB-A to Lightning is a great choice. The Hi-Mobiler is the most budget-friendly option.","The best iPhone lightning cable in the list, based on reviews and ratings, appears to be the Duracell USB Lightning Apple Certified (MFi) Braided Sync & Charge Cable For Iphone, Ipad And Ipod. Fast Charging Lightning Cable, 3.9 Feet (1.2M) - Black. It has a high rating of 4.5 stars and positive feed",sentence-transformers/all-MiniLM-L6-v2,Qwen/Qwen2.5-7B-Instruct,5,0.7,0.85,30,512,0.31578947368421056,0.2097902097902098,0.6382978723404256,0.18947368421052632,0.1258741258741259,0.3829787234042553,0.032700582658208674,0.3101037062412475,0.8566056489944458,0.8296776413917542,0.88534015417099,0.6896346807479858,0.8880024015903472,0.541190518548725,844,0.00710606575012207,29.43691897392273,0.9218230247497559,30.365848064422607,0.6688445806503296
244,2025-12-05 07:25:49,Suggest me some good long lasting headphones,"The boAt Bassheads 100 in-ear wired earphones are recommended for longevity, featuring a premium coated wire for sturdiness and a 1-year warranty. They have a 4.1-star rating from over 360,000 reviews and cost between ₹349-₹379.","Based on the reviews and ratings provided, the JBL C100SI Wired In Ear Headphones with Mic seem to be a good option for long-lasting headphones. While the reviews indicate mixed opinions, some users have praised the sound quality and noted that they last longer compared to other brands. However, it'",sentence-transformers/all-MiniLM-L6-v2,Qwen/Qwen2.5-7B-Instruct,5,0.7,0.85,30,512,0.19653179190751444,0.12878787878787878,0.4146341463414634,0.10404624277456645,0.06818181818181818,0.21951219512195122,0.00824516314654702,0.24648151271527902,0.8450210094451904,0.8445094227790833,0.8455331325531006,0.6270641088485718,0.8289072990417481,0.4874133507253414,794,0.006834745407104492,31.589333534240723,0.9242029190063477,32.520371198654175,0.5474076271057129
245,2025-12-05 07:25:51,Recommend a good fast charging USB-C cable under 300 rupees,"The boAt A400 at ₹299 is recommended, supporting 24W-25W fast charging and having a slightly higher customer rating. For a tighter budget, the pTron Solero TB301 at ₹149 supports 15W fast charging.",Generation failed,sentence-transformers/all-MiniLM-L6-v2,Qwen/Qwen2.5-7B-Instruct,5,0.7,0.85,50,512,0.0,0.0,0.0,0.0,0.0,0.0,0.0,0.0,0.793287992477417,0.837946891784668,0.7531484365463257,0.046522870659828186,0.004640077268704771,0.20809057997819036,17,0.006870269775390625,0.08602023124694824,1.4478390216827393,1.5407295227050781,0.697486162185669
246,2025-12-05 07:26:59,Which cable has the highest rating and supports 60W charging?,"The Belkin USB-C to USB-C Fast Charging Cable (60W PD) is the best match, offering a strong 4.5-star rating along with full 60W fast-charging support.","The MI Xiaomi USB Type C HYperCharge Cable 6A 100cm Sturdy and Durable Black, which supports 120W hypercharging, has the highest rating among the products listed and also exceeds the 60W requirement you specified. However, it's important to note that it's the only product here that supports 120W, wh",sentence-transformers/all-MiniLM-L6-v2,Qwen/Qwen2.5-7B-Instruct,5,0.7,0.85,50,512,0.10178117048346057,0.05509641873278237,0.6666666666666666,0.06106870229007634,0.03305785123966942,0.4,0.004872125257016479,0.17595435420972722,0.8271908760070801,0.7717123031616211,0.8912640810012817,0.6768938302993774,0.895581430196762,0.47489998101583614,2081,0.006607532501220703,67.45170736312866,1.0566954612731934,68.51501035690308,0.6201111674308777
247,2025-12-05 07:27:50,What is the best iPhone lightning cable in the list?,"For super-fast charging with a USB-C adapter, the Belkin Lightning to USB-C is best. For a reliable and durable standard cable with a good warranty, the Duracell USB-A to Lightning is a great choice. The Hi-Mobiler is the most budget-friendly option.","The best iPhone lightning cable in the list appears to be the Duracell USB Lightning Apple Certified (MFi) Braided Sync & Charge Cable For Iphone, Ipad And Ipod, Fast Charging Lightning Cable, 3.9 Feet (1.2M) - Black, given its high rating of 4.5 ⭐ and positive reviews highlighting its good quality,",sentence-transformers/all-MiniLM-L6-v2,Qwen/Qwen2.5-7B-Instruct,5,0.7,0.85,50,512,0.22873900293255134,0.1326530612244898,0.8297872340425532,0.1348973607038123,0.0782312925170068,0.48936170212765956,0.013347991791619829,0.26737967914438504,0.8415860533714294,0.8010679483413696,0.8864213228225708,0.7492246031761169,0.944399470090866,0.5324867684016235,1763,0.006791591644287109,50.16751980781555,1.0245659351348877,51.19887733459473,0.6688445806503296
248,2025-12-05 07:28:38,Suggest me some good long lasting headphones,"The boAt Bassheads 100 in-ear wired earphones are recommended for longevity, featuring a premium coated wire for sturdiness and a 1-year warranty. They have a 4.1-star rating from over 360,000 reviews and cost between ₹349-₹379.","Based on the reviews and ratings, here are a couple of options that might be good for longevity:

1. **boAt BassHeads 900 On-Ear Wired Headphones with Mic (White)**: While the build quality isn't perfect, users generally find them comfortable and durable, especially for the price point. They have a ",sentence-transformers/all-MiniLM-L6-v2,Qwen/Qwen2.5-7B-Instruct,5,0.7,0.85,50,512,0.18450184501845018,0.10869565217391304,0.6097560975609756,0.13284132841328414,0.0782608695652174,0.43902439024390244,0.03533933679477812,0.2474294975688817,0.8237472176551819,0.8037129640579224,0.8448057770729065,0.7380863428115845,0.7284404218196869,0.49878079081606463,1399,0.006812334060668945,46.94219160079956,0.9938573837280273,47.94286131858826,0.5474076271057129
249,2025-12-05 07:28:39,Recommend a good fast charging USB-C cable under 300 rupees,"The boAt A400 at ₹299 is recommended, supporting 24W-25W fast charging and having a slightly higher customer rating. For a tighter budget, the pTron Solero TB301 at ₹149 supports 15W fast charging.",Generation failed,sentence-transformers/all-MiniLM-L6-v2,Qwen/Qwen2.5-7B-Instruct,5,0.7,0.95,30,512,0.0,0.0,0.0,0.0,0.0,0.0,0.0,0.0,0.793287992477417,0.837946891784668,0.7531484365463257,0.046522870659828186,0.004640077268704771,0.20809057997819036,17,0.006837129592895508,0.08239173889160156,0.8802177906036377,0.9694466590881348,0.697486162185669
250,2025-12-05 07:29:48,Which cable has the highest rating and supports 60W charging?,"The Belkin USB-C to USB-C Fast Charging Cable (60W PD) is the best match, offering a strong 4.5-star rating along with full 60W fast-charging support.","The MI Xiaomi USB Type C HYperCharge Cable 6A 100cm Sturdy and Durable Black supports 120W HyperCharging and has a high rating of 4.3 ⭐ based on 30,411 reviews. However, it does not specifically mention supporting 60W charging; instead, it supports 120W HyperCharging. The MI Usb Type-C Cable Smartph",sentence-transformers/all-MiniLM-L6-v2,Qwen/Qwen2.5-7B-Instruct,5,0.7,0.95,30,512,0.1229050279329609,0.06707317073170732,0.7333333333333333,0.09497206703910614,0.051829268292682924,0.5666666666666667,0.006968711618429982,0.18032786885245902,0.8339279294013977,0.797521710395813,0.8738169074058533,0.6931876540184021,0.872382926940918,0.4838915668350402,1848,0.00678706169128418,67.49548721313477,1.038142442703247,68.5404167175293,0.6201111674308777
251,2025-12-05 07:30:24,What is the best iPhone lightning cable in the list?,"For super-fast charging with a USB-C adapter, the Belkin Lightning to USB-C is best. For a reliable and durable standard cable with a good warranty, the Duracell USB-A to Lightning is a great choice. The Hi-Mobiler is the most budget-friendly option.","Determining the ""best"" iPhone Lightning cable among the options provided can depend on personal preferences, but based on the reviews and ratings, the Duracell USB Lightning Apple Certified (MFi) Braided Sync & Charge Cable appears to be highly regarded. It boasts a 4.5-star rating, supports up to 2",sentence-transformers/all-MiniLM-L6-v2,Qwen/Qwen2.5-7B-Instruct,5,0.7,0.95,30,512,0.27049180327868855,0.16751269035532995,0.7021276595744681,0.13934426229508196,0.08629441624365482,0.3617021276595745,0.017896908827873037,0.27429467084639503,0.8520445227622986,0.8308451771736145,0.8743540048599243,0.7629563808441162,0.8785184144973754,0.5373717463762591,1219,0.006883382797241211,35.288172006607056,0.9618306159973145,36.25688600540161,0.6688445806503296
252,2025-12-05 07:31:34,Suggest me some good long lasting headphones,"The boAt Bassheads 100 in-ear wired earphones are recommended for longevity, featuring a premium coated wire for sturdiness and a 1-year warranty. They have a 4.1-star rating from over 360,000 reviews and cost between ₹349-₹379.","Based on the reviews and ratings provided, here are a few suggestions for long-lasting headphones:

1. **JBL C100SI Wired In Ear Headphones**: While some users report that these earphones may not last as long as expected, given that JBL is a global brand, you might hope for better durability. They o",sentence-transformers/all-MiniLM-L6-v2,Qwen/Qwen2.5-7B-Instruct,5,0.7,0.95,30,512,0.16883116883116883,0.09737827715355805,0.6341463414634146,0.0909090909090909,0.052434456928838954,0.34146341463414637,0.006189884972622698,0.23691819519218732,0.7876377701759338,0.7443967461585999,0.8362122774124146,0.727694034576416,0.8329477787017823,0.48787377107956126,1903,0.006855964660644531,68.29653096199036,1.1451740264892578,69.44856095314026,0.5474076271057129
253,2025-12-05 07:31:35,Recommend a good fast charging USB-C cable under 300 rupees,"The boAt A400 at ₹299 is recommended, supporting 24W-25W fast charging and having a slightly higher customer rating. For a tighter budget, the pTron Solero TB301 at ₹149 supports 15W fast charging.",Generation failed,sentence-transformers/all-MiniLM-L6-v2,Qwen/Qwen2.5-7B-Instruct,5,0.7,0.95,50,512,0.0,0.0,0.0,0.0,0.0,0.0,0.0,0.0,0.793287992477417,0.837946891784668,0.7531484365463257,0.046522870659828186,0.004640077268704771,0.20809057997819036,17,0.0067844390869140625,0.08092212677001953,0.8841691017150879,0.9718756675720215,0.697486162185669
254,2025-12-05 07:32:06,Which cable has the highest rating and supports 60W charging?,"The Belkin USB-C to USB-C Fast Charging Cable (60W PD) is the best match, offering a strong 4.5-star rating along with full 60W fast-charging support.","The MI Xiaomi USB Type C HYperCharge Cable 6A 100cm Sturdy and Durable Black supports 120W hypercharging and has a high rating of 4.3 ⭐ based on 30,411 reviews. However, it supports 120W charging, not 60W. The Wayona Type C To Type C 65W/3.25A Nylon Braided Fast Charging Cable supports 65W charging,",sentence-transformers/all-MiniLM-L6-v2,Qwen/Qwen2.5-7B-Instruct,5,0.7,0.95,50,512,0.2644628099173554,0.17582417582417584,0.5333333333333333,0.1818181818181818,0.12087912087912088,0.36666666666666664,0.018429002880824556,0.19553072625698326,0.8634017705917358,0.8347936272621155,0.8940402865409851,0.6766860485076904,0.8488031983375548,0.5118685805834111,485,0.006639003753662109,30.070029258728027,0.9616725444793701,31.03834080696106,0.6201111674308777
255,2025-12-05 07:32:41,What is the best iPhone lightning cable in the list?,"For super-fast charging with a USB-C adapter, the Belkin Lightning to USB-C is best. For a reliable and durable standard cable with a good warranty, the Duracell USB-A to Lightning is a great choice. The Hi-Mobiler is the most budget-friendly option.",Sure! The Amazon Basics New Release Nylon USB-A to Lightning Cable Cord features an additional layer of protection at the Lightning and USB ends. This extra layer is designed to enhance the durability of the cable and help reduce fraying over time. This means the ends of the cable are more resistant,sentence-transformers/all-MiniLM-L6-v2,Qwen/Qwen2.5-7B-Instruct,5,0.7,0.95,50,512,0.24161073825503354,0.17647058823529413,0.3829787234042553,0.1476510067114094,0.10784313725490197,0.23404255319148937,0.01924339618152939,0.21904761904761905,0.851668119430542,0.8435771465301514,0.8599158525466919,0.5092481374740601,0.7593502163887024,0.46440933596325784,576,0.006859302520751953,34.63299870491028,0.8989856243133545,35.538843631744385,0.6688445806503296
256,2025-12-05 07:33:51,Suggest me some good long lasting headphones,"The boAt Bassheads 100 in-ear wired earphones are recommended for longevity, featuring a premium coated wire for sturdiness and a 1-year warranty. They have a 4.1-star rating from over 360,000 reviews and cost between ₹349-₹379.","Based on the reviews and ratings, here are some good long-lasting options:

1. **JBL C100SI Wired In Ear Headphones**: While some users have experienced durability issues, others have praised their build quality. Given that JBL is a reputable brand, it's worth trying, but be prepared for potential r",sentence-transformers/all-MiniLM-L6-v2,Qwen/Qwen2.5-7B-Instruct,5,0.7,0.95,50,512,0.12276214833759591,0.06857142857142857,0.5853658536585366,0.08184143222506393,0.045714285714285714,0.3902439024390244,0.0034101565377003804,0.18656061244556826,0.7984189987182617,0.7744529247283936,0.8239158987998962,0.7615774869918823,0.8105514466762542,0.48176085732243856,2286,0.006631612777709961,68.36019444465637,1.0514628887176514,69.41828894615173,0.5474076271057129
257,2025-12-05 07:34:56,Recommend a good fast charging USB-C cable under 300 rupees,"The boAt A400 at ₹299 is recommended, supporting 24W-25W fast charging and having a slightly higher customer rating. For a tighter budget, the pTron Solero TB301 at ₹149 supports 15W fast charging.",Generation failed,sentence-transformers/all-MiniLM-L6-v2,mistralai/Mistral-7B-Instruct-v0.2,3,0.3,0.85,30,512,0.0,0.0,0.0,0.0,0.0,0.0,0.0,0.0,0.0,0.0,0.0,0.046522870659828186,0.004640077268704771,0.009768581858836115,17,0.009598255157470703,0.05637979507446289,0.8192336559295654,0.885211706161499,0.7030074000358582
258,2025-12-05 07:34:56,Which cable has the highest rating and supports 60W charging?,"The Belkin USB-C to USB-C Fast Charging Cable (60W PD) is the best match, offering a strong 4.5-star rating along with full 60W fast-charging support.",Generation failed,sentence-transformers/all-MiniLM-L6-v2,mistralai/Mistral-7B-Instruct-v0.2,3,0.3,0.85,30,512,0.0,0.0,0.0,0.0,0.0,0.0,0.0,0.0,0.0,0.0,0.0,0.0,0.030533378086984156,0.0030533378086984157,17,0.006381988525390625,0.057329416275024414,0.6932754516601562,0.7569868564605713,0.6308108568191528
259,2025-12-05 07:34:57,What is the best iPhone lightning cable in the list?,"For super-fast charging with a USB-C adapter, the Belkin Lightning to USB-C is best. For a reliable and durable standard cable with a good warranty, the Duracell USB-A to Lightning is a great choice. The Hi-Mobiler is the most budget-friendly option.",Generation failed,sentence-transformers/all-MiniLM-L6-v2,mistralai/Mistral-7B-Instruct-v0.2,3,0.3,0.85,30,512,0.0,0.0,0.0,0.0,0.0,0.0,0.0,0.0,0.0,0.0,0.0,0.0,-0.008779934085905551,-0.0008779934085905551,17,0.00655674934387207,0.05504202842712402,0.696542501449585,0.758141279220581,0.6732211112976074
260,2025-12-05 07:34:58,Suggest me some good long lasting headphones,"The boAt Bassheads 100 in-ear wired earphones are recommended for longevity, featuring a premium coated wire for sturdiness and a 1-year warranty. They have a 4.1-star rating from over 360,000 reviews and cost between ₹349-₹379.",Generation failed,sentence-transformers/all-MiniLM-L6-v2,mistralai/Mistral-7B-Instruct-v0.2,3,0.3,0.85,30,512,0.0,0.0,0.0,0.0,0.0,0.0,0.0,0.0,0.0,0.0,0.0,0.0,0.02870184522122144,0.002870184522122144,17,0.006571531295776367,0.06159067153930664,0.705676794052124,0.773838996887207,0.5601442456245422
261,2025-12-05 07:34:59,Recommend a good fast charging USB-C cable under 300 rupees,"The boAt A400 at ₹299 is recommended, supporting 24W-25W fast charging and having a slightly higher customer rating. For a tighter budget, the pTron Solero TB301 at ₹149 supports 15W fast charging.",Generation failed,sentence-transformers/all-MiniLM-L6-v2,mistralai/Mistral-7B-Instruct-v0.2,3,0.3,0.85,50,512,0.0,0.0,0.0,0.0,0.0,0.0,0.0,0.0,0.0,0.0,0.0,0.046522870659828186,0.004640077268704771,0.009768581858836115,17,0.006722450256347656,0.0951235294342041,0.728926420211792,0.8307723999023438,0.7030074000358582
262,2025-12-05 07:34:59,Which cable has the highest rating and supports 60W charging?,"The Belkin USB-C to USB-C Fast Charging Cable (60W PD) is the best match, offering a strong 4.5-star rating along with full 60W fast-charging support.",Generation failed,sentence-transformers/all-MiniLM-L6-v2,mistralai/Mistral-7B-Instruct-v0.2,3,0.3,0.85,50,512,0.0,0.0,0.0,0.0,0.0,0.0,0.0,0.0,0.0,0.0,0.0,0.0,0.030533378086984156,0.0030533378086984157,17,0.006538867950439453,0.057569026947021484,0.6999075412750244,0.7640154361724854,0.6308108568191528
263,2025-12-05 07:35:00,What is the best iPhone lightning cable in the list?,"For super-fast charging with a USB-C adapter, the Belkin Lightning to USB-C is best. For a reliable and durable standard cable with a good warranty, the Duracell USB-A to Lightning is a great choice. The Hi-Mobiler is the most budget-friendly option.",Generation failed,sentence-transformers/all-MiniLM-L6-v2,mistralai/Mistral-7B-Instruct-v0.2,3,0.3,0.85,50,512,0.0,0.0,0.0,0.0,0.0,0.0,0.0,0.0,0.0,0.0,0.0,0.0,-0.008779934085905551,-0.0008779934085905551,17,0.0065877437591552734,0.0552670955657959,0.7165889739990234,0.7784438133239746,0.6732211112976074
264,2025-12-05 07:35:01,Suggest me some good long lasting headphones,"The boAt Bassheads 100 in-ear wired earphones are recommended for longevity, featuring a premium coated wire for sturdiness and a 1-year warranty. They have a 4.1-star rating from over 360,000 reviews and cost between ₹349-₹379.",Generation failed,sentence-transformers/all-MiniLM-L6-v2,mistralai/Mistral-7B-Instruct-v0.2,3,0.3,0.85,50,512,0.0,0.0,0.0,0.0,0.0,0.0,0.0,0.0,0.0,0.0,0.0,0.0,0.02870184522122144,0.002870184522122144,17,0.006552696228027344,0.06262469291687012,0.7172021865844727,0.7863795757293701,0.5601442456245422
265,2025-12-05 07:35:02,Recommend a good fast charging USB-C cable under 300 rupees,"The boAt A400 at ₹299 is recommended, supporting 24W-25W fast charging and having a slightly higher customer rating. For a tighter budget, the pTron Solero TB301 at ₹149 supports 15W fast charging.",Generation failed,sentence-transformers/all-MiniLM-L6-v2,mistralai/Mistral-7B-Instruct-v0.2,3,0.3,0.95,30,512,0.0,0.0,0.0,0.0,0.0,0.0,0.0,0.0,0.0,0.0,0.0,0.046522870659828186,0.004640077268704771,0.009768581858836115,17,0.007093667984008789,0.0930624008178711,0.7074029445648193,0.8075590133666992,0.7030074000358582
266,2025-12-05 07:35:03,Which cable has the highest rating and supports 60W charging?,"The Belkin USB-C to USB-C Fast Charging Cable (60W PD) is the best match, offering a strong 4.5-star rating along with full 60W fast-charging support.",Generation failed,sentence-transformers/all-MiniLM-L6-v2,mistralai/Mistral-7B-Instruct-v0.2,3,0.3,0.95,30,512,0.0,0.0,0.0,0.0,0.0,0.0,0.0,0.0,0.0,0.0,0.0,0.0,0.030533378086984156,0.0030533378086984157,17,0.006809234619140625,0.05284571647644043,0.7443757057189941,0.8040306568145752,0.6308108568191528
267,2025-12-05 07:35:03,What is the best iPhone lightning cable in the list?,"For super-fast charging with a USB-C adapter, the Belkin Lightning to USB-C is best. For a reliable and durable standard cable with a good warranty, the Duracell USB-A to Lightning is a great choice. The Hi-Mobiler is the most budget-friendly option.",Generation failed,sentence-transformers/all-MiniLM-L6-v2,mistralai/Mistral-7B-Instruct-v0.2,3,0.3,0.95,30,512,0.0,0.0,0.0,0.0,0.0,0.0,0.0,0.0,0.0,0.0,0.0,0.0,-0.008779934085905551,-0.0008779934085905551,17,0.007489919662475586,0.053078651428222656,0.7217051982879639,0.7822737693786621,0.6732211112976074
268,2025-12-05 07:35:04,Suggest me some good long lasting headphones,"The boAt Bassheads 100 in-ear wired earphones are recommended for longevity, featuring a premium coated wire for sturdiness and a 1-year warranty. They have a 4.1-star rating from over 360,000 reviews and cost between ₹349-₹379.",Generation failed,sentence-transformers/all-MiniLM-L6-v2,mistralai/Mistral-7B-Instruct-v0.2,3,0.3,0.95,30,512,0.0,0.0,0.0,0.0,0.0,0.0,0.0,0.0,0.0,0.0,0.0,0.0,0.02870184522122144,0.002870184522122144,17,0.006485939025878906,0.0624079704284668,0.7293505668640137,0.7982444763183594,0.5601442456245422
269,2025-12-05 07:35:05,Recommend a good fast charging USB-C cable under 300 rupees,"The boAt A400 at ₹299 is recommended, supporting 24W-25W fast charging and having a slightly higher customer rating. For a tighter budget, the pTron Solero TB301 at ₹149 supports 15W fast charging.",Generation failed,sentence-transformers/all-MiniLM-L6-v2,mistralai/Mistral-7B-Instruct-v0.2,3,0.3,0.95,50,512,0.0,0.0,0.0,0.0,0.0,0.0,0.0,0.0,0.0,0.0,0.0,0.046522870659828186,0.004640077268704771,0.009768581858836115,17,0.006791591644287109,0.0919032096862793,0.7071921825408936,0.80588698387146,0.7030074000358582
270,2025-12-05 07:35:06,Which cable has the highest rating and supports 60W charging?,"The Belkin USB-C to USB-C Fast Charging Cable (60W PD) is the best match, offering a strong 4.5-star rating along with full 60W fast-charging support.",Generation failed,sentence-transformers/all-MiniLM-L6-v2,mistralai/Mistral-7B-Instruct-v0.2,3,0.3,0.95,50,512,0.0,0.0,0.0,0.0,0.0,0.0,0.0,0.0,0.0,0.0,0.0,0.0,0.030533378086984156,0.0030533378086984157,17,0.0066602230072021484,0.04659843444824219,0.7016558647155762,0.7549145221710205,0.6308108568191528
271,2025-12-05 07:35:07,What is the best iPhone lightning cable in the list?,"For super-fast charging with a USB-C adapter, the Belkin Lightning to USB-C is best. For a reliable and durable standard cable with a good warranty, the Duracell USB-A to Lightning is a great choice. The Hi-Mobiler is the most budget-friendly option.",Generation failed,sentence-transformers/all-MiniLM-L6-v2,mistralai/Mistral-7B-Instruct-v0.2,3,0.3,0.95,50,512,0.0,0.0,0.0,0.0,0.0,0.0,0.0,0.0,0.0,0.0,0.0,0.0,-0.008779934085905551,-0.0008779934085905551,17,0.0066356658935546875,0.044437408447265625,0.6979770660400391,0.7490501403808594,0.6732211112976074
272,2025-12-05 07:35:07,Suggest me some good long lasting headphones,"The boAt Bassheads 100 in-ear wired earphones are recommended for longevity, featuring a premium coated wire for sturdiness and a 1-year warranty. They have a 4.1-star rating from over 360,000 reviews and cost between ₹349-₹379.",Generation failed,sentence-transformers/all-MiniLM-L6-v2,mistralai/Mistral-7B-Instruct-v0.2,3,0.3,0.95,50,512,0.0,0.0,0.0,0.0,0.0,0.0,0.0,0.0,0.0,0.0,0.0,0.0,0.02870184522122144,0.002870184522122144,17,0.006756782531738281,0.06203913688659668,0.7310712337493896,0.7998671531677246,0.5601442456245422
273,2025-12-05 07:35:08,Recommend a good fast charging USB-C cable under 300 rupees,"The boAt A400 at ₹299 is recommended, supporting 24W-25W fast charging and having a slightly higher customer rating. For a tighter budget, the pTron Solero TB301 at ₹149 supports 15W fast charging.",Generation failed,sentence-transformers/all-MiniLM-L6-v2,mistralai/Mistral-7B-Instruct-v0.2,3,0.7,0.85,30,512,0.0,0.0,0.0,0.0,0.0,0.0,0.0,0.0,0.0,0.0,0.0,0.046522870659828186,0.004640077268704771,0.009768581858836115,17,0.006610870361328125,0.09528088569641113,0.7227127552032471,0.8246045112609863,0.7030074000358582
274,2025-12-05 07:35:09,Which cable has the highest rating and supports 60W charging?,"The Belkin USB-C to USB-C Fast Charging Cable (60W PD) is the best match, offering a strong 4.5-star rating along with full 60W fast-charging support.",Generation failed,sentence-transformers/all-MiniLM-L6-v2,mistralai/Mistral-7B-Instruct-v0.2,3,0.7,0.85,30,512,0.0,0.0,0.0,0.0,0.0,0.0,0.0,0.0,0.0,0.0,0.0,0.0,0.030533378086984156,0.0030533378086984157,17,0.006994009017944336,0.050798892974853516,0.701467752456665,0.7592606544494629,0.6308108568191528
275,2025-12-05 07:35:10,What is the best iPhone lightning cable in the list?,"For super-fast charging with a USB-C adapter, the Belkin Lightning to USB-C is best. For a reliable and durable standard cable with a good warranty, the Duracell USB-A to Lightning is a great choice. The Hi-Mobiler is the most budget-friendly option.",Generation failed,sentence-transformers/all-MiniLM-L6-v2,mistralai/Mistral-7B-Instruct-v0.2,3,0.7,0.85,30,512,0.0,0.0,0.0,0.0,0.0,0.0,0.0,0.0,0.0,0.0,0.0,0.0,-0.008779934085905551,-0.0008779934085905551,17,0.006607532501220703,0.04870247840881348,0.7020056247711182,0.7573156356811523,0.6732211112976074
276,2025-12-05 07:35:10,Suggest me some good long lasting headphones,"The boAt Bassheads 100 in-ear wired earphones are recommended for longevity, featuring a premium coated wire for sturdiness and a 1-year warranty. They have a 4.1-star rating from over 360,000 reviews and cost between ₹349-₹379.",Generation failed,sentence-transformers/all-MiniLM-L6-v2,mistralai/Mistral-7B-Instruct-v0.2,3,0.7,0.85,30,512,0.0,0.0,0.0,0.0,0.0,0.0,0.0,0.0,0.0,0.0,0.0,0.0,0.02870184522122144,0.002870184522122144,17,0.006467580795288086,0.06240105628967285,0.7239205837249756,0.7927892208099365,0.5601442456245422
277,2025-12-05 07:35:11,Recommend a good fast charging USB-C cable under 300 rupees,"The boAt A400 at ₹299 is recommended, supporting 24W-25W fast charging and having a slightly higher customer rating. For a tighter budget, the pTron Solero TB301 at ₹149 supports 15W fast charging.",Generation failed,sentence-transformers/all-MiniLM-L6-v2,mistralai/Mistral-7B-Instruct-v0.2,3,0.7,0.85,50,512,0.0,0.0,0.0,0.0,0.0,0.0,0.0,0.0,0.0,0.0,0.0,0.046522870659828186,0.004640077268704771,0.009768581858836115,17,0.006638050079345703,0.09130024909973145,0.7117359638214111,0.8096742630004883,0.7030074000358582
278,2025-12-05 07:35:12,Which cable has the highest rating and supports 60W charging?,"The Belkin USB-C to USB-C Fast Charging Cable (60W PD) is the best match, offering a strong 4.5-star rating along with full 60W fast-charging support.",Generation failed,sentence-transformers/all-MiniLM-L6-v2,mistralai/Mistral-7B-Instruct-v0.2,3,0.7,0.85,50,512,0.0,0.0,0.0,0.0,0.0,0.0,0.0,0.0,0.0,0.0,0.0,0.0,0.030533378086984156,0.0030533378086984157,17,0.0064470767974853516,0.05323934555053711,0.7333168983459473,0.7930033206939697,0.6308108568191528
279,2025-12-05 07:35:13,What is the best iPhone lightning cable in the list?,"For super-fast charging with a USB-C adapter, the Belkin Lightning to USB-C is best. For a reliable and durable standard cable with a good warranty, the Duracell USB-A to Lightning is a great choice. The Hi-Mobiler is the most budget-friendly option.",Generation failed,sentence-transformers/all-MiniLM-L6-v2,mistralai/Mistral-7B-Instruct-v0.2,3,0.7,0.85,50,512,0.0,0.0,0.0,0.0,0.0,0.0,0.0,0.0,0.0,0.0,0.0,0.0,-0.008779934085905551,-0.0008779934085905551,17,0.009281158447265625,0.051384687423706055,0.7128803730010986,0.7735462188720703,0.6732211112976074
280,2025-12-05 07:35:14,Suggest me some good long lasting headphones,"The boAt Bassheads 100 in-ear wired earphones are recommended for longevity, featuring a premium coated wire for sturdiness and a 1-year warranty. They have a 4.1-star rating from over 360,000 reviews and cost between ₹349-₹379.",Generation failed,sentence-transformers/all-MiniLM-L6-v2,mistralai/Mistral-7B-Instruct-v0.2,3,0.7,0.85,50,512,0.0,0.0,0.0,0.0,0.0,0.0,0.0,0.0,0.0,0.0,0.0,0.0,0.02870184522122144,0.002870184522122144,17,0.0065784454345703125,0.05821347236633301,0.706751823425293,0.7715437412261963,0.5601442456245422
281,2025-12-05 07:35:14,Recommend a good fast charging USB-C cable under 300 rupees,"The boAt A400 at ₹299 is recommended, supporting 24W-25W fast charging and having a slightly higher customer rating. For a tighter budget, the pTron Solero TB301 at ₹149 supports 15W fast charging.",Generation failed,sentence-transformers/all-MiniLM-L6-v2,mistralai/Mistral-7B-Instruct-v0.2,3,0.7,0.95,30,512,0.0,0.0,0.0,0.0,0.0,0.0,0.0,0.0,0.0,0.0,0.0,0.046522870659828186,0.004640077268704771,0.009768581858836115,17,0.006493091583251953,0.09507966041564941,0.7105510234832764,0.8121237754821777,0.7030074000358582
282,2025-12-05 07:35:15,Which cable has the highest rating and supports 60W charging?,"The Belkin USB-C to USB-C Fast Charging Cable (60W PD) is the best match, offering a strong 4.5-star rating along with full 60W fast-charging support.",Generation failed,sentence-transformers/all-MiniLM-L6-v2,mistralai/Mistral-7B-Instruct-v0.2,3,0.7,0.95,30,512,0.0,0.0,0.0,0.0,0.0,0.0,0.0,0.0,0.0,0.0,0.0,0.0,0.030533378086984156,0.0030533378086984157,17,0.0064890384674072266,0.04790949821472168,0.7018516063690186,0.7562501430511475,0.6308108568191528
283,2025-12-05 07:35:16,What is the best iPhone lightning cable in the list?,"For super-fast charging with a USB-C adapter, the Belkin Lightning to USB-C is best. For a reliable and durable standard cable with a good warranty, the Duracell USB-A to Lightning is a great choice. The Hi-Mobiler is the most budget-friendly option.",Generation failed,sentence-transformers/all-MiniLM-L6-v2,mistralai/Mistral-7B-Instruct-v0.2,3,0.7,0.95,30,512,0.0,0.0,0.0,0.0,0.0,0.0,0.0,0.0,0.0,0.0,0.0,0.0,-0.008779934085905551,-0.0008779934085905551,17,0.0065042972564697266,0.045424699783325195,0.7119956016540527,0.7639245986938477,0.6732211112976074
284,2025-12-05 07:35:17,Suggest me some good long lasting headphones,"The boAt Bassheads 100 in-ear wired earphones are recommended for longevity, featuring a premium coated wire for sturdiness and a 1-year warranty. They have a 4.1-star rating from over 360,000 reviews and cost between ₹349-₹379.",Generation failed,sentence-transformers/all-MiniLM-L6-v2,mistralai/Mistral-7B-Instruct-v0.2,3,0.7,0.95,30,512,0.0,0.0,0.0,0.0,0.0,0.0,0.0,0.0,0.0,0.0,0.0,0.0,0.02870184522122144,0.002870184522122144,17,0.006367206573486328,0.06244158744812012,0.7278289794921875,0.796637773513794,0.5601442456245422
285,2025-12-05 07:35:18,Recommend a good fast charging USB-C cable under 300 rupees,"The boAt A400 at ₹299 is recommended, supporting 24W-25W fast charging and having a slightly higher customer rating. For a tighter budget, the pTron Solero TB301 at ₹149 supports 15W fast charging.",Generation failed,sentence-transformers/all-MiniLM-L6-v2,mistralai/Mistral-7B-Instruct-v0.2,3,0.7,0.95,50,512,0.0,0.0,0.0,0.0,0.0,0.0,0.0,0.0,0.0,0.0,0.0,0.046522870659828186,0.004640077268704771,0.009768581858836115,17,0.006654262542724609,0.09510612487792969,0.7270150184631348,0.8287754058837891,0.7030074000358582
286,2025-12-05 07:35:18,Which cable has the highest rating and supports 60W charging?,"The Belkin USB-C to USB-C Fast Charging Cable (60W PD) is the best match, offering a strong 4.5-star rating along with full 60W fast-charging support.",Generation failed,sentence-transformers/all-MiniLM-L6-v2,mistralai/Mistral-7B-Instruct-v0.2,3,0.7,0.95,50,512,0.0,0.0,0.0,0.0,0.0,0.0,0.0,0.0,0.0,0.0,0.0,0.0,0.030533378086984156,0.0030533378086984157,17,0.0064051151275634766,0.05352020263671875,0.6978316307067871,0.7577569484710693,0.6308108568191528
287,2025-12-05 07:35:19,What is the best iPhone lightning cable in the list?,"For super-fast charging with a USB-C adapter, the Belkin Lightning to USB-C is best. For a reliable and durable standard cable with a good warranty, the Duracell USB-A to Lightning is a great choice. The Hi-Mobiler is the most budget-friendly option.",Generation failed,sentence-transformers/all-MiniLM-L6-v2,mistralai/Mistral-7B-Instruct-v0.2,3,0.7,0.95,50,512,0.0,0.0,0.0,0.0,0.0,0.0,0.0,0.0,0.0,0.0,0.0,0.0,-0.008779934085905551,-0.0008779934085905551,17,0.006428956985473633,0.05150556564331055,0.7004096508026123,0.7583441734313965,0.6732211112976074
288,2025-12-05 07:35:20,Suggest me some good long lasting headphones,"The boAt Bassheads 100 in-ear wired earphones are recommended for longevity, featuring a premium coated wire for sturdiness and a 1-year warranty. They have a 4.1-star rating from over 360,000 reviews and cost between ₹349-₹379.",Generation failed,sentence-transformers/all-MiniLM-L6-v2,mistralai/Mistral-7B-Instruct-v0.2,3,0.7,0.95,50,512,0.0,0.0,0.0,0.0,0.0,0.0,0.0,0.0,0.0,0.0,0.0,0.0,0.02870184522122144,0.002870184522122144,17,0.006465911865234375,0.06193375587463379,0.7107691764831543,0.7791688442230225,0.5601442456245422
289,2025-12-05 07:35:21,Recommend a good fast charging USB-C cable under 300 rupees,"The boAt A400 at ₹299 is recommended, supporting 24W-25W fast charging and having a slightly higher customer rating. For a tighter budget, the pTron Solero TB301 at ₹149 supports 15W fast charging.",Generation failed,sentence-transformers/all-MiniLM-L6-v2,mistralai/Mistral-7B-Instruct-v0.2,5,0.3,0.85,30,512,0.0,0.0,0.0,0.0,0.0,0.0,0.0,0.0,0.0,0.0,0.0,0.046522870659828186,0.004640077268704771,0.009768581858836115,17,0.0076465606689453125,0.12086701393127441,0.6970133781433105,0.8255269527435303,0.697486162185669
290,2025-12-05 07:35:21,Which cable has the highest rating and supports 60W charging?,"The Belkin USB-C to USB-C Fast Charging Cable (60W PD) is the best match, offering a strong 4.5-star rating along with full 60W fast-charging support.",Generation failed,sentence-transformers/all-MiniLM-L6-v2,mistralai/Mistral-7B-Instruct-v0.2,5,0.3,0.85,30,512,0.0,0.0,0.0,0.0,0.0,0.0,0.0,0.0,0.0,0.0,0.0,0.0,0.030533378086984156,0.0030533378086984157,17,0.006427764892578125,0.06778502464294434,0.7498936653137207,0.8241064548492432,0.6201111674308777
291,2025-12-05 07:35:22,What is the best iPhone lightning cable in the list?,"For super-fast charging with a USB-C adapter, the Belkin Lightning to USB-C is best. For a reliable and durable standard cable with a good warranty, the Duracell USB-A to Lightning is a great choice. The Hi-Mobiler is the most budget-friendly option.",Generation failed,sentence-transformers/all-MiniLM-L6-v2,mistralai/Mistral-7B-Instruct-v0.2,5,0.3,0.85,30,512,0.0,0.0,0.0,0.0,0.0,0.0,0.0,0.0,0.0,0.0,0.0,0.0,-0.008779934085905551,-0.0008779934085905551,17,0.006401777267456055,0.053411006927490234,0.6943018436431885,0.7541146278381348,0.6688445806503296
292,2025-12-05 07:35:23,Suggest me some good long lasting headphones,"The boAt Bassheads 100 in-ear wired earphones are recommended for longevity, featuring a premium coated wire for sturdiness and a 1-year warranty. They have a 4.1-star rating from over 360,000 reviews and cost between ₹349-₹379.",Generation failed,sentence-transformers/all-MiniLM-L6-v2,mistralai/Mistral-7B-Instruct-v0.2,5,0.3,0.85,30,512,0.0,0.0,0.0,0.0,0.0,0.0,0.0,0.0,0.0,0.0,0.0,0.0,0.02870184522122144,0.002870184522122144,17,0.0065419673919677734,0.06598520278930664,0.7398834228515625,0.8124105930328369,0.5474076271057129
293,2025-12-05 07:35:24,Recommend a good fast charging USB-C cable under 300 rupees,"The boAt A400 at ₹299 is recommended, supporting 24W-25W fast charging and having a slightly higher customer rating. For a tighter budget, the pTron Solero TB301 at ₹149 supports 15W fast charging.",Generation failed,sentence-transformers/all-MiniLM-L6-v2,mistralai/Mistral-7B-Instruct-v0.2,5,0.3,0.85,50,512,0.0,0.0,0.0,0.0,0.0,0.0,0.0,0.0,0.0,0.0,0.0,0.046522870659828186,0.004640077268704771,0.009768581858836115,17,0.0067138671875,0.09916210174560547,0.7058210372924805,0.8116970062255859,0.697486162185669
294,2025-12-05 07:35:25,Which cable has the highest rating and supports 60W charging?,"The Belkin USB-C to USB-C Fast Charging Cable (60W PD) is the best match, offering a strong 4.5-star rating along with full 60W fast-charging support.",Generation failed,sentence-transformers/all-MiniLM-L6-v2,mistralai/Mistral-7B-Instruct-v0.2,5,0.3,0.85,50,512,0.0,0.0,0.0,0.0,0.0,0.0,0.0,0.0,0.0,0.0,0.0,0.0,0.030533378086984156,0.0030533378086984157,17,0.0064051151275634766,0.06455254554748535,0.7142541408538818,0.7852118015289307,0.6201111674308777
295,2025-12-05 07:35:26,What is the best iPhone lightning cable in the list?,"For super-fast charging with a USB-C adapter, the Belkin Lightning to USB-C is best. For a reliable and durable standard cable with a good warranty, the Duracell USB-A to Lightning is a great choice. The Hi-Mobiler is the most budget-friendly option.",Generation failed,sentence-transformers/all-MiniLM-L6-v2,mistralai/Mistral-7B-Instruct-v0.2,5,0.3,0.85,50,512,0.0,0.0,0.0,0.0,0.0,0.0,0.0,0.0,0.805410623550415,0.8400316834449768,0.7735302448272705,0.0,-0.008779934085905551,0.20047466247901322,17,0.006693124771118164,0.052781105041503906,1.4929814338684082,1.5524556636810303,0.6688445806503296
296,2025-12-05 07:36:10,Suggest me some good long lasting headphones,"The boAt Bassheads 100 in-ear wired earphones are recommended for longevity, featuring a premium coated wire for sturdiness and a 1-year warranty. They have a 4.1-star rating from over 360,000 reviews and cost between ₹349-₹379.","Based on the user's query for long-lasting headphones, I would suggest the JBL C100SI In-Ear Headphones as an option. Although some users have reported issues with the durability of the product, JBL is a reputed brand known for its sound quality, especially for bass. The headphones come with a noise",sentence-transformers/all-MiniLM-L6-v2,mistralai/Mistral-7B-Instruct-v0.2,5,0.3,0.85,50,512,0.2185792349726776,0.14084507042253522,0.4878048780487805,0.1092896174863388,0.07042253521126761,0.24390243902439024,0.00784976567346407,0.2608009634733825,0.8441159725189209,0.8443882465362549,0.8438438177108765,0.7161010503768921,0.8483508765697478,0.5117762971963389,903,0.006689310073852539,43.17557144165039,0.9870150089263916,44.169275760650635,0.5474076271057129
297,2025-12-05 07:36:14,Recommend a good fast charging USB-C cable under 300 rupees,"The boAt A400 at ₹299 is recommended, supporting 24W-25W fast charging and having a slightly higher customer rating. For a tighter budget, the pTron Solero TB301 at ₹149 supports 15W fast charging.",Generation failed,sentence-transformers/all-MiniLM-L6-v2,mistralai/Mistral-7B-Instruct-v0.2,5,0.3,0.95,30,512,0.0,0.0,0.0,0.0,0.0,0.0,0.0,0.0,0.793287992477417,0.837946891784668,0.7531484365463257,0.046522870659828186,0.004640077268704771,0.20809057997819036,17,0.007082700729370117,2.3330113887786865,0.9297940731048584,3.269888162612915,0.697486162185669
298,2025-12-05 07:36:41,Which cable has the highest rating and supports 60W charging?,"The Belkin USB-C to USB-C Fast Charging Cable (60W PD) is the best match, offering a strong 4.5-star rating along with full 60W fast-charging support.","The Wayona Type C To Type C 65W/3.25A Nylon Braided Fast Charging Cable has the highest rating among the listed cables, with an average of 4.3 ⭐ based on 2806 reviews. However, it's important to note that the product description states that it supports up to 65W charging, not exactly 60W.",sentence-transformers/all-MiniLM-L6-v2,mistralai/Mistral-7B-Instruct-v0.2,5,0.3,0.95,30,512,0.33333333333333337,0.25925925925925924,0.4666666666666667,0.2619047619047619,0.2037037037037037,0.36666666666666664,0.03223923885341143,0.20440251572327045,0.8790429830551147,0.8598151803016663,0.8991504311561584,0.7500172853469849,0.7368558347225189,0.5368578970730687,289,0.007085084915161133,26.764143466949463,0.9462006092071533,27.717429161071777,0.6201111674308777
299,2025-12-05 07:37:17,What is the best iPhone lightning cable in the list?,"For super-fast charging with a USB-C adapter, the Belkin Lightning to USB-C is best. For a reliable and durable standard cable with a good warranty, the Duracell USB-A to Lightning is a great choice. The Hi-Mobiler is the most budget-friendly option.","Based on the user reviews and product descriptions, all the cables in the list are MFi certified and offer fast charging capabilities for Apple devices. However, if we are to choose the best one based on user reviews and ratings, the Duracell USB Lightning Apple Certified (Mfi) Braided Sync & Charge",sentence-transformers/all-MiniLM-L6-v2,mistralai/Mistral-7B-Instruct-v0.2,5,0.3,0.95,30,512,0.2874251497005988,0.2,0.5106382978723404,0.1437125748502994,0.1,0.2553191489361702,0.017626514120039197,0.24545454545454545,0.8486395478248596,0.8257187604904175,0.8728693127632141,0.6163797378540039,0.8569599688053131,0.5028264370928226,694,0.006788015365600586,34.430737257003784,0.962548017501831,35.400073289871216,0.6688445806503296
300,2025-12-05 07:37:59,Suggest me some good long lasting headphones,"The boAt Bassheads 100 in-ear wired earphones are recommended for longevity, featuring a premium coated wire for sturdiness and a 1-year warranty. They have a 4.1-star rating from over 360,000 reviews and cost between ₹349-₹379.","Based on the reviews, the JBL C100SI wired in-ear headphones and the boAt BassHeads 900 on-ear wired headphones have received positive feedback regarding their sound quality. However, some users have mentioned issues with their durability and build quality. If you're looking for long-lasting headpho",sentence-transformers/all-MiniLM-L6-v2,mistralai/Mistral-7B-Instruct-v0.2,5,0.3,0.95,30,512,0.17777777777777776,0.11510791366906475,0.3902439024390244,0.14444444444444443,0.09352517985611511,0.3170731707317073,0.008173486087015455,0.24939245109868635,0.8519023656845093,0.8525651693344116,0.8512405753135681,0.7042945623397827,0.8316382944583893,0.5074467718306495,871,0.006669759750366211,40.99529695510864,0.9876012802124023,41.98956799507141,0.5474076271057129
301,2025-12-05 07:38:02,Recommend a good fast charging USB-C cable under 300 rupees,"The boAt A400 at ₹299 is recommended, supporting 24W-25W fast charging and having a slightly higher customer rating. For a tighter budget, the pTron Solero TB301 at ₹149 supports 15W fast charging.",Generation failed,sentence-transformers/all-MiniLM-L6-v2,mistralai/Mistral-7B-Instruct-v0.2,5,0.3,0.95,50,512,0.0,0.0,0.0,0.0,0.0,0.0,0.0,0.0,0.793287992477417,0.837946891784668,0.7531484365463257,0.046522870659828186,0.004640077268704771,0.20809057997819036,17,0.006748199462890625,2.382237672805786,0.9526128768920898,3.3415987491607666,0.697486162185669
302,2025-12-05 07:38:30,Which cable has the highest rating and supports 60W charging?,"The Belkin USB-C to USB-C Fast Charging Cable (60W PD) is the best match, offering a strong 4.5-star rating along with full 60W fast-charging support.","The Wayona Type C To Type C 65W/3.25A Nylon Braided Fast Charging Cable has the highest rating among the given options, with an average of 4.3 ⭐ based on 28,817 reviews. However, it's important to note that the product description states it supports up to 65W charging, not exactly 60W.",sentence-transformers/all-MiniLM-L6-v2,mistralai/Mistral-7B-Instruct-v0.2,5,0.3,0.95,50,512,0.33333333333333337,0.25925925925925924,0.4666666666666667,0.2619047619047619,0.2037037037037037,0.36666666666666664,0.032820359838095274,0.20504731861198738,0.8778483867645264,0.8573123216629028,0.8993924260139465,0.7515873312950134,0.7324252843856811,0.5365850346881196,286,0.006844997406005859,27.249682188034058,0.936748743057251,28.193275928497314,0.6201111674308777
303,2025-12-05 07:39:03,What is the best iPhone lightning cable in the list?,"For super-fast charging with a USB-C adapter, the Belkin Lightning to USB-C is best. For a reliable and durable standard cable with a good warranty, the Duracell USB-A to Lightning is a great choice. The Hi-Mobiler is the most budget-friendly option.","Based on the user reviews and product information, all the cables in the list are highly rated and have good customer feedback. However, if we are to choose the best one based on the reviews and ratings, the Duracell USB Lightning Apple Certified (Mfi) Braided Sync & Charge Cable for iPhone, iPad, a",sentence-transformers/all-MiniLM-L6-v2,mistralai/Mistral-7B-Instruct-v0.2,5,0.3,0.95,50,512,0.308641975308642,0.21739130434782608,0.5319148936170213,0.1481481481481481,0.10434782608695652,0.2553191489361702,0.021382572306729054,0.25594149908592323,0.8556578755378723,0.8378034830093384,0.8742896914482117,0.6581048965454102,0.8500112116336822,0.5167450637961587,682,0.006791830062866211,31.884002208709717,0.9890022277832031,32.879796266555786,0.6688445806503296
304,2025-12-05 07:39:53,Suggest me some good long lasting headphones,"The boAt Bassheads 100 in-ear wired earphones are recommended for longevity, featuring a premium coated wire for sturdiness and a 1-year warranty. They have a 4.1-star rating from over 360,000 reviews and cost between ₹349-₹379.","Based on the user's query for long lasting headphones, I would suggest the JBL C100SI Wired In Ear Headphones with Mic as an option. Although some users have reported issues with the build quality and durability, JBL is a reputed brand known for its sound quality, especially for bass. The headphones",sentence-transformers/all-MiniLM-L6-v2,mistralai/Mistral-7B-Instruct-v0.2,5,0.3,0.95,50,512,0.17272727272727273,0.10614525139664804,0.4634146341463415,0.1,0.061452513966480445,0.2682926829268293,0.007308719223754895,0.22174173262861532,0.8522716164588928,0.8355554342269897,0.8696703910827637,0.676878809928894,0.8450583696365357,0.49421436215355063,1083,0.006776571273803711,48.68539071083069,1.0273385047912598,49.71950578689575,0.5474076271057129
305,2025-12-05 07:39:56,Recommend a good fast charging USB-C cable under 300 rupees,"The boAt A400 at ₹299 is recommended, supporting 24W-25W fast charging and having a slightly higher customer rating. For a tighter budget, the pTron Solero TB301 at ₹149 supports 15W fast charging.",Generation failed,sentence-transformers/all-MiniLM-L6-v2,mistralai/Mistral-7B-Instruct-v0.2,5,0.7,0.85,30,512,0.0,0.0,0.0,0.0,0.0,0.0,0.0,0.0,0.793287992477417,0.837946891784668,0.7531484365463257,0.046522870659828186,0.004640077268704771,0.20809057997819036,17,0.008415460586547852,2.4281537532806396,0.912285327911377,3.3488545417785645,0.697486162185669
306,2025-12-05 07:40:27,Which cable has the highest rating and supports 60W charging?,"The Belkin USB-C to USB-C Fast Charging Cable (60W PD) is the best match, offering a strong 4.5-star rating along with full 60W fast-charging support.","Based on the given product information, the Wayona Type C To Type C 65W/3.25A Nylon Braided Fast Charging Cable has the highest rating with 4.3 ⭐ (2,806 reviews). However, it only supports 65W charging, not exactly 60W. If you're looking for a cable that supports 60W charging, you may want to check ",sentence-transformers/all-MiniLM-L6-v2,mistralai/Mistral-7B-Instruct-v0.2,5,0.7,0.85,30,512,0.3368421052631579,0.24615384615384617,0.5333333333333333,0.25263157894736843,0.18461538461538463,0.4,0.0274408471641434,0.2710843373493976,0.8724266290664673,0.8504704236984253,0.895546555519104,0.7519108057022095,0.7161359012126922,0.5424565122682046,359,0.006937265396118164,29.357160091400146,0.9337646961212158,30.29786205291748,0.6201111674308777
307,2025-12-05 07:41:06,What is the best iPhone lightning cable in the list?,"For super-fast charging with a USB-C adapter, the Belkin Lightning to USB-C is best. For a reliable and durable standard cable with a good warranty, the Duracell USB-A to Lightning is a great choice. The Hi-Mobiler is the most budget-friendly option.","Based on the product information and user reviews, all the cables in the list - Amazon Basics Nylon USB-A to Lightning Cable, Belkin Apple Certified Lightning to USB Cable, and Duracell USB Lightning Apple Certified Braided Sync & Charge Cable - are MFi certified and have received positive reviews f",sentence-transformers/all-MiniLM-L6-v2,mistralai/Mistral-7B-Instruct-v0.2,5,0.7,0.85,30,512,0.25274725274725274,0.17037037037037037,0.48936170212765956,0.17582417582417584,0.11851851851851852,0.3404255319148936,0.023100533424220453,0.28349800177619894,0.8507474064826965,0.8270474076271057,0.8758457899093628,0.7127559185028076,0.8760136842727662,0.530531300214507,822,0.006682157516479492,38.06110072135925,0.98854660987854,39.05632948875427,0.6688445806503296
308,2025-12-05 07:42:27,Suggest me some good long lasting headphones,"The boAt Bassheads 100 in-ear wired earphones are recommended for longevity, featuring a premium coated wire for sturdiness and a 1-year warranty. They have a 4.1-star rating from over 360,000 reviews and cost between ₹349-₹379.","Based on the reviews you've read and the product information provided, the JBL C100SI, boAt BassHeads 900, realme Buds Classic, and ZEBRONICS Zeb-Bro are all decent options for headphones. However, none of them have been universally praised for their durability and long-lastingness.

The JBL C100SI ",sentence-transformers/all-MiniLM-L6-v2,mistralai/Mistral-7B-Instruct-v0.2,5,0.7,0.85,30,512,0.08888888888888889,0.04945054945054945,0.43902439024390244,0.06419753086419752,0.03571428571428571,0.3170731707317073,0.0037636094924026454,0.14982767727201915,0.8073692321777344,0.7918863296508789,0.8234696388244629,0.6512442827224731,0.8520875692367553,0.45545907602795555,2147,0.0068395137786865234,80.56208419799805,1.1071856021881104,81.67610931396484,0.5474076271057129
309,2025-12-05 07:42:31,Recommend a good fast charging USB-C cable under 300 rupees,"The boAt A400 at ₹299 is recommended, supporting 24W-25W fast charging and having a slightly higher customer rating. For a tighter budget, the pTron Solero TB301 at ₹149 supports 15W fast charging.",Generation failed,sentence-transformers/all-MiniLM-L6-v2,mistralai/Mistral-7B-Instruct-v0.2,5,0.7,0.85,50,512,0.0,0.0,0.0,0.0,0.0,0.0,0.0,0.0,0.793287992477417,0.837946891784668,0.7531484365463257,0.046522870659828186,0.004640077268704771,0.20809057997819036,17,0.00685882568359375,2.380366086959839,0.8992619514465332,3.286486864089966,0.697486162185669
310,2025-12-05 07:43:00,Which cable has the highest rating and supports 60W charging?,"The Belkin USB-C to USB-C Fast Charging Cable (60W PD) is the best match, offering a strong 4.5-star rating along with full 60W fast-charging support.","Based on the product information provided, the Wayona Type C To Type C 65W/3.25A Nylon Braided Fast Charging Cable has the highest rating with 4.3 ⭐ (2,806 reviews). However, it only supports 65W charging, not exactly 60W. If you're looking for a cable that supports 60W charging, you may want to che",sentence-transformers/all-MiniLM-L6-v2,mistralai/Mistral-7B-Instruct-v0.2,5,0.7,0.85,50,512,0.3440860215053763,0.25396825396825395,0.5333333333333333,0.25806451612903225,0.19047619047619047,0.4,0.028242250279890486,0.2727272727272727,0.8749298453330994,0.8536407351493835,0.8973080515861511,0.7643966674804688,0.7242463588714599,0.5479848004170353,354,0.006911277770996094,28.85853934288025,0.9974265098571777,29.862877130508423,0.6201111674308777
311,2025-12-05 07:43:33,What is the best iPhone lightning cable in the list?,"For super-fast charging with a USB-C adapter, the Belkin Lightning to USB-C is best. For a reliable and durable standard cable with a good warranty, the Duracell USB-A to Lightning is a great choice. The Hi-Mobiler is the most budget-friendly option.","Based on the product information provided, all the cables in the list are Apple MFi certified and offer fast charging capabilities. However, the Duracell USB Lightning Apple Certified (Mfi) Braided Sync & Charge Cable for iPhone, iPad, and iPod, priced at ₹970 (was ₹1,799, 46% off), stands out for i",sentence-transformers/all-MiniLM-L6-v2,mistralai/Mistral-7B-Instruct-v0.2,5,0.7,0.85,50,512,0.2953020134228188,0.21568627450980393,0.46808510638297873,0.1476510067114094,0.10784313725490197,0.23404255319148937,0.020364128919134736,0.23277467411545624,0.8469977974891663,0.8273751139640808,0.8675738573074341,0.590326189994812,0.8619959235191346,0.4972621957458222,626,0.006723165512084961,31.8991858959198,0.9848382472991943,32.89074730873108,0.6688445806503296
312,2025-12-05 07:44:41,Suggest me some good long lasting headphones,"The boAt Bassheads 100 in-ear wired earphones are recommended for longevity, featuring a premium coated wire for sturdiness and a 1-year warranty. They have a 4.1-star rating from over 360,000 reviews and cost between ₹349-₹379.","Based on the user's query for long-lasting headphones, I would recommend the JBL C100SI Wired In Ear Headphones with Mic as an option. While some users have reported issues with the build quality and durability, JBL is a reputable brand known for its sound quality, and the C100SI model specifically ",sentence-transformers/all-MiniLM-L6-v2,mistralai/Mistral-7B-Instruct-v0.2,5,0.7,0.85,50,512,0.125,0.0711864406779661,0.5121951219512195,0.09523809523809525,0.05423728813559322,0.3902439024390244,0.005258941669156805,0.22598689807725036,0.8282325863838196,0.8158667087554932,0.8409790992736816,0.6481871604919434,0.8579838991165161,0.47894170700830796,1792,0.0067157745361328125,66.61513996124268,1.0546886920928955,67.6765444278717,0.5474076271057129
313,2025-12-05 07:44:44,Recommend a good fast charging USB-C cable under 300 rupees,"The boAt A400 at ₹299 is recommended, supporting 24W-25W fast charging and having a slightly higher customer rating. For a tighter budget, the pTron Solero TB301 at ₹149 supports 15W fast charging.",Generation failed,sentence-transformers/all-MiniLM-L6-v2,mistralai/Mistral-7B-Instruct-v0.2,5,0.7,0.95,30,512,0.0,0.0,0.0,0.0,0.0,0.0,0.0,0.0,0.793287992477417,0.837946891784668,0.7531484365463257,0.046522870659828186,0.004640077268704771,0.20809057997819036,17,0.006957292556762695,2.278575897216797,0.9527349472045898,3.2382681369781494,0.697486162185669
314,2025-12-05 07:45:19,Which cable has the highest rating and supports 60W charging?,"The Belkin USB-C to USB-C Fast Charging Cable (60W PD) is the best match, offering a strong 4.5-star rating along with full 60W fast-charging support.","The Wayona Type C To Type C 65W/3.25A Nylon Braided Fast Charging Cable has the highest rating among the listed products, with an average of 4.3 ⭐ based on 2,806 reviews. However, the MI Xiaomi USB Type C HYperCharge Cable 120W also supports 120W fast charging, which is higher than the 65W supported",sentence-transformers/all-MiniLM-L6-v2,mistralai/Mistral-7B-Instruct-v0.2,5,0.7,0.95,30,512,0.32142857142857145,0.21951219512195122,0.6,0.23214285714285715,0.15853658536585366,0.43333333333333335,0.023035539625181522,0.21551724137931036,0.8768351674079895,0.8523728847503662,0.9027431011199951,0.7577851414680481,0.8445561051368713,0.5452097136858517,448,0.006963253021240234,33.5339457988739,0.9504668712615967,34.49137592315674,0.6201111674308777
315,2025-12-05 07:45:51,What is the best iPhone lightning cable in the list?,"For super-fast charging with a USB-C adapter, the Belkin Lightning to USB-C is best. For a reliable and durable standard cable with a good warranty, the Duracell USB-A to Lightning is a great choice. The Hi-Mobiler is the most budget-friendly option.","Based on the product information provided, all the listed cables are Apple MFi certified and support fast charging. However, if we consider the reviews, the Duracell USB Lightning Apple Certified (Mfi) Braided Sync & Charge Cable seems to be a popular choice among customers. It has a high rating of ",sentence-transformers/all-MiniLM-L6-v2,mistralai/Mistral-7B-Instruct-v0.2,5,0.7,0.95,30,512,0.2953020134228188,0.21568627450980393,0.46808510638297873,0.21476510067114093,0.1568627450980392,0.3404255319148936,0.021735225485095565,0.2869624060150376,0.8501178026199341,0.8350691199302673,0.8657187223434448,0.6049256920814514,0.8303040266036987,0.5127695865918048,623,0.006754636764526367,30.841320276260376,0.9549369812011719,31.803011894226074,0.6688445806503296
316,2025-12-05 07:46:49,Suggest me some good long lasting headphones,"The boAt Bassheads 100 in-ear wired earphones are recommended for longevity, featuring a premium coated wire for sturdiness and a 1-year warranty. They have a 4.1-star rating from over 360,000 reviews and cost between ₹349-₹379.","Based on the reviews and product information you provided, here are a few suggestions for headphones that users have reported to last long:

1. JBL C100SI Wired In Ear Headphones with Mic: Users have reported that these headphones have good build quality and can last for a long time. However, some u",sentence-transformers/all-MiniLM-L6-v2,mistralai/Mistral-7B-Instruct-v0.2,5,0.7,0.95,30,512,0.15658362989323843,0.09166666666666666,0.5365853658536586,0.099644128113879,0.058333333333333334,0.34146341463414637,0.005569746184602467,0.20550167338296563,0.8219106793403625,0.8127069473266602,0.8313252925872803,0.579166829586029,0.8419125199317932,0.46250728917209266,1431,0.006700038909912109,57.33776903152466,1.0268001556396484,58.37126922607422,0.5474076271057129
317,2025-12-05 07:46:52,Recommend a good fast charging USB-C cable under 300 rupees,"The boAt A400 at ₹299 is recommended, supporting 24W-25W fast charging and having a slightly higher customer rating. For a tighter budget, the pTron Solero TB301 at ₹149 supports 15W fast charging.",Generation failed,sentence-transformers/all-MiniLM-L6-v2,mistralai/Mistral-7B-Instruct-v0.2,5,0.7,0.95,50,512,0.0,0.0,0.0,0.0,0.0,0.0,0.0,0.0,0.793287992477417,0.837946891784668,0.7531484365463257,0.046522870659828186,0.004640077268704771,0.20809057997819036,17,0.007035255432128906,2.2431299686431885,0.8992624282836914,3.149427652359009,0.697486162185669
318,2025-12-05 07:47:28,Which cable has the highest rating and supports 60W charging?,"The Belkin USB-C to USB-C Fast Charging Cable (60W PD) is the best match, offering a strong 4.5-star rating along with full 60W fast-charging support.","Based on the given product information, the Wayona Type C To Type C 65W/3.25A Nylon Braided Fast Charging Cable has the highest rating of 4.3 ⭐ (2,806 reviews). However, to answer the question accurately, it's important to note that the MI Xiaomi USB Type C HYperCharge Cable 120W also supports 120W ",sentence-transformers/all-MiniLM-L6-v2,mistralai/Mistral-7B-Instruct-v0.2,5,0.7,0.95,50,512,0.2926829268292683,0.1935483870967742,0.6,0.2113821138211382,0.13978494623655913,0.43333333333333335,0.02151588243890609,0.34129791520081737,0.8684244751930237,0.8445560336112976,0.8936811685562134,0.7543356418609619,0.8197634816169739,0.5537023749211996,508,0.00702977180480957,35.4378924369812,0.9597568511962891,36.4046790599823,0.6201111674308777
319,2025-12-05 07:48:05,What is the best iPhone lightning cable in the list?,"For super-fast charging with a USB-C adapter, the Belkin Lightning to USB-C is best. For a reliable and durable standard cable with a good warranty, the Duracell USB-A to Lightning is a great choice. The Hi-Mobiler is the most budget-friendly option.","Based on the product information provided, all the cables listed - Amazon Basics Nylon USB-A to Lightning Cable, Belkin Apple Certified Lightning to USB Charge and Sync Cable, and Duracell USB Lightning Apple Certified Braided Sync & Charge Cable - are MFi certified and offer fast charging capabilit",sentence-transformers/all-MiniLM-L6-v2,mistralai/Mistral-7B-Instruct-v0.2,5,0.7,0.95,50,512,0.2674418604651163,0.184,0.48936170212765956,0.1627906976744186,0.112,0.2978723404255319,0.027085114457783915,0.2425698204973927,0.8638437986373901,0.8420397043228149,0.8868071436882019,0.7587384581565857,0.872963798046112,0.5371222614296167,794,0.006725311279296875,35.13618302345276,0.9674570560455322,36.11036539077759,0.6688445806503296
320,2025-12-05 07:49:11,Suggest me some good long lasting headphones,"The boAt Bassheads 100 in-ear wired earphones are recommended for longevity, featuring a premium coated wire for sturdiness and a 1-year warranty. They have a 4.1-star rating from over 360,000 reviews and cost between ₹349-₹379.","Based on the user's query for long-lasting headphones, I would recommend the JBL C100SI In-Ear Headphones as an option, despite some users reporting issues with their units. These headphones come from a well-known brand and offer a premium metallic finish, as well as a noise-cancelling microphone an",sentence-transformers/all-MiniLM-L6-v2,mistralai/Mistral-7B-Instruct-v0.2,5,0.7,0.95,50,512,0.20195439739413681,0.11654135338345864,0.7560975609756098,0.12377850162866448,0.07142857142857142,0.4634146341463415,0.02587240063229192,0.3056101330690106,0.8485849499702454,0.8305224180221558,0.8674505949020386,0.7191590070724487,0.8449693322181702,0.521477022054729,1526,0.006762266159057617,65.48893928527832,1.0584652423858643,66.55416679382324,0.5474076271057129
321,2025-12-05 07:49:19,Recommend a good fast charging USB-C cable under 300 rupees,"The boAt A400 at ₹299 is recommended, supporting 24W-25W fast charging and having a slightly higher customer rating. For a tighter budget, the pTron Solero TB301 at ₹149 supports 15W fast charging.",,sentence-transformers/all-MiniLM-L6-v2,google/flan-t5-base,3,0.3,0.85,30,512,0.0,0.0,0.0,0.0,0.0,0.0,0.0,0.0,0.0,0.0,0.0,0.0,0.007071526665240525,0.0007071526665240525,0,0.00880885124206543,0.43108344078063965,0.8820762634277344,1.3219685554504395,0.7030074000358582
322,2025-12-05 07:49:21,Which cable has the highest rating and supports 60W charging?,"The Belkin USB-C to USB-C Fast Charging Cable (60W PD) is the best match, offering a strong 4.5-star rating along with full 60W fast-charging support.",,sentence-transformers/all-MiniLM-L6-v2,google/flan-t5-base,3,0.3,0.85,30,512,0.0,0.0,0.0,0.0,0.0,0.0,0.0,0.0,0.0,0.0,0.0,0.019969919696450233,0.018924135304987426,0.00588639746978879,0,0.006781339645385742,0.39920973777770996,0.8860604763031006,1.2920515537261963,0.6308108568191528
323,2025-12-05 07:49:22,What is the best iPhone lightning cable in the list?,"For super-fast charging with a USB-C adapter, the Belkin Lightning to USB-C is best. For a reliable and durable standard cable with a good warranty, the Duracell USB-A to Lightning is a great choice. The Hi-Mobiler is the most budget-friendly option.",,sentence-transformers/all-MiniLM-L6-v2,google/flan-t5-base,3,0.3,0.85,30,512,0.0,0.0,0.0,0.0,0.0,0.0,0.0,0.0,0.0,0.0,0.0,0.050834350287914276,0.019720146879553792,0.012138884745538236,0,0.007279634475708008,0.2501983642578125,0.9070250988006592,1.1645030975341797,0.6732211112976074
324,2025-12-05 07:49:23,Suggest me some good long lasting headphones,"The boAt Bassheads 100 in-ear wired earphones are recommended for longevity, featuring a premium coated wire for sturdiness and a 1-year warranty. They have a 4.1-star rating from over 360,000 reviews and cost between ₹349-₹379.",,sentence-transformers/all-MiniLM-L6-v2,google/flan-t5-base,3,0.3,0.85,30,512,0.0,0.0,0.0,0.0,0.0,0.0,0.0,0.0,0.0,0.0,0.0,0.0,0.018063315004110334,0.0018063315004110334,0,0.0067403316497802734,0.2567319869995117,0.9005022048950195,1.1639745235443115,0.5601442456245422
325,2025-12-05 07:49:26,Recommend a good fast charging USB-C cable under 300 rupees,"The boAt A400 at ₹299 is recommended, supporting 24W-25W fast charging and having a slightly higher customer rating. For a tighter budget, the pTron Solero TB301 at ₹149 supports 15W fast charging.",,sentence-transformers/all-MiniLM-L6-v2,google/flan-t5-base,3,0.3,0.85,50,512,0.0,0.0,0.0,0.0,0.0,0.0,0.0,0.0,0.0,0.0,0.0,0.0,0.007071526665240525,0.0007071526665240525,0,0.006849765777587891,1.606126308441162,0.9362833499908447,2.5492594242095947,0.7030074000358582
326,2025-12-05 07:49:27,Which cable has the highest rating and supports 60W charging?,"The Belkin USB-C to USB-C Fast Charging Cable (60W PD) is the best match, offering a strong 4.5-star rating along with full 60W fast-charging support.",,sentence-transformers/all-MiniLM-L6-v2,google/flan-t5-base,3,0.3,0.85,50,512,0.0,0.0,0.0,0.0,0.0,0.0,0.0,0.0,0.0,0.0,0.0,0.019969919696450233,0.018924135304987426,0.00588639746978879,0,0.006697893142700195,0.42102813720703125,0.880382776260376,1.3081088066101074,0.6308108568191528
327,2025-12-05 07:49:28,What is the best iPhone lightning cable in the list?,"For super-fast charging with a USB-C adapter, the Belkin Lightning to USB-C is best. For a reliable and durable standard cable with a good warranty, the Duracell USB-A to Lightning is a great choice. The Hi-Mobiler is the most budget-friendly option.",,sentence-transformers/all-MiniLM-L6-v2,google/flan-t5-base,3,0.3,0.85,50,512,0.0,0.0,0.0,0.0,0.0,0.0,0.0,0.0,0.0,0.0,0.0,0.050834350287914276,0.019720146879553792,0.012138884745538236,0,0.006684303283691406,0.20221495628356934,0.8985316753387451,1.1074309349060059,0.6732211112976074
328,2025-12-05 07:49:29,Suggest me some good long lasting headphones,"The boAt Bassheads 100 in-ear wired earphones are recommended for longevity, featuring a premium coated wire for sturdiness and a 1-year warranty. They have a 4.1-star rating from over 360,000 reviews and cost between ₹349-₹379.",,sentence-transformers/all-MiniLM-L6-v2,google/flan-t5-base,3,0.3,0.85,50,512,0.0,0.0,0.0,0.0,0.0,0.0,0.0,0.0,0.0,0.0,0.0,0.0,0.018063315004110334,0.0018063315004110334,0,0.006570100784301758,0.23488998413085938,0.8823633193969727,1.1238234043121338,0.5601442456245422
329,2025-12-05 07:49:30,Recommend a good fast charging USB-C cable under 300 rupees,"The boAt A400 at ₹299 is recommended, supporting 24W-25W fast charging and having a slightly higher customer rating. For a tighter budget, the pTron Solero TB301 at ₹149 supports 15W fast charging.",,sentence-transformers/all-MiniLM-L6-v2,google/flan-t5-base,3,0.3,0.95,30,512,0.0,0.0,0.0,0.0,0.0,0.0,0.0,0.0,0.0,0.0,0.0,0.0,0.007071526665240525,0.0007071526665240525,0,0.006838798522949219,0.43164896965026855,0.8758602142333984,1.3143479824066162,0.7030074000358582
330,2025-12-05 07:49:32,Which cable has the highest rating and supports 60W charging?,"The Belkin USB-C to USB-C Fast Charging Cable (60W PD) is the best match, offering a strong 4.5-star rating along with full 60W fast-charging support.",,sentence-transformers/all-MiniLM-L6-v2,google/flan-t5-base,3,0.3,0.95,30,512,0.0,0.0,0.0,0.0,0.0,0.0,0.0,0.0,0.0,0.0,0.0,0.019969919696450233,0.018924135304987426,0.00588639746978879,0,0.006743431091308594,0.39906764030456543,0.8719842433929443,1.2777953147888184,0.6308108568191528
331,2025-12-05 07:49:33,What is the best iPhone lightning cable in the list?,"For super-fast charging with a USB-C adapter, the Belkin Lightning to USB-C is best. For a reliable and durable standard cable with a good warranty, the Duracell USB-A to Lightning is a great choice. The Hi-Mobiler is the most budget-friendly option.",,sentence-transformers/all-MiniLM-L6-v2,google/flan-t5-base,3,0.3,0.95,30,512,0.0,0.0,0.0,0.0,0.0,0.0,0.0,0.0,0.0,0.0,0.0,0.050834350287914276,0.019720146879553792,0.012138884745538236,0,0.006588935852050781,0.22516894340515137,0.8802626132965088,1.112020492553711,0.6732211112976074
332,2025-12-05 07:49:34,Suggest me some good long lasting headphones,"The boAt Bassheads 100 in-ear wired earphones are recommended for longevity, featuring a premium coated wire for sturdiness and a 1-year warranty. They have a 4.1-star rating from over 360,000 reviews and cost between ₹349-₹379.",,sentence-transformers/all-MiniLM-L6-v2,google/flan-t5-base,3,0.3,0.95,30,512,0.0,0.0,0.0,0.0,0.0,0.0,0.0,0.0,0.0,0.0,0.0,0.0,0.018063315004110334,0.0018063315004110334,0,0.006805896759033203,0.3603188991546631,0.8703405857086182,1.2374653816223145,0.5601442456245422
333,2025-12-05 07:49:35,Recommend a good fast charging USB-C cable under 300 rupees,"The boAt A400 at ₹299 is recommended, supporting 24W-25W fast charging and having a slightly higher customer rating. For a tighter budget, the pTron Solero TB301 at ₹149 supports 15W fast charging.",,sentence-transformers/all-MiniLM-L6-v2,google/flan-t5-base,3,0.3,0.95,50,512,0.0,0.0,0.0,0.0,0.0,0.0,0.0,0.0,0.0,0.0,0.0,0.0,0.007071526665240525,0.0007071526665240525,0,0.006752967834472656,0.4244349002838135,0.891819953918457,1.3230078220367432,0.7030074000358582
334,2025-12-05 07:49:37,Which cable has the highest rating and supports 60W charging?,"The Belkin USB-C to USB-C Fast Charging Cable (60W PD) is the best match, offering a strong 4.5-star rating along with full 60W fast-charging support.",,sentence-transformers/all-MiniLM-L6-v2,google/flan-t5-base,3,0.3,0.95,50,512,0.0,0.0,0.0,0.0,0.0,0.0,0.0,0.0,0.0,0.0,0.0,0.019969919696450233,0.018924135304987426,0.00588639746978879,0,0.0068585872650146484,0.6668984889984131,0.8794224262237549,1.5531795024871826,0.6308108568191528
335,2025-12-05 07:49:38,What is the best iPhone lightning cable in the list?,"For super-fast charging with a USB-C adapter, the Belkin Lightning to USB-C is best. For a reliable and durable standard cable with a good warranty, the Duracell USB-A to Lightning is a great choice. The Hi-Mobiler is the most budget-friendly option.",,sentence-transformers/all-MiniLM-L6-v2,google/flan-t5-base,3,0.3,0.95,50,512,0.0,0.0,0.0,0.0,0.0,0.0,0.0,0.0,0.0,0.0,0.0,0.050834350287914276,0.019720146879553792,0.012138884745538236,0,0.006586551666259766,0.26664018630981445,0.8729302883148193,1.1461570262908936,0.6732211112976074
336,2025-12-05 07:49:39,Suggest me some good long lasting headphones,"The boAt Bassheads 100 in-ear wired earphones are recommended for longevity, featuring a premium coated wire for sturdiness and a 1-year warranty. They have a 4.1-star rating from over 360,000 reviews and cost between ₹349-₹379.",,sentence-transformers/all-MiniLM-L6-v2,google/flan-t5-base,3,0.3,0.95,50,512,0.0,0.0,0.0,0.0,0.0,0.0,0.0,0.0,0.0,0.0,0.0,0.0,0.018063315004110334,0.0018063315004110334,0,0.006841897964477539,0.2362210750579834,0.8797311782836914,1.1227941513061523,0.5601442456245422
337,2025-12-05 07:49:41,Recommend a good fast charging USB-C cable under 300 rupees,"The boAt A400 at ₹299 is recommended, supporting 24W-25W fast charging and having a slightly higher customer rating. For a tighter budget, the pTron Solero TB301 at ₹149 supports 15W fast charging.",,sentence-transformers/all-MiniLM-L6-v2,google/flan-t5-base,3,0.7,0.85,30,512,0.0,0.0,0.0,0.0,0.0,0.0,0.0,0.0,0.0,0.0,0.0,0.0,0.007071526665240525,0.0007071526665240525,0,0.007158994674682617,0.41719889640808105,0.9362633228302002,1.3606212139129639,0.7030074000358582
338,2025-12-05 07:49:42,Which cable has the highest rating and supports 60W charging?,"The Belkin USB-C to USB-C Fast Charging Cable (60W PD) is the best match, offering a strong 4.5-star rating along with full 60W fast-charging support.",,sentence-transformers/all-MiniLM-L6-v2,google/flan-t5-base,3,0.7,0.85,30,512,0.0,0.0,0.0,0.0,0.0,0.0,0.0,0.0,0.0,0.0,0.0,0.019969919696450233,0.018924135304987426,0.00588639746978879,0,0.0067059993743896484,0.6834001541137695,0.8761563301086426,1.5662624835968018,0.6308108568191528
339,2025-12-05 07:49:44,What is the best iPhone lightning cable in the list?,"For super-fast charging with a USB-C adapter, the Belkin Lightning to USB-C is best. For a reliable and durable standard cable with a good warranty, the Duracell USB-A to Lightning is a great choice. The Hi-Mobiler is the most budget-friendly option.",,sentence-transformers/all-MiniLM-L6-v2,google/flan-t5-base,3,0.7,0.85,30,512,0.0,0.0,0.0,0.0,0.0,0.0,0.0,0.0,0.0,0.0,0.0,0.050834350287914276,0.019720146879553792,0.012138884745538236,0,0.0067789554595947266,0.30766987800598145,1.4691622257232666,1.7836110591888428,0.6732211112976074
340,2025-12-05 07:49:45,Suggest me some good long lasting headphones,"The boAt Bassheads 100 in-ear wired earphones are recommended for longevity, featuring a premium coated wire for sturdiness and a 1-year warranty. They have a 4.1-star rating from over 360,000 reviews and cost between ₹349-₹379.",,sentence-transformers/all-MiniLM-L6-v2,google/flan-t5-base,3,0.7,0.85,30,512,0.0,0.0,0.0,0.0,0.0,0.0,0.0,0.0,0.0,0.0,0.0,0.0,0.018063315004110334,0.0018063315004110334,0,0.00683283805847168,0.32200193405151367,0.8793079853057861,1.2081427574157715,0.5601442456245422
341,2025-12-05 07:49:46,Recommend a good fast charging USB-C cable under 300 rupees,"The boAt A400 at ₹299 is recommended, supporting 24W-25W fast charging and having a slightly higher customer rating. For a tighter budget, the pTron Solero TB301 at ₹149 supports 15W fast charging.",,sentence-transformers/all-MiniLM-L6-v2,google/flan-t5-base,3,0.7,0.85,50,512,0.0,0.0,0.0,0.0,0.0,0.0,0.0,0.0,0.0,0.0,0.0,0.0,0.007071526665240525,0.0007071526665240525,0,0.006954669952392578,0.4577484130859375,0.9252023696899414,1.3899054527282715,0.7030074000358582
342,2025-12-05 07:49:48,Which cable has the highest rating and supports 60W charging?,"The Belkin USB-C to USB-C Fast Charging Cable (60W PD) is the best match, offering a strong 4.5-star rating along with full 60W fast-charging support.",,sentence-transformers/all-MiniLM-L6-v2,google/flan-t5-base,3,0.7,0.85,50,512,0.0,0.0,0.0,0.0,0.0,0.0,0.0,0.0,0.0,0.0,0.0,0.019969919696450233,0.018924135304987426,0.00588639746978879,0,0.006691932678222656,0.4044630527496338,0.8709983825683594,1.2821533679962158,0.6308108568191528
343,2025-12-05 07:49:49,What is the best iPhone lightning cable in the list?,"For super-fast charging with a USB-C adapter, the Belkin Lightning to USB-C is best. For a reliable and durable standard cable with a good warranty, the Duracell USB-A to Lightning is a great choice. The Hi-Mobiler is the most budget-friendly option.",,sentence-transformers/all-MiniLM-L6-v2,google/flan-t5-base,3,0.7,0.85,50,512,0.0,0.0,0.0,0.0,0.0,0.0,0.0,0.0,0.0,0.0,0.0,0.050834350287914276,0.019720146879553792,0.012138884745538236,0,0.006726264953613281,0.25084495544433594,0.8820326328277588,1.139603853225708,0.6732211112976074
344,2025-12-05 07:49:50,Suggest me some good long lasting headphones,"The boAt Bassheads 100 in-ear wired earphones are recommended for longevity, featuring a premium coated wire for sturdiness and a 1-year warranty. They have a 4.1-star rating from over 360,000 reviews and cost between ₹349-₹379.",,sentence-transformers/all-MiniLM-L6-v2,google/flan-t5-base,3,0.7,0.85,50,512,0.0,0.0,0.0,0.0,0.0,0.0,0.0,0.0,0.0,0.0,0.0,0.0,0.018063315004110334,0.0018063315004110334,0,0.006716012954711914,0.40644359588623047,0.8753223419189453,1.2884819507598877,0.5601442456245422
345,2025-12-05 07:49:54,Recommend a good fast charging USB-C cable under 300 rupees,"The boAt A400 at ₹299 is recommended, supporting 24W-25W fast charging and having a slightly higher customer rating. For a tighter budget, the pTron Solero TB301 at ₹149 supports 15W fast charging.",,sentence-transformers/all-MiniLM-L6-v2,google/flan-t5-base,3,0.7,0.95,30,512,0.0,0.0,0.0,0.0,0.0,0.0,0.0,0.0,0.0,0.0,0.0,0.0,0.007071526665240525,0.0007071526665240525,0,0.006892681121826172,2.8902103900909424,0.8938899040222168,3.7909929752349854,0.7030074000358582
346,2025-12-05 07:49:55,Which cable has the highest rating and supports 60W charging?,"The Belkin USB-C to USB-C Fast Charging Cable (60W PD) is the best match, offering a strong 4.5-star rating along with full 60W fast-charging support.",,sentence-transformers/all-MiniLM-L6-v2,google/flan-t5-base,3,0.7,0.95,30,512,0.0,0.0,0.0,0.0,0.0,0.0,0.0,0.0,0.0,0.0,0.0,0.019969919696450233,0.018924135304987426,0.00588639746978879,0,0.0067901611328125,0.4715564250946045,0.8942186832427979,1.3725652694702148,0.6308108568191528
347,2025-12-05 07:49:56,What is the best iPhone lightning cable in the list?,"For super-fast charging with a USB-C adapter, the Belkin Lightning to USB-C is best. For a reliable and durable standard cable with a good warranty, the Duracell USB-A to Lightning is a great choice. The Hi-Mobiler is the most budget-friendly option.",,sentence-transformers/all-MiniLM-L6-v2,google/flan-t5-base,3,0.7,0.95,30,512,0.0,0.0,0.0,0.0,0.0,0.0,0.0,0.0,0.0,0.0,0.0,0.050834350287914276,0.019720146879553792,0.012138884745538236,0,0.006713390350341797,0.24239587783813477,0.8789572715759277,1.1280665397644043,0.6732211112976074
348,2025-12-05 07:49:58,Suggest me some good long lasting headphones,"The boAt Bassheads 100 in-ear wired earphones are recommended for longevity, featuring a premium coated wire for sturdiness and a 1-year warranty. They have a 4.1-star rating from over 360,000 reviews and cost between ₹349-₹379.",,sentence-transformers/all-MiniLM-L6-v2,google/flan-t5-base,3,0.7,0.95,30,512,0.0,0.0,0.0,0.0,0.0,0.0,0.0,0.0,0.0,0.0,0.0,0.0,0.018063315004110334,0.0018063315004110334,0,0.006987333297729492,0.24280643463134766,1.647226095199585,1.897019863128662,0.5601442456245422
349,2025-12-05 07:50:00,Recommend a good fast charging USB-C cable under 300 rupees,"The boAt A400 at ₹299 is recommended, supporting 24W-25W fast charging and having a slightly higher customer rating. For a tighter budget, the pTron Solero TB301 at ₹149 supports 15W fast charging.",,sentence-transformers/all-MiniLM-L6-v2,google/flan-t5-base,3,0.7,0.95,50,512,0.0,0.0,0.0,0.0,0.0,0.0,0.0,0.0,0.0,0.0,0.0,0.0,0.007071526665240525,0.0007071526665240525,0,0.007269620895385742,0.9682035446166992,0.8933026790618896,1.8687758445739746,0.7030074000358582
350,2025-12-05 07:50:02,Which cable has the highest rating and supports 60W charging?,"The Belkin USB-C to USB-C Fast Charging Cable (60W PD) is the best match, offering a strong 4.5-star rating along with full 60W fast-charging support.",,sentence-transformers/all-MiniLM-L6-v2,google/flan-t5-base,3,0.7,0.95,50,512,0.0,0.0,0.0,0.0,0.0,0.0,0.0,0.0,0.0,0.0,0.0,0.019969919696450233,0.018924135304987426,0.00588639746978879,0,0.00678706169128418,0.4014310836791992,0.9338481426239014,1.3420662879943848,0.6308108568191528
351,2025-12-05 07:50:03,What is the best iPhone lightning cable in the list?,"For super-fast charging with a USB-C adapter, the Belkin Lightning to USB-C is best. For a reliable and durable standard cable with a good warranty, the Duracell USB-A to Lightning is a great choice. The Hi-Mobiler is the most budget-friendly option.",,sentence-transformers/all-MiniLM-L6-v2,google/flan-t5-base,3,0.7,0.95,50,512,0.0,0.0,0.0,0.0,0.0,0.0,0.0,0.0,0.0,0.0,0.0,0.050834350287914276,0.019720146879553792,0.012138884745538236,0,0.006730079650878906,0.18272876739501953,0.8809859752655029,1.0704448223114014,0.6732211112976074
352,2025-12-05 07:50:04,Suggest me some good long lasting headphones,"The boAt Bassheads 100 in-ear wired earphones are recommended for longevity, featuring a premium coated wire for sturdiness and a 1-year warranty. They have a 4.1-star rating from over 360,000 reviews and cost between ₹349-₹379.",,sentence-transformers/all-MiniLM-L6-v2,google/flan-t5-base,3,0.7,0.95,50,512,0.0,0.0,0.0,0.0,0.0,0.0,0.0,0.0,0.0,0.0,0.0,0.0,0.018063315004110334,0.0018063315004110334,0,0.010211706161499023,0.4097154140472412,0.874401330947876,1.2943284511566162,0.5601442456245422
353,2025-12-05 07:50:05,Recommend a good fast charging USB-C cable under 300 rupees,"The boAt A400 at ₹299 is recommended, supporting 24W-25W fast charging and having a slightly higher customer rating. For a tighter budget, the pTron Solero TB301 at ₹149 supports 15W fast charging.",,sentence-transformers/all-MiniLM-L6-v2,google/flan-t5-base,5,0.3,0.85,30,512,0.0,0.0,0.0,0.0,0.0,0.0,0.0,0.0,0.0,0.0,0.0,0.0,0.007071526665240525,0.0007071526665240525,0,0.007006645202636719,0.621469259262085,0.8790359497070312,1.507511854171753,0.697486162185669
354,2025-12-05 07:50:07,Which cable has the highest rating and supports 60W charging?,"The Belkin USB-C to USB-C Fast Charging Cable (60W PD) is the best match, offering a strong 4.5-star rating along with full 60W fast-charging support.",,sentence-transformers/all-MiniLM-L6-v2,google/flan-t5-base,5,0.3,0.85,30,512,0.0,0.0,0.0,0.0,0.0,0.0,0.0,0.0,0.0,0.0,0.0,0.019969919696450233,0.018924135304987426,0.00588639746978879,0,0.006745100021362305,0.568737268447876,0.901813268661499,1.4772956371307373,0.6201111674308777
355,2025-12-05 07:50:08,What is the best iPhone lightning cable in the list?,"For super-fast charging with a USB-C adapter, the Belkin Lightning to USB-C is best. For a reliable and durable standard cable with a good warranty, the Duracell USB-A to Lightning is a great choice. The Hi-Mobiler is the most budget-friendly option.",,sentence-transformers/all-MiniLM-L6-v2,google/flan-t5-base,5,0.3,0.85,30,512,0.0,0.0,0.0,0.0,0.0,0.0,0.0,0.0,0.0,0.0,0.0,0.050834350287914276,0.019720146879553792,0.012138884745538236,0,0.006991863250732422,0.5294454097747803,0.8875439167022705,1.4239811897277832,0.6688445806503296
356,2025-12-05 07:50:10,Suggest me some good long lasting headphones,"The boAt Bassheads 100 in-ear wired earphones are recommended for longevity, featuring a premium coated wire for sturdiness and a 1-year warranty. They have a 4.1-star rating from over 360,000 reviews and cost between ₹349-₹379.",,sentence-transformers/all-MiniLM-L6-v2,google/flan-t5-base,5,0.3,0.85,30,512,0.0,0.0,0.0,0.0,0.0,0.0,0.0,0.0,0.0,0.0,0.0,0.0,0.018063315004110334,0.0018063315004110334,0,0.006874799728393555,0.5286550521850586,0.9014708995819092,1.4370007514953613,0.5474076271057129
357,2025-12-05 07:50:11,Recommend a good fast charging USB-C cable under 300 rupees,"The boAt A400 at ₹299 is recommended, supporting 24W-25W fast charging and having a slightly higher customer rating. For a tighter budget, the pTron Solero TB301 at ₹149 supports 15W fast charging.",,sentence-transformers/all-MiniLM-L6-v2,google/flan-t5-base,5,0.3,0.85,50,512,0.0,0.0,0.0,0.0,0.0,0.0,0.0,0.0,0.0,0.0,0.0,0.0,0.007071526665240525,0.0007071526665240525,0,0.007122039794921875,0.6270222663879395,0.8882184028625488,1.5223627090454102,0.697486162185669
358,2025-12-05 07:50:13,Which cable has the highest rating and supports 60W charging?,"The Belkin USB-C to USB-C Fast Charging Cable (60W PD) is the best match, offering a strong 4.5-star rating along with full 60W fast-charging support.",,sentence-transformers/all-MiniLM-L6-v2,google/flan-t5-base,5,0.3,0.85,50,512,0.0,0.0,0.0,0.0,0.0,0.0,0.0,0.0,0.0,0.0,0.0,0.019969919696450233,0.018924135304987426,0.00588639746978879,0,0.0073130130767822266,0.5684995651245117,0.8750655651092529,1.4508781433105469,0.6201111674308777
359,2025-12-05 07:50:14,What is the best iPhone lightning cable in the list?,"For super-fast charging with a USB-C adapter, the Belkin Lightning to USB-C is best. For a reliable and durable standard cable with a good warranty, the Duracell USB-A to Lightning is a great choice. The Hi-Mobiler is the most budget-friendly option.",,sentence-transformers/all-MiniLM-L6-v2,google/flan-t5-base,5,0.3,0.85,50,512,0.0,0.0,0.0,0.0,0.0,0.0,0.0,0.0,0.0,0.0,0.0,0.050834350287914276,0.019720146879553792,0.012138884745538236,0,0.007356405258178711,0.36316370964050293,0.9331755638122559,1.3036956787109375,0.6688445806503296
360,2025-12-05 07:50:16,Suggest me some good long lasting headphones,"The boAt Bassheads 100 in-ear wired earphones are recommended for longevity, featuring a premium coated wire for sturdiness and a 1-year warranty. They have a 4.1-star rating from over 360,000 reviews and cost between ₹349-₹379.",,sentence-transformers/all-MiniLM-L6-v2,google/flan-t5-base,5,0.3,0.85,50,512,0.0,0.0,0.0,0.0,0.0,0.0,0.0,0.0,0.0,0.0,0.0,0.0,0.018063315004110334,0.0018063315004110334,0,0.006824493408203125,0.5290741920471191,1.0013504028320312,1.5372490882873535,0.5474076271057129
361,2025-12-05 07:50:17,Recommend a good fast charging USB-C cable under 300 rupees,"The boAt A400 at ₹299 is recommended, supporting 24W-25W fast charging and having a slightly higher customer rating. For a tighter budget, the pTron Solero TB301 at ₹149 supports 15W fast charging.",,sentence-transformers/all-MiniLM-L6-v2,google/flan-t5-base,5,0.3,0.95,30,512,0.0,0.0,0.0,0.0,0.0,0.0,0.0,0.0,0.0,0.0,0.0,0.0,0.007071526665240525,0.0007071526665240525,0,0.006857872009277344,0.6251192092895508,0.8867573738098145,1.5187344551086426,0.697486162185669
362,2025-12-05 07:50:19,Which cable has the highest rating and supports 60W charging?,"The Belkin USB-C to USB-C Fast Charging Cable (60W PD) is the best match, offering a strong 4.5-star rating along with full 60W fast-charging support.",,sentence-transformers/all-MiniLM-L6-v2,google/flan-t5-base,5,0.3,0.95,30,512,0.0,0.0,0.0,0.0,0.0,0.0,0.0,0.0,0.0,0.0,0.0,0.019969919696450233,0.018924135304987426,0.00588639746978879,0,0.006663084030151367,0.5615754127502441,0.8910605907440186,1.459299087524414,0.6201111674308777
363,2025-12-05 07:50:20,What is the best iPhone lightning cable in the list?,"For super-fast charging with a USB-C adapter, the Belkin Lightning to USB-C is best. For a reliable and durable standard cable with a good warranty, the Duracell USB-A to Lightning is a great choice. The Hi-Mobiler is the most budget-friendly option.",,sentence-transformers/all-MiniLM-L6-v2,google/flan-t5-base,5,0.3,0.95,30,512,0.0,0.0,0.0,0.0,0.0,0.0,0.0,0.0,0.0,0.0,0.0,0.050834350287914276,0.019720146879553792,0.012138884745538236,0,0.0068132877349853516,0.3630349636077881,0.8827085494995117,1.2525568008422852,0.6688445806503296
364,2025-12-05 07:50:21,Suggest me some good long lasting headphones,"The boAt Bassheads 100 in-ear wired earphones are recommended for longevity, featuring a premium coated wire for sturdiness and a 1-year warranty. They have a 4.1-star rating from over 360,000 reviews and cost between ₹349-₹379.",,sentence-transformers/all-MiniLM-L6-v2,google/flan-t5-base,5,0.3,0.95,30,512,0.0,0.0,0.0,0.0,0.0,0.0,0.0,0.0,0.0,0.0,0.0,0.0,0.018063315004110334,0.0018063315004110334,0,0.006868839263916016,0.528461217880249,0.8906373977661133,1.4259674549102783,0.5474076271057129
365,2025-12-05 07:50:23,Recommend a good fast charging USB-C cable under 300 rupees,"The boAt A400 at ₹299 is recommended, supporting 24W-25W fast charging and having a slightly higher customer rating. For a tighter budget, the pTron Solero TB301 at ₹149 supports 15W fast charging.",,sentence-transformers/all-MiniLM-L6-v2,google/flan-t5-base,5,0.3,0.95,50,512,0.0,0.0,0.0,0.0,0.0,0.0,0.0,0.0,0.0,0.0,0.0,0.0,0.007071526665240525,0.0007071526665240525,0,0.0068929195404052734,0.6225605010986328,0.8825182914733887,1.5119717121124268,0.697486162185669
366,2025-12-05 07:50:24,Which cable has the highest rating and supports 60W charging?,"The Belkin USB-C to USB-C Fast Charging Cable (60W PD) is the best match, offering a strong 4.5-star rating along with full 60W fast-charging support.",,sentence-transformers/all-MiniLM-L6-v2,google/flan-t5-base,5,0.3,0.95,50,512,0.0,0.0,0.0,0.0,0.0,0.0,0.0,0.0,0.0,0.0,0.0,0.019969919696450233,0.018924135304987426,0.00588639746978879,0,0.007239103317260742,0.5645098686218262,0.9394099712371826,1.5111589431762695,0.6201111674308777
367,2025-12-05 07:50:26,What is the best iPhone lightning cable in the list?,"For super-fast charging with a USB-C adapter, the Belkin Lightning to USB-C is best. For a reliable and durable standard cable with a good warranty, the Duracell USB-A to Lightning is a great choice. The Hi-Mobiler is the most budget-friendly option.",,sentence-transformers/all-MiniLM-L6-v2,google/flan-t5-base,5,0.3,0.95,50,512,0.0,0.0,0.0,0.0,0.0,0.0,0.0,0.0,0.0,0.0,0.0,0.050834350287914276,0.019720146879553792,0.012138884745538236,0,0.006922006607055664,0.42270827293395996,0.9750666618347168,1.4046969413757324,0.6688445806503296
368,2025-12-05 07:50:27,Suggest me some good long lasting headphones,"The boAt Bassheads 100 in-ear wired earphones are recommended for longevity, featuring a premium coated wire for sturdiness and a 1-year warranty. They have a 4.1-star rating from over 360,000 reviews and cost between ₹349-₹379.",,sentence-transformers/all-MiniLM-L6-v2,google/flan-t5-base,5,0.3,0.95,50,512,0.0,0.0,0.0,0.0,0.0,0.0,0.0,0.0,0.0,0.0,0.0,0.0,0.018063315004110334,0.0018063315004110334,0,0.006829023361206055,0.5262308120727539,0.8894948959350586,1.4225547313690186,0.5474076271057129
369,2025-12-05 07:50:29,Recommend a good fast charging USB-C cable under 300 rupees,"The boAt A400 at ₹299 is recommended, supporting 24W-25W fast charging and having a slightly higher customer rating. For a tighter budget, the pTron Solero TB301 at ₹149 supports 15W fast charging.",,sentence-transformers/all-MiniLM-L6-v2,google/flan-t5-base,5,0.7,0.85,30,512,0.0,0.0,0.0,0.0,0.0,0.0,0.0,0.0,0.0,0.0,0.0,0.0,0.007071526665240525,0.0007071526665240525,0,0.007032632827758789,0.8820462226867676,0.8944046497344971,1.7834835052490234,0.697486162185669
370,2025-12-05 07:50:30,Which cable has the highest rating and supports 60W charging?,"The Belkin USB-C to USB-C Fast Charging Cable (60W PD) is the best match, offering a strong 4.5-star rating along with full 60W fast-charging support.",,sentence-transformers/all-MiniLM-L6-v2,google/flan-t5-base,5,0.7,0.85,30,512,0.0,0.0,0.0,0.0,0.0,0.0,0.0,0.0,0.0,0.0,0.0,0.019969919696450233,0.018924135304987426,0.00588639746978879,0,0.006810188293457031,0.562084436416626,0.8916654586791992,1.4605600833892822,0.6201111674308777
371,2025-12-05 07:50:32,What is the best iPhone lightning cable in the list?,"For super-fast charging with a USB-C adapter, the Belkin Lightning to USB-C is best. For a reliable and durable standard cable with a good warranty, the Duracell USB-A to Lightning is a great choice. The Hi-Mobiler is the most budget-friendly option.",,sentence-transformers/all-MiniLM-L6-v2,google/flan-t5-base,5,0.7,0.85,30,512,0.0,0.0,0.0,0.0,0.0,0.0,0.0,0.0,0.0,0.0,0.0,0.050834350287914276,0.019720146879553792,0.012138884745538236,0,0.006665706634521484,0.7628395557403564,0.8909742832183838,1.6604795455932617,0.6688445806503296
372,2025-12-05 07:50:33,Suggest me some good long lasting headphones,"The boAt Bassheads 100 in-ear wired earphones are recommended for longevity, featuring a premium coated wire for sturdiness and a 1-year warranty. They have a 4.1-star rating from over 360,000 reviews and cost between ₹349-₹379.",,sentence-transformers/all-MiniLM-L6-v2,google/flan-t5-base,5,0.7,0.85,30,512,0.0,0.0,0.0,0.0,0.0,0.0,0.0,0.0,0.0,0.0,0.0,0.0,0.018063315004110334,0.0018063315004110334,0,0.007113218307495117,0.5936472415924072,0.883479118347168,1.4842395782470703,0.5474076271057129
373,2025-12-05 07:50:35,Recommend a good fast charging USB-C cable under 300 rupees,"The boAt A400 at ₹299 is recommended, supporting 24W-25W fast charging and having a slightly higher customer rating. For a tighter budget, the pTron Solero TB301 at ₹149 supports 15W fast charging.",,sentence-transformers/all-MiniLM-L6-v2,google/flan-t5-base,5,0.7,0.85,50,512,0.0,0.0,0.0,0.0,0.0,0.0,0.0,0.0,0.0,0.0,0.0,0.0,0.007071526665240525,0.0007071526665240525,0,0.006930351257324219,0.6279330253601074,0.8894805908203125,1.5243439674377441,0.697486162185669
374,2025-12-05 07:50:36,Which cable has the highest rating and supports 60W charging?,"The Belkin USB-C to USB-C Fast Charging Cable (60W PD) is the best match, offering a strong 4.5-star rating along with full 60W fast-charging support.",,sentence-transformers/all-MiniLM-L6-v2,google/flan-t5-base,5,0.7,0.85,50,512,0.0,0.0,0.0,0.0,0.0,0.0,0.0,0.0,0.0,0.0,0.0,0.019969919696450233,0.018924135304987426,0.00588639746978879,0,0.006761312484741211,0.5640830993652344,0.8830151557922363,1.453859567642212,0.6201111674308777
375,2025-12-05 07:50:38,What is the best iPhone lightning cable in the list?,"For super-fast charging with a USB-C adapter, the Belkin Lightning to USB-C is best. For a reliable and durable standard cable with a good warranty, the Duracell USB-A to Lightning is a great choice. The Hi-Mobiler is the most budget-friendly option.",,sentence-transformers/all-MiniLM-L6-v2,google/flan-t5-base,5,0.7,0.85,50,512,0.0,0.0,0.0,0.0,0.0,0.0,0.0,0.0,0.0,0.0,0.0,0.050834350287914276,0.019720146879553792,0.012138884745538236,0,0.006861448287963867,0.3626577854156494,0.8784253597259521,1.2479445934295654,0.6688445806503296
376,2025-12-05 07:50:39,Suggest me some good long lasting headphones,"The boAt Bassheads 100 in-ear wired earphones are recommended for longevity, featuring a premium coated wire for sturdiness and a 1-year warranty. They have a 4.1-star rating from over 360,000 reviews and cost between ₹349-₹379.",,sentence-transformers/all-MiniLM-L6-v2,google/flan-t5-base,5,0.7,0.85,50,512,0.0,0.0,0.0,0.0,0.0,0.0,0.0,0.0,0.0,0.0,0.0,0.0,0.018063315004110334,0.0018063315004110334,0,0.006709575653076172,0.5298986434936523,0.8745081424713135,1.411116361618042,0.5474076271057129
377,2025-12-05 07:50:41,Recommend a good fast charging USB-C cable under 300 rupees,"The boAt A400 at ₹299 is recommended, supporting 24W-25W fast charging and having a slightly higher customer rating. For a tighter budget, the pTron Solero TB301 at ₹149 supports 15W fast charging.",,sentence-transformers/all-MiniLM-L6-v2,google/flan-t5-base,5,0.7,0.95,30,512,0.0,0.0,0.0,0.0,0.0,0.0,0.0,0.0,0.0,0.0,0.0,0.0,0.007071526665240525,0.0007071526665240525,0,0.0068590641021728516,0.6244044303894043,0.9001457691192627,1.5314092636108398,0.697486162185669
378,2025-12-05 07:50:42,Which cable has the highest rating and supports 60W charging?,"The Belkin USB-C to USB-C Fast Charging Cable (60W PD) is the best match, offering a strong 4.5-star rating along with full 60W fast-charging support.",,sentence-transformers/all-MiniLM-L6-v2,google/flan-t5-base,5,0.7,0.95,30,512,0.0,0.0,0.0,0.0,0.0,0.0,0.0,0.0,0.0,0.0,0.0,0.019969919696450233,0.018924135304987426,0.00588639746978879,0,0.0067141056060791016,0.5699558258056641,0.8706808090209961,1.4473507404327393,0.6201111674308777
379,2025-12-05 07:50:43,What is the best iPhone lightning cable in the list?,"For super-fast charging with a USB-C adapter, the Belkin Lightning to USB-C is best. For a reliable and durable standard cable with a good warranty, the Duracell USB-A to Lightning is a great choice. The Hi-Mobiler is the most budget-friendly option.",,sentence-transformers/all-MiniLM-L6-v2,google/flan-t5-base,5,0.7,0.95,30,512,0.0,0.0,0.0,0.0,0.0,0.0,0.0,0.0,0.0,0.0,0.0,0.050834350287914276,0.019720146879553792,0.012138884745538236,0,0.006619691848754883,0.38263463973999023,0.9137837886810303,1.3030381202697754,0.6688445806503296
380,2025-12-05 07:50:45,Suggest me some good long lasting headphones,"The boAt Bassheads 100 in-ear wired earphones are recommended for longevity, featuring a premium coated wire for sturdiness and a 1-year warranty. They have a 4.1-star rating from over 360,000 reviews and cost between ₹349-₹379.",,sentence-transformers/all-MiniLM-L6-v2,google/flan-t5-base,5,0.7,0.95,30,512,0.0,0.0,0.0,0.0,0.0,0.0,0.0,0.0,0.0,0.0,0.0,0.0,0.018063315004110334,0.0018063315004110334,0,0.006597995758056641,0.5287854671478271,0.9063448905944824,1.4417283535003662,0.5474076271057129
381,2025-12-05 07:50:47,Recommend a good fast charging USB-C cable under 300 rupees,"The boAt A400 at ₹299 is recommended, supporting 24W-25W fast charging and having a slightly higher customer rating. For a tighter budget, the pTron Solero TB301 at ₹149 supports 15W fast charging.",,sentence-transformers/all-MiniLM-L6-v2,google/flan-t5-base,5,0.7,0.95,50,512,0.0,0.0,0.0,0.0,0.0,0.0,0.0,0.0,0.0,0.0,0.0,0.0,0.007071526665240525,0.0007071526665240525,0,0.006966352462768555,1.1096723079681396,0.9017519950866699,2.018390655517578,0.697486162185669
382,2025-12-05 07:50:49,Which cable has the highest rating and supports 60W charging?,"The Belkin USB-C to USB-C Fast Charging Cable (60W PD) is the best match, offering a strong 4.5-star rating along with full 60W fast-charging support.",,sentence-transformers/all-MiniLM-L6-v2,google/flan-t5-base,5,0.7,0.95,50,512,0.0,0.0,0.0,0.0,0.0,0.0,0.0,0.0,0.0,0.0,0.0,0.019969919696450233,0.018924135304987426,0.00588639746978879,0,0.00662994384765625,0.8756840229034424,0.922898530960083,1.8052124977111816,0.6201111674308777
383,2025-12-05 07:50:52,What is the best iPhone lightning cable in the list?,"For super-fast charging with a USB-C adapter, the Belkin Lightning to USB-C is best. For a reliable and durable standard cable with a good warranty, the Duracell USB-A to Lightning is a great choice. The Hi-Mobiler is the most budget-friendly option.",,sentence-transformers/all-MiniLM-L6-v2,google/flan-t5-base,5,0.7,0.95,50,512,0.0,0.0,0.0,0.0,0.0,0.0,0.0,0.0,0.0,0.0,0.0,0.050834350287914276,0.019720146879553792,0.012138884745538236,0,0.0068204402923583984,2.681427001953125,0.8961992263793945,3.584446668624878,0.6688445806503296
384,2025-12-05 07:50:54,Suggest me some good long lasting headphones,"The boAt Bassheads 100 in-ear wired earphones are recommended for longevity, featuring a premium coated wire for sturdiness and a 1-year warranty. They have a 4.1-star rating from over 360,000 reviews and cost between ₹349-₹379.",,sentence-transformers/all-MiniLM-L6-v2,google/flan-t5-base,5,0.7,0.95,50,512,0.0,0.0,0.0,0.0,0.0,0.0,0.0,0.0,0.0,0.0,0.0,0.0,0.018063315004110334,0.0018063315004110334,0,0.0066564083099365234,0.584317684173584,0.9008843898773193,1.4918584823608398,0.5474076271057129
385,2025-12-05 07:53:34,Recommend a good fast charging USB-C cable under 300 rupees,"The boAt A400 at ₹299 is recommended, supporting 24W-25W fast charging and having a slightly higher customer rating. For a tighter budget, the pTron Solero TB301 at ₹149 supports 15W fast charging.","Based on the information provided, the Zoul USB C to USB C Fast Charging Cable at ₹399 (64% off) seems to be a good option for under 300 rupees. It offers 65W fast charging, is USB-IF certified, and has positive reviews highlighting its durability and performance. However, it's important to note tha",BAAI/bge-base-en-v1.5,Qwen/Qwen2.5-7B-Instruct,3,0.3,0.85,30,512,0.16346153846153844,0.09714285714285714,0.5151515151515151,0.125,0.07428571428571429,0.3939393939393939,0.022693677097423384,0.3089981936473936,0.8534947037696838,0.8303700685501099,0.8779442310333252,0.5093532800674438,0.8073861122131347,0.47344819378022845,993,0.014333009719848633,31.658690929412842,0.941206693649292,32.61423063278198,0.788780927658081
386,2025-12-05 07:53:59,Which cable has the highest rating and supports 60W charging?,"The Belkin USB-C to USB-C Fast Charging Cable (60W PD) is the best match, offering a strong 4.5-star rating along with full 60W fast-charging support.","The Synqe Type C to Type C Short Fast Charging 60W Cable has the highest rating at 4.3 ⭐ and supports 60W charging. However, it's important to note that while the description mentions 60W charging, the Belkin USB C to USB-C Fast Charging Type C Cable, which also supports 60W charging, has a higher r",BAAI/bge-base-en-v1.5,Qwen/Qwen2.5-7B-Instruct,3,0.3,0.85,30,512,0.359375,0.23469387755102042,0.7666666666666667,0.28125,0.1836734693877551,0.6,0.0331511952227223,0.4043478260869566,0.8905025720596313,0.8665338754653931,0.9158349633216858,0.853305995464325,0.7769803762435913,0.5990146731674477,536,0.012281417846679688,23.88696026802063,0.8980047702789307,24.79724645614624,0.7201791405677795
387,2025-12-05 07:54:17,What is the best iPhone lightning cable in the list?,"For super-fast charging with a USB-C adapter, the Belkin Lightning to USB-C is best. For a reliable and durable standard cable with a good warranty, the Duracell USB-A to Lightning is a great choice. The Hi-Mobiler is the most budget-friendly option.","Based on the reviews and ratings provided, the Duracell USB Lightning Apple Certified (MFi) Braided Sync & Charge Cable appears to be the best option among the listed products. It has a high rating of 4.5 stars and positive feedback regarding its build quality, fast charging, and compatibility with ",BAAI/bge-base-en-v1.5,Qwen/Qwen2.5-7B-Instruct,3,0.3,0.85,30,512,0.3835616438356164,0.2828282828282828,0.5957446808510638,0.1917808219178082,0.1414141414141414,0.2978723404255319,0.029177728117107685,0.2952380952380952,0.8649411797523499,0.8500937223434448,0.8803164958953857,0.7414877414703369,0.8343876063823699,0.5527093375431593,604,0.011951446533203125,17.594956874847412,0.9055962562561035,18.51250457763672,0.7380982041358948
388,2025-12-05 07:54:43,Suggest me some good long lasting headphones,"The boAt Bassheads 100 in-ear wired earphones are recommended for longevity, featuring a premium coated wire for sturdiness and a 1-year warranty. They have a 4.1-star rating from over 360,000 reviews and cost between ₹349-₹379.","Based on the provided information, the JBL Infinity (JBL Glide 510) stands out as a great option for long-lasting headphones. It offers impressive battery life with up to 72 hours of playtime under optimum audio settings, along with quick charging capabilities. Additionally, it features dual equaliz",BAAI/bge-base-en-v1.5,Qwen/Qwen2.5-7B-Instruct,3,0.3,0.85,30,512,0.1595092024539877,0.10655737704918032,0.3170731707317073,0.11042944785276072,0.07377049180327869,0.21951219512195122,0.005066877772887228,0.21886995538956325,0.8298665285110474,0.8330363035202026,0.8267207145690918,0.4990881681442261,0.43325845599174495,0.41094115747217963,780,0.011284828186035156,24.660732984542847,0.9661266803741455,25.638144493103027,0.6586872935295105
389,2025-12-05 07:55:22,Recommend a good fast charging USB-C cable under 300 rupees,"The boAt A400 at ₹299 is recommended, supporting 24W-25W fast charging and having a slightly higher customer rating. For a tighter budget, the pTron Solero TB301 at ₹149 supports 15W fast charging.","Based on the information provided, the Zoul USB C to USB C Fast Charging Cable (65W) is a great option under 300 rupees. It offers high charging speeds up to 65W, is USB-IF certified, and has received positive reviews for durability and performance. Although it currently costs ₹399, it provides exce",BAAI/bge-base-en-v1.5,Qwen/Qwen2.5-7B-Instruct,3,0.3,0.85,50,512,0.13278008298755187,0.07692307692307693,0.48484848484848486,0.0995850622406639,0.057692307692307696,0.36363636363636365,0.016560273586323976,0.22777777777777775,0.8362748622894287,0.8065201044082642,0.8683091998100281,0.47777265310287476,0.8287882626056671,0.44656128100161946,1219,0.012003660202026367,37.36165261268616,1.5833327770233154,38.9569890499115,0.788780927658081
390,2025-12-05 07:56:21,Which cable has the highest rating and supports 60W charging?,"The Belkin USB-C to USB-C Fast Charging Cable (60W PD) is the best match, offering a strong 4.5-star rating along with full 60W fast-charging support.","The Synqe Type C to Type C Short Fast Charging 60W Cable has the highest rating at 4.3 ⭐ and supports 60W charging. It is compatible with several Samsung devices and offers fast charging capabilities with a built-in smart chip supporting up to 3A current and 60W power throughput. However, it's impor",BAAI/bge-base-en-v1.5,Qwen/Qwen2.5-7B-Instruct,3,0.3,0.85,50,512,0.11961722488038276,0.06443298969072164,0.8333333333333334,0.10047846889952153,0.05412371134020619,0.7,0.011211284843282827,0.20858992491150188,0.8490686416625977,0.8083071708679199,0.8941594958305359,0.8364852070808411,0.8517669677734374,0.5191600852082053,2230,0.01208186149597168,57.82039189338684,1.050034523010254,58.882508277893066,0.7201791405677795
391,2025-12-05 07:57:14,What is the best iPhone lightning cable in the list?,"For super-fast charging with a USB-C adapter, the Belkin Lightning to USB-C is best. For a reliable and durable standard cable with a good warranty, the Duracell USB-A to Lightning is a great choice. The Hi-Mobiler is the most budget-friendly option.","Based on the reviews, the Duracell USB Lightning Apple Certified (MFi) Braided Sync & Charge Cable appears to be highly regarded. It has a 4.5-star rating and is praised for its build quality, fast charging speed, and compatibility with iOS devices. Users also mention that it is as good as an origin",BAAI/bge-base-en-v1.5,Qwen/Qwen2.5-7B-Instruct,3,0.3,0.85,50,512,0.29508196721311475,0.19852941176470587,0.574468085106383,0.15300546448087432,0.10294117647058823,0.2978723404255319,0.02192119749006941,0.3218034085027862,0.7497642040252686,0.6584900617599487,0.8704134225845337,0.7444251775741577,0.8390339493751526,0.5155008556524878,1153,0.012071371078491211,51.87552571296692,1.0566551685333252,52.944252252578735,0.7380982041358948
392,2025-12-05 07:57:40,Suggest me some good long lasting headphones,"The boAt Bassheads 100 in-ear wired earphones are recommended for longevity, featuring a premium coated wire for sturdiness and a 1-year warranty. They have a 4.1-star rating from over 360,000 reviews and cost between ₹349-₹379.","Based on the provided information, the JBL Infinity (JBL Glide 510) seems like a strong contender for long-lasting headphones. It offers 72 hours of playtime under optimum audio settings and quick charging capabilities, making it a durable choice. Additionally, the boAt Rockerz 400 also provides a d",BAAI/bge-base-en-v1.5,Qwen/Qwen2.5-7B-Instruct,3,0.3,0.85,50,512,0.15853658536585363,0.10569105691056911,0.3170731707317073,0.10975609756097561,0.07317073170731707,0.21951219512195122,0.005004264577823473,0.17857142857142855,0.8320977687835693,0.8305157423019409,0.8336858749389648,0.5300011038780212,0.700583392381668,0.43819841124584297,741,0.01136922836303711,25.178345680236816,0.9358875751495361,26.12560248374939,0.6586872935295105
393,2025-12-05 07:58:08,Recommend a good fast charging USB-C cable under 300 rupees,"The boAt A400 at ₹299 is recommended, supporting 24W-25W fast charging and having a slightly higher customer rating. For a tighter budget, the pTron Solero TB301 at ₹149 supports 15W fast charging.","Based on the information provided, the Zoul USB C to USB C Fast Charging Cable at ₹399 is a good option under 300 rupees. It offers 65W fast charging, is USB-IF certified, and has positive reviews highlighting its durability and performance. While it's slightly above 300 rupees, it still fits your b",BAAI/bge-base-en-v1.5,Qwen/Qwen2.5-7B-Instruct,3,0.3,0.95,30,512,0.20512820512820515,0.13008130081300814,0.48484848484848486,0.15384615384615385,0.0975609756097561,0.36363636363636365,0.011992773478398793,0.3120988091548985,0.8609158992767334,0.8424596190452576,0.8801988959312439,0.5315333604812622,0.8091666102409363,0.48636384255803994,704,0.011912107467651367,27.015500783920288,0.9324655532836914,27.95987844467163,0.788780927658081
394,2025-12-05 07:59:07,Which cable has the highest rating and supports 60W charging?,"The Belkin USB-C to USB-C Fast Charging Cable (60W PD) is the best match, offering a strong 4.5-star rating along with full 60W fast-charging support.","The Synqe Type C to Type C Short Fast Charging 60W Cable has the highest rating at 4.3 ⭐ and supports 60W charging. It is compatible with several Samsung devices and is noted for its durable construction and fast charging capabilities. However, it's important to note that it requires a USB C wall ch",BAAI/bge-base-en-v1.5,Qwen/Qwen2.5-7B-Instruct,3,0.3,0.95,30,512,0.11764705882352941,0.06349206349206349,0.8,0.08823529411764705,0.047619047619047616,0.6,0.008166371719196586,0.15006821282401092,0.8366127014160156,0.7824540138244629,0.8988261818885803,0.7571773529052734,0.8630454301834105,0.4908082933430386,2434,0.011988401412963867,57.95510911941528,1.0803978443145752,59.04749536514282,0.7201791405677795
395,2025-12-05 08:00:00,What is the best iPhone lightning cable in the list?,"For super-fast charging with a USB-C adapter, the Belkin Lightning to USB-C is best. For a reliable and durable standard cable with a good warranty, the Duracell USB-A to Lightning is a great choice. The Hi-Mobiler is the most budget-friendly option.","Based on the reviews and ratings provided, the Duracell USB Lightning Apple Certified (MFi) Braided Sync & Charge Cable appears to be the best option among the listed products. It has a high rating of 4.5 stars and positive feedback regarding its build quality, fast charging, and compatibility with ",BAAI/bge-base-en-v1.5,Qwen/Qwen2.5-7B-Instruct,3,0.3,0.95,30,512,0.2922374429223744,0.18604651162790697,0.6808510638297872,0.1735159817351598,0.11046511627906977,0.40425531914893614,0.020236731988764727,0.3167517198813771,0.762286901473999,0.6736712455749512,0.8777470588684082,0.7738970518112183,0.8873662889003753,0.5301995382676175,1379,0.012153387069702148,51.98371076583862,1.0445523262023926,53.04041647911072,0.7380982041358948
396,2025-12-05 08:00:30,Suggest me some good long lasting headphones,"The boAt Bassheads 100 in-ear wired earphones are recommended for longevity, featuring a premium coated wire for sturdiness and a 1-year warranty. They have a 4.1-star rating from over 360,000 reviews and cost between ₹349-₹379.","Based on the provided information, the JBL Infinity (JBL Glide 510) stands out as a great option for long-lasting headphones. It offers impressive battery life with 72 hours of playtime under optimum audio settings, along with quick charging capabilities. Additionally, the dual equalizer modes provi",BAAI/bge-base-en-v1.5,Qwen/Qwen2.5-7B-Instruct,3,0.3,0.95,30,512,0.1283422459893048,0.0821917808219178,0.2926829268292683,0.0855614973262032,0.0547945205479452,0.1951219512195122,0.004289805341083296,0.16032064128256515,0.8301895260810852,0.8291427493095398,0.8312389850616455,0.5401171445846558,0.45345906019210813,0.40678416751445723,911,0.011790990829467773,28.831341981887817,0.9479846954345703,29.791117668151855,0.6586872935295105
397,2025-12-05 08:01:01,Recommend a good fast charging USB-C cable under 300 rupees,"The boAt A400 at ₹299 is recommended, supporting 24W-25W fast charging and having a slightly higher customer rating. For a tighter budget, the pTron Solero TB301 at ₹149 supports 15W fast charging.","Based on the information provided, the Zoul USB C to USB C Fast Charging Cable (65W) is a great option under 300 rupees. Although it originally priced at ₹1,099, it is now available for ₹399, offering a significant discount. This cable supports 65W fast charging and is compatible with various device",BAAI/bge-base-en-v1.5,Qwen/Qwen2.5-7B-Instruct,3,0.3,0.95,50,512,0.1878453038674033,0.11486486486486487,0.5151515151515151,0.1546961325966851,0.0945945945945946,0.42424242424242425,0.014890859091095821,0.26986440834837344,0.8545406460762024,0.8336421847343445,0.8765137791633606,0.5234955549240112,0.8447051405906676,0.479027677370694,862,0.012280702590942383,29.82646608352661,0.9487872123718262,30.78753399848938,0.788780927658081
398,2025-12-05 08:01:25,Which cable has the highest rating and supports 60W charging?,"The Belkin USB-C to USB-C Fast Charging Cable (60W PD) is the best match, offering a strong 4.5-star rating along with full 60W fast-charging support.","The Synqe Type C to Type C Short Fast Charging 60W Cable has the highest rating at 4.3 stars and supports 60W charging. However, it's important to note that while the product description mentions 60W charging, some reviewers have raised questions about its actual capability to support 60W, as indica",BAAI/bge-base-en-v1.5,Qwen/Qwen2.5-7B-Instruct,3,0.3,0.95,50,512,0.2978723404255319,0.1891891891891892,0.7,0.22695035460992907,0.14414414414414414,0.5333333333333333,0.030269956074830393,0.292936998792106,0.8908191919326782,0.8685611486434937,0.9142481088638306,0.8115571141242981,0.7653688788414001,0.5610029236220143,645,0.012206077575683594,23.42151713371277,0.928051233291626,24.361774444580078,0.7201791405677795
399,2025-12-05 08:01:43,What is the best iPhone lightning cable in the list?,"For super-fast charging with a USB-C adapter, the Belkin Lightning to USB-C is best. For a reliable and durable standard cable with a good warranty, the Duracell USB-A to Lightning is a great choice. The Hi-Mobiler is the most budget-friendly option.","Based on the reviews, the Duracell USB Lightning Apple Certified (MFi) Braided Sync & Charge Cable appears to be highly rated and recommended by users. It has a strong 4.5-star rating, fast charging capabilities, and durable construction. Users praise its quality, build, and value for money, making ",BAAI/bge-base-en-v1.5,Qwen/Qwen2.5-7B-Instruct,3,0.3,0.95,50,512,0.3,0.22580645161290322,0.44680851063829785,0.1714285714285714,0.12903225806451613,0.2553191489361702,0.02099071737252447,0.23809523809523808,0.8535731434822083,0.8340199589729309,0.8740652799606323,0.6611247062683105,0.8000317215919495,0.5105776138778044,552,0.012151002883911133,17.316766023635864,1.0031239986419678,18.332041025161743,0.7380982041358948
400,2025-12-05 08:02:44,Suggest me some good long lasting headphones,"The boAt Bassheads 100 in-ear wired earphones are recommended for longevity, featuring a premium coated wire for sturdiness and a 1-year warranty. They have a 4.1-star rating from over 360,000 reviews and cost between ₹349-₹379.","Based on the provided information, the JBL Infinity (JBL Glide 510) seems like a great option for long-lasting headphones. It offers 72 hours of playtime under optimum audio settings, quick charging capabilities, and a comfortable design. Additionally, it supports voice assistants and has dual equal",BAAI/bge-base-en-v1.5,Qwen/Qwen2.5-7B-Instruct,3,0.3,0.95,50,512,0.09090909090909093,0.050397877984084884,0.4634146341463415,0.06220095693779904,0.034482758620689655,0.3170731707317073,0.0035138253641329126,0.14416775884665795,0.797458291053772,0.7767398357391357,0.8193121552467346,0.5470379590988159,0.777617198228836,0.4238214355541908,2284,0.01119375228881836,59.20709156990051,1.1447067260742188,60.36299204826355,0.6586872935295105
401,2025-12-05 08:03:13,Recommend a good fast charging USB-C cable under 300 rupees,"The boAt A400 at ₹299 is recommended, supporting 24W-25W fast charging and having a slightly higher customer rating. For a tighter budget, the pTron Solero TB301 at ₹149 supports 15W fast charging.","Based on the information provided, the Zoul USB C to USB C Fast Charging Cable (65W) seems to be the best option under 300 rupees. It offers a higher wattage of 65W for faster charging and comes with a warranty. While it has a slightly lower rating compared to the Belkin cables, it has received posi",BAAI/bge-base-en-v1.5,Qwen/Qwen2.5-7B-Instruct,3,0.7,0.85,30,512,0.16184971098265896,0.1,0.42424242424242425,0.12716763005780346,0.07857142857142857,0.3333333333333333,0.010000795658242826,0.2370591286307055,0.8503775596618652,0.8295670747756958,0.8722590208053589,0.5020296573638916,0.8509753525257111,0.46355853960529214,834,0.01182699203491211,28.483458995819092,0.9410197734832764,29.43630576133728,0.788780927658081
402,2025-12-05 08:04:12,Which cable has the highest rating and supports 60W charging?,"The Belkin USB-C to USB-C Fast Charging Cable (60W PD) is the best match, offering a strong 4.5-star rating along with full 60W fast-charging support.","The Synqe Type C to Type C Short Fast Charging 60W Cable has the highest rating at 4.3 stars and supports 60W charging. However, it's important to note that while the product description mentions 60W charging, some users have pointed out that the actual power output might be lower. Despite this, it ",BAAI/bge-base-en-v1.5,Qwen/Qwen2.5-7B-Instruct,3,0.7,0.85,30,512,0.13164556962025317,0.07123287671232877,0.8666666666666667,0.10126582278481013,0.0547945205479452,0.6666666666666666,0.009204495648986188,0.20469384872781,0.8366628885269165,0.7809007167816162,0.9010012149810791,0.8250772953033447,0.7717462778091431,0.5062714750878888,2131,0.011961698532104492,57.96245765686035,1.0667505264282227,59.04116988182068,0.7201791405677795
403,2025-12-05 08:05:05,What is the best iPhone lightning cable in the list?,"For super-fast charging with a USB-C adapter, the Belkin Lightning to USB-C is best. For a reliable and durable standard cable with a good warranty, the Duracell USB-A to Lightning is a great choice. The Hi-Mobiler is the most budget-friendly option.","Based on the reviews and ratings provided, the Duracell USB Lightning Apple Certified (MFi) Braided Sync & Charge Cable For iPhone, iPad and iPod appears to be the best option among the listed products. It has a high rating of 4.5 stars and positive feedback regarding its build quality, charging spe",BAAI/bge-base-en-v1.5,Qwen/Qwen2.5-7B-Instruct,3,0.7,0.85,30,512,0.26388888888888884,0.1958762886597938,0.40425531914893614,0.125,0.09278350515463918,0.19148936170212766,0.01942242379498941,0.2564574056403732,0.7403732538223267,0.6469266414642334,0.865373969078064,0.6451399922370911,0.8376870393753051,0.47718975795497415,979,0.012048959732055664,51.94450378417969,1.0527150630950928,53.009267807006836,0.7380982041358948
404,2025-12-05 08:05:30,Suggest me some good long lasting headphones,"The boAt Bassheads 100 in-ear wired earphones are recommended for longevity, featuring a premium coated wire for sturdiness and a 1-year warranty. They have a 4.1-star rating from over 360,000 reviews and cost between ₹349-₹379.","Based on the provided information, the JBL Glide 510 Infinity headphones stand out as a great option for long-lasting headphones. They offer impressive battery life with 72 hours of playtime under optimum settings, quick charging capabilities, and dual equalizer modes for versatile sound quality. Wh",BAAI/bge-base-en-v1.5,Qwen/Qwen2.5-7B-Instruct,3,0.7,0.85,30,512,0.16216216216216217,0.11214953271028037,0.2926829268292683,0.08108108108108109,0.056074766355140186,0.14634146341463414,0.011726976615734566,0.185589519650655,0.8277126550674438,0.8309863805770874,0.8244646787643433,0.4841308891773224,0.4362153828144073,0.4007113298172622,684,0.011471748352050781,23.769967079162598,0.941401481628418,24.722840309143066,0.6586872935295105
405,2025-12-05 08:05:51,Recommend a good fast charging USB-C cable under 300 rupees,"The boAt A400 at ₹299 is recommended, supporting 24W-25W fast charging and having a slightly higher customer rating. For a tighter budget, the pTron Solero TB301 at ₹149 supports 15W fast charging.","Based on the available options, the Zoul USB C to USB C Fast Charging Cable at ₹399 is a great choice under 300 rupees. It supports 65W fast charging, is USB-IF certified, and has positive reviews highlighting its durability and performance. While the Belkin cable is also high-quality and fast-charg",BAAI/bge-base-en-v1.5,Qwen/Qwen2.5-7B-Instruct,3,0.7,0.85,50,512,0.29629629629629634,0.21333333333333335,0.48484848484848486,0.2222222222222222,0.16,0.36363636363636365,0.03120685648089846,0.3683168316831683,0.8700006008148193,0.8569051623344421,0.8835023641586304,0.5227683782577515,0.828515100479126,0.5151253981555847,426,0.012242794036865234,20.57702612876892,0.9076743125915527,21.49694323539734,0.788780927658081
406,2025-12-05 08:06:19,Which cable has the highest rating and supports 60W charging?,"The Belkin USB-C to USB-C Fast Charging Cable (60W PD) is the best match, offering a strong 4.5-star rating along with full 60W fast-charging support.","The Synqe Type C to Type C Short Fast Charging 60W Cable has the highest rating at 4.3 ⭐ and supports 60W charging. It is compatible with several Samsung devices and is known for its durability and fast charging capabilities. While it has a shorter length of 0.25 meters, it is still a high-quality o",BAAI/bge-base-en-v1.5,Qwen/Qwen2.5-7B-Instruct,3,0.7,0.85,50,512,0.25149700598802394,0.15328467153284672,0.7,0.16766467065868262,0.10218978102189781,0.4666666666666667,0.01556022827566638,0.22113022113022113,0.8807148337364197,0.8554860353469849,0.9074769020080566,0.7379407286643982,0.8228627681732177,0.5266948546460768,787,0.011996030807495117,26.308720111846924,0.9420344829559326,27.26275062561035,0.7201791405677795
407,2025-12-05 08:06:38,What is the best iPhone lightning cable in the list?,"For super-fast charging with a USB-C adapter, the Belkin Lightning to USB-C is best. For a reliable and durable standard cable with a good warranty, the Duracell USB-A to Lightning is a great choice. The Hi-Mobiler is the most budget-friendly option.","Based on the reviews, the Duracell USB Lightning Apple Certified (MFi) Braided Sync & Charge Cable for iPhone, iPad and iPod appears to be highly rated. It has a 4.5-star rating and is described as having ""awesome build quality"" and being ""better than a official lightening from Apple."" Additionally,",BAAI/bge-base-en-v1.5,Qwen/Qwen2.5-7B-Instruct,3,0.7,0.85,50,512,0.3398692810457516,0.24528301886792453,0.5531914893617021,0.1568627450980392,0.11320754716981132,0.2553191489361702,0.026733539369042814,0.2975535520968286,0.8606605529785156,0.8423360586166382,0.8798000812530518,0.6975843906402588,0.8645088732242583,0.5381124930609142,657,0.012124776840209961,18.2666757106781,0.9208812713623047,19.199681758880615,0.7380982041358948
408,2025-12-05 08:07:06,Suggest me some good long lasting headphones,"The boAt Bassheads 100 in-ear wired earphones are recommended for longevity, featuring a premium coated wire for sturdiness and a 1-year warranty. They have a 4.1-star rating from over 360,000 reviews and cost between ₹349-₹379.","Based on the product information provided, the JBL Glide 510 (Infinity) stands out as a great option for long-lasting headphones. It offers impressive 72 hours of playtime under optimum audio settings, quick charging capabilities, and a comfortable design. Additionally, it features dual equalizer mo",BAAI/bge-base-en-v1.5,Qwen/Qwen2.5-7B-Instruct,3,0.7,0.85,50,512,0.13636363636363635,0.08888888888888889,0.2926829268292683,0.06818181818181818,0.044444444444444446,0.14634146341463414,0.00795984599633302,0.19279104764344265,0.8265389800071716,0.8280725479125977,0.825011134147644,0.5153241753578186,0.7503786325454711,0.4349066305285989,830,0.011451959609985352,27.43637752532959,0.9380128383636475,28.385842323303223,0.6586872935295105
409,2025-12-05 08:07:43,Recommend a good fast charging USB-C cable under 300 rupees,"The boAt A400 at ₹299 is recommended, supporting 24W-25W fast charging and having a slightly higher customer rating. For a tighter budget, the pTron Solero TB301 at ₹149 supports 15W fast charging.","Based on the available options, the Zoul USB C to USB C Fast Charging Cable (65W Type C to Type C Nylon Braided Cord) seems to be the best fit within your budget. It supports 65W fast charging, is highly rated, and comes at a significantly discounted price of ₹399 (originally ₹1,099, a 64% discount)",BAAI/bge-base-en-v1.5,Qwen/Qwen2.5-7B-Instruct,3,0.7,0.95,30,512,0.1572052401746725,0.09183673469387756,0.5454545454545454,0.11353711790393013,0.0663265306122449,0.3939393939393939,0.011415432642114136,0.2515666152029789,0.8482159972190857,0.823614239692688,0.8743326663970947,0.510230302810669,0.8505167722702025,0.46510250844644396,1105,0.011946678161621094,36.104185819625854,0.9944612979888916,37.11059379577637,0.788780927658081
410,2025-12-05 08:08:43,Which cable has the highest rating and supports 60W charging?,"The Belkin USB-C to USB-C Fast Charging Cable (60W PD) is the best match, offering a strong 4.5-star rating along with full 60W fast-charging support.","The Synqe Type C to Type C Short Fast Charging 60W Cable has the highest rating at 4.3 stars and supports 60W charging. It is compatible with several Samsung devices and comes with a 12-month warranty. While the Belkin USB C to USB-C Fast Charging Type C Cable also supports fast charging, it is rate",BAAI/bge-base-en-v1.5,Qwen/Qwen2.5-7B-Instruct,3,0.7,0.95,30,512,0.12919896640826872,0.0700280112044818,0.8333333333333334,0.12919896640826872,0.0700280112044818,0.8333333333333334,0.011934220842616718,0.22751713859910583,0.8498545289039612,0.8106937408447266,0.8929907083511353,0.7998769283294678,0.8301312923431396,0.5166129332819791,1993,0.012042760848999023,57.95565748214722,1.1818263530731201,59.149526596069336,0.7201791405677795
411,2025-12-05 08:09:15,What is the best iPhone lightning cable in the list?,"For super-fast charging with a USB-C adapter, the Belkin Lightning to USB-C is best. For a reliable and durable standard cable with a good warranty, the Duracell USB-A to Lightning is a great choice. The Hi-Mobiler is the most budget-friendly option.","Based on the reviews and ratings, the Duracell USB Lightning Apple Certified (MFi) Braided Sync & Charge Cable, 3.9 feet (1.2M) - Black appears to be the best option among the listed products. It has a high rating of 4.5 stars and positive feedback regarding its build quality, charging speed, and co",BAAI/bge-base-en-v1.5,Qwen/Qwen2.5-7B-Instruct,3,0.7,0.95,30,512,0.22627737226277375,0.13656387665198239,0.6595744680851063,0.14598540145985403,0.0881057268722467,0.425531914893617,0.015918531524135145,0.24663677130044845,0.8402058482170105,0.8064088225364685,0.8769596815109253,0.7436302304267883,0.877358466386795,0.5223270009980334,1411,0.012018442153930664,31.816734075546265,0.983367919921875,32.81212043762207,0.7380982041358948
412,2025-12-05 08:09:41,Suggest me some good long lasting headphones,"The boAt Bassheads 100 in-ear wired earphones are recommended for longevity, featuring a premium coated wire for sturdiness and a 1-year warranty. They have a 4.1-star rating from over 360,000 reviews and cost between ₹349-₹379.","Based on the provided information, the JBL Infinity (Glide 510) seems to be a great option for long-lasting headphones. It offers 72 hours of playtime under optimum audio settings, quick charging capabilities, and a comfortable design with dual equalizer modes. Additionally, the boAt Rockerz 400 pro",BAAI/bge-base-en-v1.5,Qwen/Qwen2.5-7B-Instruct,3,0.7,0.95,30,512,0.13836477987421383,0.09322033898305085,0.2682926829268293,0.10062893081761007,0.06779661016949153,0.1951219512195122,0.008546124843467937,0.18820765797509986,0.8320657014846802,0.8346105217933655,0.8295361995697021,0.5400068759918213,0.42132890224456787,0.41113582304378526,744,0.01125788688659668,24.86226725578308,0.9194691181182861,25.792994260787964,0.6586872935295105
413,2025-12-05 08:10:10,Recommend a good fast charging USB-C cable under 300 rupees,"The boAt A400 at ₹299 is recommended, supporting 24W-25W fast charging and having a slightly higher customer rating. For a tighter budget, the pTron Solero TB301 at ₹149 supports 15W fast charging.","Based on the options available, the Zoul USB C to USB C Fast Charging Cable (65W, 2M, Grey) seems to be a good choice under 300 rupees. It offers a high charging speed of up to 65W, is durable, and has positive reviews from customers. While the Belkin cables are also high-quality, they are priced hi",BAAI/bge-base-en-v1.5,Qwen/Qwen2.5-7B-Instruct,3,0.7,0.95,50,512,0.20253164556962028,0.128,0.48484848484848486,0.12658227848101264,0.08,0.30303030303030304,0.008586612741476665,0.22629310344827588,0.855254590511322,0.836624026298523,0.8747338056564331,0.4429967999458313,0.7964052200317382,0.44976754881662295,670,0.012360811233520508,27.53357195854187,0.9233059883117676,28.469238758087158,0.788780927658081
414,2025-12-05 08:10:36,Which cable has the highest rating and supports 60W charging?,"The Belkin USB-C to USB-C Fast Charging Cable (60W PD) is the best match, offering a strong 4.5-star rating along with full 60W fast-charging support.","The cable with the highest rating and that supports 60W charging is the Synqe Type C to Type C Short Fast Charging 60W Cable. It has a rating of 4.3 stars based on 838 reviews and supports up to 60W charging through its built-in smart chip, making it suitable for devices like Samsung Galaxy S21 Ultr",BAAI/bge-base-en-v1.5,Qwen/Qwen2.5-7B-Instruct,3,0.7,0.95,50,512,0.2727272727272727,0.1693548387096774,0.7,0.18181818181818182,0.11290322580645161,0.4666666666666667,0.013171965129624296,0.26442157047063986,0.8774899840354919,0.8523285984992981,0.9041821360588074,0.7497985363006592,0.8032590985298156,0.5360930906600903,699,0.012451887130737305,25.31822896003723,0.9320471286773682,26.262727975845337,0.7201791405677795
415,2025-12-05 08:10:55,What is the best iPhone lightning cable in the list?,"For super-fast charging with a USB-C adapter, the Belkin Lightning to USB-C is best. For a reliable and durable standard cable with a good warranty, the Duracell USB-A to Lightning is a great choice. The Hi-Mobiler is the most budget-friendly option.","Based on the reviews, the Duracell USB Lightning Apple Certified (MFi) Braided Sync & Charge Cable For iPhone, iPad And iPod appears to be the best option among the listed products. It has a high rating of 4.5 stars, excellent reviews praising its build quality, fast charging speed, and compatibilit",BAAI/bge-base-en-v1.5,Qwen/Qwen2.5-7B-Instruct,3,0.7,0.95,50,512,0.35135135135135137,0.25742574257425743,0.5531914893617021,0.16216216216216214,0.1188118811881188,0.2553191489361702,0.019701995371496465,0.29255807436611003,0.8570554852485657,0.8391461372375488,0.875745952129364,0.6670942306518555,0.8529098093509673,0.5301789604210267,601,0.012157440185546875,17.975337505340576,0.9174435138702393,18.904938459396362,0.7380982041358948
416,2025-12-05 08:11:32,Suggest me some good long lasting headphones,"The boAt Bassheads 100 in-ear wired earphones are recommended for longevity, featuring a premium coated wire for sturdiness and a 1-year warranty. They have a 4.1-star rating from over 360,000 reviews and cost between ₹349-₹379.","Based on the information provided, here are some good long-lasting options:

1. **JBL Glide 510**: This model offers impressive battery life with up to 72 hours of playtime under optimum audio settings. It also supports quick charging, providing 2 hours of playtime with just 10 minutes of charge. Ad",BAAI/bge-base-en-v1.5,Qwen/Qwen2.5-7B-Instruct,3,0.7,0.95,50,512,0.11428571428571428,0.06862745098039216,0.34146341463414637,0.0653061224489796,0.0392156862745098,0.1951219512195122,0.0029524613195623206,0.14629948364888126,0.8227525353431702,0.8193787336349487,0.8261541724205017,0.5364263653755188,0.7448341131210326,0.4276561705757574,1284,0.011442184448242188,36.38815665245056,0.9704403877258301,37.370039224624634,0.6586872935295105
417,2025-12-05 08:12:30,Recommend a good fast charging USB-C cable under 300 rupees,"The boAt A400 at ₹299 is recommended, supporting 24W-25W fast charging and having a slightly higher customer rating. For a tighter budget, the pTron Solero TB301 at ₹149 supports 15W fast charging.","Based on the available options, the Belkin USB C to USB-C Fast Charging Type C Cable (White) and the Zoul USB C to USB C Fast Charging Cable are both good choices under 300 rupees. However, the Belkin cable is closer to the 300 rupee mark at ₹599 (29% off), while the Zoul cable is significantly chea",BAAI/bge-base-en-v1.5,Qwen/Qwen2.5-7B-Instruct,5,0.3,0.85,30,512,0.11726384364820845,0.06569343065693431,0.5454545454545454,0.10423452768729641,0.058394160583941604,0.48484848484848486,0.011296597094266723,0.22874014470653128,0.8314884305000305,0.8033956289291382,0.8616170287132263,0.45673230290412903,0.8364057600498198,0.44044966275977226,1562,0.012614727020263672,56.57771944999695,1.0194544792175293,57.60978865623474,0.7860292792320251
418,2025-12-05 08:13:07,Which cable has the highest rating and supports 60W charging?,"The Belkin USB-C to USB-C Fast Charging Cable (60W PD) is the best match, offering a strong 4.5-star rating along with full 60W fast-charging support.","The Belkin USB C to USB-C Fast Charging Type C Cable, 60W PD, 3.3 feet (1 meter) for Laptop, Personal Computer, Tablet, Smartphone - Black has the highest rating at 4.5 ⭐ and supports 60W charging. It is USB-IF certified and offers fast charging up to 50% in around 36 minutes. Additionally, it is bu",BAAI/bge-base-en-v1.5,Qwen/Qwen2.5-7B-Instruct,5,0.3,0.85,30,512,0.28915662650602414,0.17647058823529413,0.8,0.22891566265060245,0.13970588235294118,0.6333333333333333,0.024962992828337964,0.3010375602825526,0.880791187286377,0.8428813815116882,0.9222716093063354,0.8646641373634338,0.7502637267112732,0.5676161592062877,811,0.012211322784423828,35.94063949584961,0.92661452293396,36.87946534156799,0.717805802822113
419,2025-12-05 08:13:38,What is the best iPhone lightning cable in the list?,"For super-fast charging with a USB-C adapter, the Belkin Lightning to USB-C is best. For a reliable and durable standard cable with a good warranty, the Duracell USB-A to Lightning is a great choice. The Hi-Mobiler is the most budget-friendly option.","Based on the reviews, the Duracell USB Lightning Apple Certified (MFi) Braided Sync & Charge Cable For iPhone, iPad And iPod appears to be the best option in the list. It has a high rating of 4.5 stars, is highly recommended by multiple reviewers, and is noted for its excellent build quality, fast c",BAAI/bge-base-en-v1.5,Qwen/Qwen2.5-7B-Instruct,5,0.3,0.85,30,512,0.36363636363636365,0.24285714285714285,0.723404255319149,0.18181818181818182,0.12142857142857143,0.3617021276595745,0.023597988061696835,0.34784192314696777,0.8700364828109741,0.8513948917388916,0.8895126581192017,0.8189927339553833,0.8658637940883636,0.5769755887263259,832,0.012040138244628906,30.60129165649414,0.9346847534179688,31.54801654815674,0.7377182245254517
420,2025-12-05 08:14:55,Suggest me some good long lasting headphones,"The boAt Bassheads 100 in-ear wired earphones are recommended for longevity, featuring a premium coated wire for sturdiness and a 1-year warranty. They have a 4.1-star rating from over 360,000 reviews and cost between ₹349-₹379.","Based on the provided information, here are some good long-lasting headphones options:

1. **JBL Glide 510**: This model offers impressive 72 hours of playtime under optimum audio settings. It features dual equalizer modes for normal and deep bass output, and quick charging capabilities. The price i",BAAI/bge-base-en-v1.5,Qwen/Qwen2.5-7B-Instruct,5,0.3,0.85,30,512,0.0979381443298969,0.05475504322766571,0.4634146341463415,0.05154639175257732,0.02881844380403458,0.24390243902439024,0.004019178642150014,0.1319261213720317,0.8061811923980713,0.7766398191452026,0.8380586504936218,0.5695713758468628,0.46767037510871884,0.39736590045802944,2103,0.011252403259277344,75.44190645217896,1.0659661293029785,76.51912498474121,0.6577231287956238
421,2025-12-05 08:16:09,Recommend a good fast charging USB-C cable under 300 rupees,"The boAt A400 at ₹299 is recommended, supporting 24W-25W fast charging and having a slightly higher customer rating. For a tighter budget, the pTron Solero TB301 at ₹149 supports 15W fast charging.","Based on the information provided, the Zoul USB C to USB C Fast Charging Cable 65W Type C to Type C Nylon Braided Cord is a great option under 300 rupees. It offers a competitive price of ₹399 (was ₹1,099, 64% off) and has a high rating of 4.1 ⭐ from 2,685 reviews. The cable supports 65W fast chargi",BAAI/bge-base-en-v1.5,Qwen/Qwen2.5-7B-Instruct,5,0.3,0.85,50,512,0.0825242718446602,0.044854881266490766,0.5151515151515151,0.06796116504854369,0.036939313984168866,0.42424242424242425,0.007360924677996827,0.17845284762578,0.8226524591445923,0.7876592874526978,0.8608994483947754,0.4835578203201294,0.8204155743122101,0.426968799582382,2047,0.01200723648071289,73.51781725883484,1.0605573654174805,74.59038186073303,0.7860292792320251
422,2025-12-05 08:16:44,Which cable has the highest rating and supports 60W charging?,"The Belkin USB-C to USB-C Fast Charging Cable (60W PD) is the best match, offering a strong 4.5-star rating along with full 60W fast-charging support.","The Belkin USB C to USB-C Fast Charging Type C Cable, 60W PD, 3.3 feet (1 meter) for Laptop, Personal Computer, Tablet, Smartphone - Black has the highest rating at 4.5 ⭐ and supports 60W charging. It is USB-IF certified and offers fast charging capabilities, with reviews mentioning up to 50% chargi",BAAI/bge-base-en-v1.5,Qwen/Qwen2.5-7B-Instruct,5,0.3,0.85,50,512,0.3287671232876712,0.20689655172413793,0.8,0.2602739726027397,0.16379310344827586,0.6333333333333333,0.029512846419976584,0.3381932483138183,0.8876834511756897,0.8529077768325806,0.9254153966903687,0.9096671342849731,0.7439050197601318,0.5908291731050417,680,0.011928081512451172,33.956846952438354,0.9232032299041748,34.89197826385498,0.717805802822113
423,2025-12-05 08:17:15,What is the best iPhone lightning cable in the list?,"For super-fast charging with a USB-C adapter, the Belkin Lightning to USB-C is best. For a reliable and durable standard cable with a good warranty, the Duracell USB-A to Lightning is a great choice. The Hi-Mobiler is the most budget-friendly option.","Based on the reviews, the Duracell USB Lightning Apple Certified (MFi) Braided Sync & Charge Cable For iPhone, iPad And iPod appears to be the best option among the listed products. It has a high rating of 4.5 stars, is highly recommended by multiple reviewers, and is praised for its build quality, ",BAAI/bge-base-en-v1.5,Qwen/Qwen2.5-7B-Instruct,5,0.3,0.85,50,512,0.3093922651933702,0.208955223880597,0.5957446808510638,0.16574585635359115,0.11194029850746269,0.3191489361702128,0.022649516025338174,0.274822695035461,0.8634540438652039,0.8455793261528015,0.8821008205413818,0.7457959651947021,0.8791450142860413,0.5439393734463946,814,0.012655496597290039,29.88281273841858,0.9286849498748779,30.824153184890747,0.7377182245254517
424,2025-12-05 08:18:03,Suggest me some good long lasting headphones,"The boAt Bassheads 100 in-ear wired earphones are recommended for longevity, featuring a premium coated wire for sturdiness and a 1-year warranty. They have a 4.1-star rating from over 360,000 reviews and cost between ₹349-₹379.","Based on the provided information, the JBL Infinity (JBL Glide 510) stands out as a great option for long-lasting headphones. It offers 72 hours of playtime under optimum audio settings, which is significantly longer than the alternatives listed. Additionally, it features quick charging capabilities",BAAI/bge-base-en-v1.5,Qwen/Qwen2.5-7B-Instruct,5,0.3,0.85,50,512,0.13934426229508196,0.08374384236453201,0.4146341463414634,0.09016393442622953,0.054187192118226604,0.2682926829268293,0.003221484984580578,0.1773049645390071,0.8240067958831787,0.8164279460906982,0.8317276239395142,0.506761908531189,0.4527014076709747,0.4024929342955702,1261,0.011396646499633789,47.45542240142822,1.006866216659546,48.4736852645874,0.6577231287956238
425,2025-12-05 08:18:45,Recommend a good fast charging USB-C cable under 300 rupees,"The boAt A400 at ₹299 is recommended, supporting 24W-25W fast charging and having a slightly higher customer rating. For a tighter budget, the pTron Solero TB301 at ₹149 supports 15W fast charging.","Based on the information provided, the Zoul USB C to USB C Fast Charging Cable (65W) is a great option under 300 rupees. It offers a competitive price at ₹399 (was ₹1,099, 64% off) and has received positive reviews for its fast charging capabilities and durability. While it doesn't support data tran",BAAI/bge-base-en-v1.5,Qwen/Qwen2.5-7B-Instruct,5,0.3,0.95,30,512,0.17346938775510204,0.10429447852760736,0.5151515151515151,0.13265306122448978,0.07975460122699386,0.3939393939393939,0.016281098333244034,0.25826867205215426,0.8498761653900146,0.8284028172492981,0.8724923729896545,0.4657478332519531,0.8226377964019775,0.4588630431771988,953,0.011913537979125977,40.87603783607483,0.9579899311065674,41.84594130516052,0.7860292792320251
426,2025-12-05 08:19:58,Which cable has the highest rating and supports 60W charging?,"The Belkin USB-C to USB-C Fast Charging Cable (60W PD) is the best match, offering a strong 4.5-star rating along with full 60W fast-charging support.","The Belkin USB C to USB-C Fast Charging Type C Cable, 60W PD, 3.3 feet (1 meter) for Laptop, Personal Computer, Tablet, Smartphone - Black has the highest rating at 4.5 ⭐ and supports 60W charging. It is USB-IF certified and offers fast charging capabilities, with a 2-year manufacturing warranty. Wh",BAAI/bge-base-en-v1.5,Qwen/Qwen2.5-7B-Instruct,5,0.3,0.95,30,512,0.1315068493150685,0.07164179104477612,0.8,0.12602739726027395,0.06865671641791045,0.7666666666666667,0.010316132409895935,0.20275435404827233,0.8434203863143921,0.793297290802002,0.9003045558929443,0.8679835200309753,0.7702336013317108,0.5186733517237289,1906,0.012212038040161133,71.83364653587341,1.129883050918579,72.97574162483215,0.717805802822113
427,2025-12-05 08:20:31,What is the best iPhone lightning cable in the list?,"For super-fast charging with a USB-C adapter, the Belkin Lightning to USB-C is best. For a reliable and durable standard cable with a good warranty, the Duracell USB-A to Lightning is a great choice. The Hi-Mobiler is the most budget-friendly option.","Based on the reviews and ratings provided, the Duracell USB Lightning Apple Certified (MFi) Braided Sync & Charge Cable for iPhone, iPad, and iPod appears to be the best option among the listed products. It has a high rating of 4.5 stars, with numerous positive reviews praising its build quality, fa",BAAI/bge-base-en-v1.5,Qwen/Qwen2.5-7B-Instruct,5,0.3,0.95,30,512,0.2626262626262626,0.17218543046357615,0.5531914893617021,0.1515151515151515,0.09933774834437085,0.3191489361702128,0.017159728824213266,0.25641025641025644,0.8562260866165161,0.8369978666305542,0.8763585090637207,0.7512376308441162,0.8658454358577727,0.5324802441668308,933,0.012258768081665039,31.943102836608887,0.9382681846618652,32.89362978935242,0.7377182245254517
428,2025-12-05 08:21:15,Suggest me some good long lasting headphones,"The boAt Bassheads 100 in-ear wired earphones are recommended for longevity, featuring a premium coated wire for sturdiness and a 1-year warranty. They have a 4.1-star rating from over 360,000 reviews and cost between ₹349-₹379.","Based on the provided information, here are some good long-lasting headphones that offer excellent battery life:

1. **JBL Infinity (Glide 510)** - This model boasts an impressive 72 hours of playtime under optimum audio settings, making it a top choice for long-lasting use. It also features quick c",BAAI/bge-base-en-v1.5,Qwen/Qwen2.5-7B-Instruct,5,0.3,0.95,30,512,0.14150943396226415,0.08771929824561403,0.36585365853658536,0.08490566037735849,0.05263157894736842,0.21951219512195122,0.00611335467238325,0.17390393946395566,0.8163790106773376,0.8140390515327454,0.8187326192855835,0.5224547386169434,0.43800894021987913,0.401725030235505,1070,0.011641979217529297,42.756476640701294,0.9651365280151367,43.73325514793396,0.6577231287956238
429,2025-12-05 08:21:57,Recommend a good fast charging USB-C cable under 300 rupees,"The boAt A400 at ₹299 is recommended, supporting 24W-25W fast charging and having a slightly higher customer rating. For a tighter budget, the pTron Solero TB301 at ₹149 supports 15W fast charging.","Based on the available options, the Belkin USB C to USB-C Fast Charging Type C Cable, 60W PD, 3.3 feet (1 meter) for Laptop, Personal Computer, Tablet, Smartphone - White, USB-IF Certified is a great choice under 300 rupees. It offers 60W PD fast charging and is certified by USB-IF. While it is slig",BAAI/bge-base-en-v1.5,Qwen/Qwen2.5-7B-Instruct,5,0.3,0.95,50,512,0.1875,0.11320754716981132,0.5454545454545454,0.13541666666666669,0.08176100628930817,0.3939393939393939,0.013800215978545926,0.25819815944670205,0.8460245728492737,0.8189761638641357,0.8749206066131592,0.5405205488204956,0.8834446787834167,0.48035613303628577,896,0.012067794799804688,41.00989580154419,0.9523065090179443,41.97427010536194,0.7860292792320251
430,2025-12-05 08:23:10,Which cable has the highest rating and supports 60W charging?,"The Belkin USB-C to USB-C Fast Charging Cable (60W PD) is the best match, offering a strong 4.5-star rating along with full 60W fast-charging support.","The Belkin USB C to USB-C Fast Charging Type C Cable, 60W PD, 3.3 feet (1 meter) for Laptop, Personal Computer, Tablet, Smartphone - Black has the highest rating at 4.5 ⭐ and supports 60W charging. It is USB-IF certified and offers fast charging capabilities, with a 2-year manufacturing warranty. Ad",BAAI/bge-base-en-v1.5,Qwen/Qwen2.5-7B-Instruct,5,0.3,0.95,50,512,0.1271393643031785,0.06860158311345646,0.8666666666666667,0.11246943765281174,0.06068601583113457,0.7666666666666667,0.011686538963085268,0.266533240515141,0.8550795316696167,0.8096147179603577,0.9059544801712036,0.8084253072738647,0.7750429153442382,0.5180687560757796,2195,0.012278318405151367,71.71624040603638,1.0821831226348877,72.81070184707642,0.717805802822113
431,2025-12-05 08:23:40,What is the best iPhone lightning cable in the list?,"For super-fast charging with a USB-C adapter, the Belkin Lightning to USB-C is best. For a reliable and durable standard cable with a good warranty, the Duracell USB-A to Lightning is a great choice. The Hi-Mobiler is the most budget-friendly option.","Based on the reviews and ratings, the Duracell USB Lightning Apple Certified (MFi) Braided Sync & Charge Cable For iPhone, iPad and iPod appears to be the best option among the listed products. It has a high rating of 4.5 stars, excellent reviews praising its build quality, fast charging capabilitie",BAAI/bge-base-en-v1.5,Qwen/Qwen2.5-7B-Instruct,5,0.3,0.95,50,512,0.31818181818181823,0.21705426356589147,0.5957446808510638,0.1931818181818182,0.13178294573643412,0.3617021276595745,0.023805492018650388,0.35087032250605144,0.8625138401985168,0.8444079756736755,0.8814131021499634,0.7712702751159668,0.8835141897201537,0.5643813952589743,780,0.012288570404052734,29.643827438354492,0.9291963577270508,30.585312366485596,0.7377182245254517
432,2025-12-05 08:24:24,Suggest me some good long lasting headphones,"The boAt Bassheads 100 in-ear wired earphones are recommended for longevity, featuring a premium coated wire for sturdiness and a 1-year warranty. They have a 4.1-star rating from over 360,000 reviews and cost between ₹349-₹379.","Based on the provided information, here are some good long-lasting headphones options:

1. **JBL Glide 510 (Infinity)**: Offers up to 72 hours of playtime under optimum audio settings, quick charging capabilities, and dual equalizer modes for normal and deep bass output. It's a great choice for thos",BAAI/bge-base-en-v1.5,Qwen/Qwen2.5-7B-Instruct,5,0.3,0.95,50,512,0.11428571428571431,0.07100591715976332,0.2926829268292683,0.0857142857142857,0.05325443786982249,0.21951219512195122,0.005631261777038777,0.13711151736745888,0.8165614604949951,0.8133894205093384,0.8197582960128784,0.5718334913253784,0.4227077722549438,0.4019076943971416,1030,0.011214017868041992,42.9133095741272,0.9564914703369141,43.88101506233215,0.6577231287956238
433,2025-12-05 08:25:39,Recommend a good fast charging USB-C cable under 300 rupees,"The boAt A400 at ₹299 is recommended, supporting 24W-25W fast charging and having a slightly higher customer rating. For a tighter budget, the pTron Solero TB301 at ₹149 supports 15W fast charging.","Based on the available options, the Zoul USB C to USB C Fast Charging Cable (65W) is a great choice under 300 rupees. It offers fast charging capabilities up to 65W and is compatible with various devices including laptops, smartphones, and tablets. While it is priced at ₹399, it provides a solid bui",BAAI/bge-base-en-v1.5,Qwen/Qwen2.5-7B-Instruct,5,0.7,0.85,30,512,0.08913649025069638,0.049079754601226995,0.48484848484848486,0.07799442896935932,0.04294478527607362,0.42424242424242425,0.007729141472955783,0.18636363636363637,0.8091207146644592,0.7628378868103027,0.8613823056221008,0.5340011715888977,0.8581706941127776,0.4403380339190187,1996,0.011860847473144531,73.46263074874878,1.0748960971832275,74.54938769340515,0.7860292792320251
434,2025-12-05 08:26:16,Which cable has the highest rating and supports 60W charging?,"The Belkin USB-C to USB-C Fast Charging Cable (60W PD) is the best match, offering a strong 4.5-star rating along with full 60W fast-charging support.","The Belkin USB C to USB-C Fast Charging Type C Cable, 60W PD, 3.3 feet (1 meter) for Laptop, Personal Computer, Tablet, Smartphone - Black has the highest rating at 4.5 ⭐ and supports 60W charging. It also has 577 reviews and a 2-Year Manufacturing Warranty. However, it is important to note that alt",BAAI/bge-base-en-v1.5,Qwen/Qwen2.5-7B-Instruct,5,0.7,0.85,30,512,0.27544910179640714,0.1678832116788321,0.7666666666666667,0.22754491017964074,0.1386861313868613,0.6333333333333333,0.02626056841701251,0.27533132530120485,0.882462203502655,0.8458346128463745,0.9224054217338562,0.892016589641571,0.7513199925422668,0.5683760248926913,808,0.012124061584472656,35.94366645812988,0.938011646270752,36.89380216598511,0.717805802822113
435,2025-12-05 08:26:49,What is the best iPhone lightning cable in the list?,"For super-fast charging with a USB-C adapter, the Belkin Lightning to USB-C is best. For a reliable and durable standard cable with a good warranty, the Duracell USB-A to Lightning is a great choice. The Hi-Mobiler is the most budget-friendly option.","Based on the reviews, the Duracell USB Lightning Apple Certified (MFi) Braided Sync & Charge Cable for iPhone, iPad, and iPod appears to be the best option among the listed products. It has a high rating of 4.5 stars, with many positive comments highlighting its quality, durability, and fast chargin",BAAI/bge-base-en-v1.5,Qwen/Qwen2.5-7B-Instruct,5,0.7,0.85,30,512,0.29292929292929293,0.19205298013245034,0.6170212765957447,0.1818181818181818,0.11920529801324503,0.3829787234042553,0.02017515886172454,0.306399395757137,0.8564719557762146,0.839949905872345,0.8736571073532104,0.7619920969009399,0.8694356799125671,0.5489121490399889,914,0.012069225311279297,32.755945920944214,0.9464833736419678,33.71449851989746,0.7377182245254517
436,2025-12-05 08:28:06,Suggest me some good long lasting headphones,"The boAt Bassheads 100 in-ear wired earphones are recommended for longevity, featuring a premium coated wire for sturdiness and a 1-year warranty. They have a 4.1-star rating from over 360,000 reviews and cost between ₹349-₹379.","Based on the provided information, here are some good long-lasting headphones that offer impressive battery life:

1. **JBL Glide 510**: This model offers an impressive 72 hours of playtime under optimum settings, making it a top choice for those seeking long-lasting battery life. Additionally, it s",BAAI/bge-base-en-v1.5,Qwen/Qwen2.5-7B-Instruct,5,0.7,0.85,30,512,0.0997506234413965,0.05555555555555555,0.4878048780487805,0.04987531172069825,0.027777777777777776,0.24390243902439024,0.002917546847436901,0.14102564102564102,0.7924685478210449,0.7741829752922058,0.8116387128829956,0.46271002292633057,0.4395349264144897,0.37102082853677565,2219,0.012549400329589844,75.35813927650452,1.073920488357544,76.44460916519165,0.6577231287956238
437,2025-12-05 08:28:46,Recommend a good fast charging USB-C cable under 300 rupees,"The boAt A400 at ₹299 is recommended, supporting 24W-25W fast charging and having a slightly higher customer rating. For a tighter budget, the pTron Solero TB301 at ₹149 supports 15W fast charging.","Based on the available options, the Belkin USB C to USB-C Fast Charging Type C Cable, 60W PD, 3.3 feet (1 meter) for Laptop, Personal Computer, Tablet, Smartphone - White (₹599) or the Amazon Basics USB Type-C to USB-A 2.0 Male Fast Charging Cable for Laptop - 3 Feet (0.9 Meters), Black (₹219) are b",BAAI/bge-base-en-v1.5,Qwen/Qwen2.5-7B-Instruct,5,0.7,0.85,50,512,0.1685393258426966,0.10344827586206896,0.45454545454545453,0.12359550561797754,0.07586206896551724,0.3333333333333333,0.018801504891271838,0.2504166500765043,0.8463819026947021,0.8216366767883301,0.8726638555526733,0.49697625637054443,0.8887949764728547,0.4685263557417401,801,0.012040138244628906,38.89494490623474,0.982933521270752,39.88991856575012,0.7860292792320251
438,2025-12-05 08:29:23,Which cable has the highest rating and supports 60W charging?,"The Belkin USB-C to USB-C Fast Charging Cable (60W PD) is the best match, offering a strong 4.5-star rating along with full 60W fast-charging support.","The Belkin USB C to USB-C Fast Charging Type C Cable, 60W PD, 3.3 feet (1 meter) for Laptop, Personal Computer, Tablet, Smartphone - Black has the highest rating at 4.5 ⭐ and supports 60W charging. It also comes with a 2-Year Manufacturing Warranty and is USB-IF Certified. However, it's important to",BAAI/bge-base-en-v1.5,Qwen/Qwen2.5-7B-Instruct,5,0.7,0.85,50,512,0.254335260115607,0.15384615384615385,0.7333333333333333,0.20809248554913293,0.1258741258741259,0.6,0.02401797354336326,0.2840406003671311,0.8793087005615234,0.8414060473442078,0.9207872748374939,0.848265528678894,0.730207234621048,0.5537516663141444,842,0.01239323616027832,36.08704733848572,0.9500768184661865,37.04951739311218,0.717805802822113
439,2025-12-05 08:30:08,What is the best iPhone lightning cable in the list?,"For super-fast charging with a USB-C adapter, the Belkin Lightning to USB-C is best. For a reliable and durable standard cable with a good warranty, the Duracell USB-A to Lightning is a great choice. The Hi-Mobiler is the most budget-friendly option.","Based on the reviews and ratings provided, the Duracell USB Lightning Apple Certified (MFi) Braided Sync & Charge Cable for iPhone, iPad, and iPod appears to be the best option among the listed products. It has a high rating of 4.5 stars, with numerous positive reviews praising its build quality, fa",BAAI/bge-base-en-v1.5,Qwen/Qwen2.5-7B-Instruct,5,0.7,0.85,50,512,0.2222222222222222,0.1336206896551724,0.6595744680851063,0.13620071684587812,0.08189655172413793,0.40425531914893614,0.014589889518232152,0.2849831108077287,0.8348463177680969,0.8099380731582642,0.8613351583480835,0.6777105331420898,0.8361257970333098,0.5079150152535657,1343,0.012107372283935547,43.66090512275696,1.728515386581421,45.401527881622314,0.7377182245254517
440,2025-12-05 08:30:50,Suggest me some good long lasting headphones,"The boAt Bassheads 100 in-ear wired earphones are recommended for longevity, featuring a premium coated wire for sturdiness and a 1-year warranty. They have a 4.1-star rating from over 360,000 reviews and cost between ₹349-₹379.","Based on the provided information, here are some good long-lasting headphones that you might consider:

1. **JBL Glide 510** - Offers up to 72 hours of playtime under optimum settings, quick charging capability, and a dual equalizer for normal and deep bass output. The deep bass and quick charging f",BAAI/bge-base-en-v1.5,Qwen/Qwen2.5-7B-Instruct,5,0.7,0.85,50,512,0.1711229946524064,0.1095890410958904,0.3902439024390244,0.11764705882352941,0.07534246575342465,0.2682926829268293,0.007100119403350109,0.23634284609933648,0.8158568739891052,0.8099561333656311,0.8218441009521484,0.5010155439376831,0.681212204694748,0.4373269919571168,921,0.01142740249633789,40.61137270927429,0.9495565891265869,41.57235670089722,0.6577231287956238
441,2025-12-05 08:31:33,Recommend a good fast charging USB-C cable under 300 rupees,"The boAt A400 at ₹299 is recommended, supporting 24W-25W fast charging and having a slightly higher customer rating. For a tighter budget, the pTron Solero TB301 at ₹149 supports 15W fast charging.","Based on the available options, the Belkin USB C to USB-C Fast Charging Type C Cable, 60W PD, 3.3 feet (1 meter) for Laptop, Personal Computer, Tablet, Smartphone - White, offers a good balance of features and price. It's certified by USB-IF, comes with a 2-year warranty, and is rated 4.5 stars by 4",BAAI/bge-base-en-v1.5,Qwen/Qwen2.5-7B-Instruct,5,0.7,0.95,30,512,0.18000000000000002,0.10778443113772455,0.5454545454545454,0.12,0.0718562874251497,0.36363636363636365,0.013473970032538016,0.21359223300970878,0.8440335392951965,0.8200270533561707,0.8694879412651062,0.5304060578346252,0.8763554394245148,0.46811137228788585,974,0.011776924133300781,42.196900844573975,0.9814009666442871,43.19007873535156,0.7860292792320251
442,2025-12-05 08:32:07,Which cable has the highest rating and supports 60W charging?,"The Belkin USB-C to USB-C Fast Charging Cable (60W PD) is the best match, offering a strong 4.5-star rating along with full 60W fast-charging support.","The Belkin USB C to USB-C Fast Charging Type C Cable, 60W PD, 3.3 feet (1 meter) for Laptop, Personal Computer, Tablet, Smartphone - Black has the highest rating at 4.5 ⭐ and supports 60W charging. It is USB-IF certified and offers fast charging up to 50% in around 36 minutes. Additionally, it is bu",BAAI/bge-base-en-v1.5,Qwen/Qwen2.5-7B-Instruct,5,0.7,0.95,30,512,0.35036496350364965,0.22429906542056074,0.8,0.2773722627737226,0.17757009345794392,0.6333333333333333,0.03185707716038173,0.32804356832900844,0.8831271529197693,0.8453579545021057,0.9244292974472046,0.9114234447479248,0.7486067295074462,0.5930931157233985,592,0.016863107681274414,32.98740077018738,0.9119400978088379,33.91620397567749,0.717805802822113
443,2025-12-05 08:32:51,What is the best iPhone lightning cable in the list?,"For super-fast charging with a USB-C adapter, the Belkin Lightning to USB-C is best. For a reliable and durable standard cable with a good warranty, the Duracell USB-A to Lightning is a great choice. The Hi-Mobiler is the most budget-friendly option.","The Duracell USB Lightning Apple Certified (MFi) Braided Sync & Charge Cable stands out as the best option based on the reviews. It has an impressive 4.5-star rating and users praise its build quality and fast charging speed, often comparing it favorably to original Apple cables. The cable also come",BAAI/bge-base-en-v1.5,Qwen/Qwen2.5-7B-Instruct,5,0.7,0.95,30,512,0.39062499999999994,0.30864197530864196,0.5319148936170213,0.171875,0.13580246913580246,0.23404255319148937,0.021182050943082245,0.34526666049589294,0.8649468421936035,0.8524035215377808,0.8778647780418396,0.6854805946350098,0.8007082223892212,0.5435618558830171,476,0.011898040771484375,43.38958430290222,0.9447677135467529,44.34625005722046,0.7377182245254517
444,2025-12-05 08:33:35,Suggest me some good long lasting headphones,"The boAt Bassheads 100 in-ear wired earphones are recommended for longevity, featuring a premium coated wire for sturdiness and a 1-year warranty. They have a 4.1-star rating from over 360,000 reviews and cost between ₹349-₹379.","Based on the products listed, the JBL Infinity (JBL Glide 510) stands out as a great option for long-lasting headphones. It offers 72 hours of playtime under optimum audio settings, making it ideal for extended use. Additionally, it features quick charging capabilities where 10 minutes of charge giv",BAAI/bge-base-en-v1.5,Qwen/Qwen2.5-7B-Instruct,5,0.7,0.95,30,512,0.1272727272727273,0.0782122905027933,0.34146341463414637,0.08181818181818183,0.05027932960893855,0.21951219512195122,0.006016416416360546,0.18392383691444492,0.8208451271057129,0.8196991086006165,0.821994423866272,0.4987807273864746,0.7323013663291931,0.4272968719745362,1107,0.011522769927978516,43.35730314254761,0.9593067169189453,44.32813262939453,0.6577231287956238
445,2025-12-05 08:34:19,Recommend a good fast charging USB-C cable under 300 rupees,"The boAt A400 at ₹299 is recommended, supporting 24W-25W fast charging and having a slightly higher customer rating. For a tighter budget, the pTron Solero TB301 at ₹149 supports 15W fast charging.","Based on the available options, the Belkin USB C to USB-C Fast Charging Type C Cable, 60W PD, 3.3 feet (1 meter) for Laptop, Personal Computer, Tablet, Smartphone - White, USB-IF Certified appears to be a suitable choice. It offers 60W PD fast charging, is USB-IF certified for reliability, and comes",BAAI/bge-base-en-v1.5,Qwen/Qwen2.5-7B-Instruct,5,0.7,0.95,50,512,0.15763546798029557,0.09411764705882353,0.48484848484848486,0.10837438423645321,0.06470588235294118,0.3333333333333333,0.012926292224374754,0.2826670943426487,0.8445954918861389,0.8201420903205872,0.8705520033836365,0.5339319705963135,0.8951438784599304,0.47774333353230014,986,0.012143135070800781,42.41207933425903,0.9487109184265137,43.37293338775635,0.7860292792320251
446,2025-12-05 08:34:59,Which cable has the highest rating and supports 60W charging?,"The Belkin USB-C to USB-C Fast Charging Cable (60W PD) is the best match, offering a strong 4.5-star rating along with full 60W fast-charging support.","The Belkin USB C to USB-C Fast Charging Type C Cable, 60W PD, 3.3 feet (1 meter) for Laptop, Personal Computer, Tablet, Smartphone - Black has the highest rating of 4.5 ⭐ and supports 60W charging. It also has 577 reviews and a 2-year manufacturing warranty. Additionally, it is USB-IF certified, whi",BAAI/bge-base-en-v1.5,Qwen/Qwen2.5-7B-Instruct,5,0.7,0.95,50,512,0.24043715846994532,0.1437908496732026,0.7333333333333333,0.2076502732240437,0.12418300653594772,0.6333333333333333,0.021941401367956807,0.30468562232880864,0.8717237114906311,0.8298087120056152,0.9180984497070312,0.7949671745300293,0.8147520184516905,0.5511052912793486,862,0.011937856674194336,39.375975608825684,0.9467780590057373,40.334691524505615,0.717805802822113
447,2025-12-05 08:35:27,What is the best iPhone lightning cable in the list?,"For super-fast charging with a USB-C adapter, the Belkin Lightning to USB-C is best. For a reliable and durable standard cable with a good warranty, the Duracell USB-A to Lightning is a great choice. The Hi-Mobiler is the most budget-friendly option.","Based on the reviews and ratings provided, the Duracell USB Lightning Apple Certified (MFi) Braided Sync & Charge Cable For iPhone, iPad, and iPod appears to be the best option. It has a 4.5-star rating, which is higher than the Belkin cable's 4.4-star rating. Additionally, the reviews consistently ",BAAI/bge-base-en-v1.5,Qwen/Qwen2.5-7B-Instruct,5,0.7,0.95,50,512,0.28025477707006374,0.2,0.46808510638297873,0.15286624203821655,0.10909090909090909,0.2553191489361702,0.02223169998169992,0.3032265315871082,0.8601945638656616,0.8399552702903748,0.8814333081245422,0.7461836338043213,0.8794737517833708,0.543251994552681,638,0.011855125427246094,27.283462047576904,0.9226469993591309,28.21796417236328,0.7377182245254517
448,2025-12-05 08:36:17,Suggest me some good long lasting headphones,"The boAt Bassheads 100 in-ear wired earphones are recommended for longevity, featuring a premium coated wire for sturdiness and a 1-year warranty. They have a 4.1-star rating from over 360,000 reviews and cost between ₹349-₹379.","Based on the provided information, here are some good long-lasting headphones that offer significant battery life:

1. **JBL Glide 510 (Infinity)**: This model boasts 72 hours of playtime under optimum settings, making it one of the best options for extended listening sessions. It also features quic",BAAI/bge-base-en-v1.5,Qwen/Qwen2.5-7B-Instruct,5,0.7,0.95,50,512,0.11864406779661016,0.07179487179487179,0.34146341463414637,0.08474576271186442,0.05128205128205128,0.24390243902439024,0.005011664337270566,0.13961605584642237,0.8173108100891113,0.8116775751113892,0.8230227828025818,0.5224297046661377,0.4395483613014221,0.3945510374471855,1232,0.011290550231933594,48.201170444488525,0.9892733097076416,49.2017343044281,0.6577231287956238
449,2025-12-05 08:38:10,Recommend a good fast charging USB-C cable under 300 rupees,"The boAt A400 at ₹299 is recommended, supporting 24W-25W fast charging and having a slightly higher customer rating. For a tighter budget, the pTron Solero TB301 at ₹149 supports 15W fast charging.",Generation failed,BAAI/bge-base-en-v1.5,mistralai/Mistral-7B-Instruct-v0.2,3,0.3,0.85,30,512,0.0,0.0,0.0,0.0,0.0,0.0,0.0,0.0,0.0,0.0,0.0,0.046522870659828186,-0.021134329363703724,0.0071911411955952655,17,0.013707637786865234,0.05588984489440918,0.8525505065917969,0.9221479892730713,0.788780927658081
450,2025-12-05 08:38:11,Which cable has the highest rating and supports 60W charging?,"The Belkin USB-C to USB-C Fast Charging Cable (60W PD) is the best match, offering a strong 4.5-star rating along with full 60W fast-charging support.",Generation failed,BAAI/bge-base-en-v1.5,mistralai/Mistral-7B-Instruct-v0.2,3,0.3,0.85,30,512,0.0,0.0,0.0,0.0,0.0,0.0,0.0,0.0,0.0,0.0,0.0,0.0,0.018517713546752926,0.0018517713546752927,17,0.011600971221923828,0.0790107250213623,0.8163983821868896,0.9070100784301758,0.7201791405677795
451,2025-12-05 08:38:11,What is the best iPhone lightning cable in the list?,"For super-fast charging with a USB-C adapter, the Belkin Lightning to USB-C is best. For a reliable and durable standard cable with a good warranty, the Duracell USB-A to Lightning is a great choice. The Hi-Mobiler is the most budget-friendly option.",Generation failed,BAAI/bge-base-en-v1.5,mistralai/Mistral-7B-Instruct-v0.2,3,0.3,0.85,30,512,0.0,0.0,0.0,0.0,0.0,0.0,0.0,0.0,0.0,0.0,0.0,0.0,-0.008083760514855383,-0.0008083760514855384,17,0.011641979217529297,0.05682802200317383,0.7553799152374268,0.8238499164581299,0.7380982041358948
452,2025-12-05 08:38:12,Suggest me some good long lasting headphones,"The boAt Bassheads 100 in-ear wired earphones are recommended for longevity, featuring a premium coated wire for sturdiness and a 1-year warranty. They have a 4.1-star rating from over 360,000 reviews and cost between ₹349-₹379.",Generation failed,BAAI/bge-base-en-v1.5,mistralai/Mistral-7B-Instruct-v0.2,3,0.3,0.85,30,512,0.0,0.0,0.0,0.0,0.0,0.0,0.0,0.0,0.0,0.0,0.0,0.0,-0.01602873645722866,-0.0016028736457228661,17,0.01135706901550293,0.07694768905639648,0.7647526264190674,0.8530573844909668,0.6586872935295105
453,2025-12-05 08:38:13,Recommend a good fast charging USB-C cable under 300 rupees,"The boAt A400 at ₹299 is recommended, supporting 24W-25W fast charging and having a slightly higher customer rating. For a tighter budget, the pTron Solero TB301 at ₹149 supports 15W fast charging.",Generation failed,BAAI/bge-base-en-v1.5,mistralai/Mistral-7B-Instruct-v0.2,3,0.3,0.85,50,512,0.0,0.0,0.0,0.0,0.0,0.0,0.0,0.0,0.0,0.0,0.0,0.046522870659828186,-0.021134329363703724,0.0071911411955952655,17,0.011669158935546875,0.0852670669555664,0.7856452465057373,0.8825814723968506,0.788780927658081
454,2025-12-05 08:38:14,Which cable has the highest rating and supports 60W charging?,"The Belkin USB-C to USB-C Fast Charging Cable (60W PD) is the best match, offering a strong 4.5-star rating along with full 60W fast-charging support.",Generation failed,BAAI/bge-base-en-v1.5,mistralai/Mistral-7B-Instruct-v0.2,3,0.3,0.85,50,512,0.0,0.0,0.0,0.0,0.0,0.0,0.0,0.0,0.0,0.0,0.0,0.0,0.018517713546752926,0.0018517713546752927,17,0.011651277542114258,0.07280230522155762,0.766674280166626,0.8511278629302979,0.7201791405677795
455,2025-12-05 08:38:15,What is the best iPhone lightning cable in the list?,"For super-fast charging with a USB-C adapter, the Belkin Lightning to USB-C is best. For a reliable and durable standard cable with a good warranty, the Duracell USB-A to Lightning is a great choice. The Hi-Mobiler is the most budget-friendly option.",Generation failed,BAAI/bge-base-en-v1.5,mistralai/Mistral-7B-Instruct-v0.2,3,0.3,0.85,50,512,0.0,0.0,0.0,0.0,0.0,0.0,0.0,0.0,0.0,0.0,0.0,0.0,-0.008083760514855383,-0.0008083760514855384,17,0.011542558670043945,0.04912996292114258,0.7566573619842529,0.8173298835754395,0.7380982041358948
456,2025-12-05 08:38:16,Suggest me some good long lasting headphones,"The boAt Bassheads 100 in-ear wired earphones are recommended for longevity, featuring a premium coated wire for sturdiness and a 1-year warranty. They have a 4.1-star rating from over 360,000 reviews and cost between ₹349-₹379.",Generation failed,BAAI/bge-base-en-v1.5,mistralai/Mistral-7B-Instruct-v0.2,3,0.3,0.85,50,512,0.0,0.0,0.0,0.0,0.0,0.0,0.0,0.0,0.0,0.0,0.0,0.0,-0.01602873645722866,-0.0016028736457228661,17,0.010973215103149414,0.06822609901428223,0.7600855827331543,0.8392848968505859,0.6586872935295105
457,2025-12-05 08:38:16,Recommend a good fast charging USB-C cable under 300 rupees,"The boAt A400 at ₹299 is recommended, supporting 24W-25W fast charging and having a slightly higher customer rating. For a tighter budget, the pTron Solero TB301 at ₹149 supports 15W fast charging.",Generation failed,BAAI/bge-base-en-v1.5,mistralai/Mistral-7B-Instruct-v0.2,3,0.3,0.95,30,512,0.0,0.0,0.0,0.0,0.0,0.0,0.0,0.0,0.0,0.0,0.0,0.046522870659828186,-0.021134329363703724,0.0071911411955952655,17,0.011563301086425781,0.08523797988891602,0.7712521553039551,0.8680534362792969,0.788780927658081
458,2025-12-05 08:38:17,Which cable has the highest rating and supports 60W charging?,"The Belkin USB-C to USB-C Fast Charging Cable (60W PD) is the best match, offering a strong 4.5-star rating along with full 60W fast-charging support.",Generation failed,BAAI/bge-base-en-v1.5,mistralai/Mistral-7B-Instruct-v0.2,3,0.3,0.95,30,512,0.0,0.0,0.0,0.0,0.0,0.0,0.0,0.0,0.0,0.0,0.0,0.0,0.018517713546752926,0.0018517713546752927,17,0.011724233627319336,0.07575082778930664,0.7665400505065918,0.8540151119232178,0.7201791405677795
459,2025-12-05 08:38:18,What is the best iPhone lightning cable in the list?,"For super-fast charging with a USB-C adapter, the Belkin Lightning to USB-C is best. For a reliable and durable standard cable with a good warranty, the Duracell USB-A to Lightning is a great choice. The Hi-Mobiler is the most budget-friendly option.",Generation failed,BAAI/bge-base-en-v1.5,mistralai/Mistral-7B-Instruct-v0.2,3,0.3,0.95,30,512,0.0,0.0,0.0,0.0,0.0,0.0,0.0,0.0,0.0,0.0,0.0,0.0,-0.008083760514855383,-0.0008083760514855384,17,0.011583089828491211,0.0544130802154541,0.7672257423400879,0.8332219123840332,0.7380982041358948
460,2025-12-05 08:38:19,Suggest me some good long lasting headphones,"The boAt Bassheads 100 in-ear wired earphones are recommended for longevity, featuring a premium coated wire for sturdiness and a 1-year warranty. They have a 4.1-star rating from over 360,000 reviews and cost between ₹349-₹379.",Generation failed,BAAI/bge-base-en-v1.5,mistralai/Mistral-7B-Instruct-v0.2,3,0.3,0.95,30,512,0.0,0.0,0.0,0.0,0.0,0.0,0.0,0.0,0.0,0.0,0.0,0.0,-0.01602873645722866,-0.0016028736457228661,17,0.011033296585083008,0.07359886169433594,0.7619903087615967,0.8466224670410156,0.6586872935295105
461,2025-12-05 08:38:20,Recommend a good fast charging USB-C cable under 300 rupees,"The boAt A400 at ₹299 is recommended, supporting 24W-25W fast charging and having a slightly higher customer rating. For a tighter budget, the pTron Solero TB301 at ₹149 supports 15W fast charging.",Generation failed,BAAI/bge-base-en-v1.5,mistralai/Mistral-7B-Instruct-v0.2,3,0.3,0.95,50,512,0.0,0.0,0.0,0.0,0.0,0.0,0.0,0.0,0.0,0.0,0.0,0.046522870659828186,-0.021134329363703724,0.0071911411955952655,17,0.011689186096191406,0.07620596885681152,0.760643720626831,0.848538875579834,0.788780927658081
462,2025-12-05 08:38:21,Which cable has the highest rating and supports 60W charging?,"The Belkin USB-C to USB-C Fast Charging Cable (60W PD) is the best match, offering a strong 4.5-star rating along with full 60W fast-charging support.",Generation failed,BAAI/bge-base-en-v1.5,mistralai/Mistral-7B-Instruct-v0.2,3,0.3,0.95,50,512,0.0,0.0,0.0,0.0,0.0,0.0,0.0,0.0,0.0,0.0,0.0,0.0,0.018517713546752926,0.0018517713546752927,17,0.011411666870117188,0.0785975456237793,0.7846634387969971,0.8746726512908936,0.7201791405677795
463,2025-12-05 08:38:22,What is the best iPhone lightning cable in the list?,"For super-fast charging with a USB-C adapter, the Belkin Lightning to USB-C is best. For a reliable and durable standard cable with a good warranty, the Duracell USB-A to Lightning is a great choice. The Hi-Mobiler is the most budget-friendly option.",Generation failed,BAAI/bge-base-en-v1.5,mistralai/Mistral-7B-Instruct-v0.2,3,0.3,0.95,50,512,0.0,0.0,0.0,0.0,0.0,0.0,0.0,0.0,0.0,0.0,0.0,0.0,-0.008083760514855383,-0.0008083760514855384,17,0.012081384658813477,0.05589723587036133,0.755136251449585,0.8231148719787598,0.7380982041358948
464,2025-12-05 08:38:22,Suggest me some good long lasting headphones,"The boAt Bassheads 100 in-ear wired earphones are recommended for longevity, featuring a premium coated wire for sturdiness and a 1-year warranty. They have a 4.1-star rating from over 360,000 reviews and cost between ₹349-₹379.",Generation failed,BAAI/bge-base-en-v1.5,mistralai/Mistral-7B-Instruct-v0.2,3,0.3,0.95,50,512,0.0,0.0,0.0,0.0,0.0,0.0,0.0,0.0,0.0,0.0,0.0,0.0,-0.01602873645722866,-0.0016028736457228661,17,0.010793209075927734,0.07592248916625977,0.7769737243652344,0.8636894226074219,0.6586872935295105
465,2025-12-05 08:38:23,Recommend a good fast charging USB-C cable under 300 rupees,"The boAt A400 at ₹299 is recommended, supporting 24W-25W fast charging and having a slightly higher customer rating. For a tighter budget, the pTron Solero TB301 at ₹149 supports 15W fast charging.",Generation failed,BAAI/bge-base-en-v1.5,mistralai/Mistral-7B-Instruct-v0.2,3,0.7,0.85,30,512,0.0,0.0,0.0,0.0,0.0,0.0,0.0,0.0,0.0,0.0,0.0,0.046522870659828186,-0.021134329363703724,0.0071911411955952655,17,0.013098001480102539,0.07167696952819824,0.8077278137207031,0.8925027847290039,0.788780927658081
466,2025-12-05 08:38:24,Which cable has the highest rating and supports 60W charging?,"The Belkin USB-C to USB-C Fast Charging Cable (60W PD) is the best match, offering a strong 4.5-star rating along with full 60W fast-charging support.",Generation failed,BAAI/bge-base-en-v1.5,mistralai/Mistral-7B-Instruct-v0.2,3,0.7,0.85,30,512,0.0,0.0,0.0,0.0,0.0,0.0,0.0,0.0,0.0,0.0,0.0,0.0,0.018517713546752926,0.0018517713546752927,17,0.011828422546386719,0.0674128532409668,0.7654869556427002,0.8447282314300537,0.7201791405677795
467,2025-12-05 08:38:25,What is the best iPhone lightning cable in the list?,"For super-fast charging with a USB-C adapter, the Belkin Lightning to USB-C is best. For a reliable and durable standard cable with a good warranty, the Duracell USB-A to Lightning is a great choice. The Hi-Mobiler is the most budget-friendly option.",Generation failed,BAAI/bge-base-en-v1.5,mistralai/Mistral-7B-Instruct-v0.2,3,0.7,0.85,30,512,0.0,0.0,0.0,0.0,0.0,0.0,0.0,0.0,0.0,0.0,0.0,0.0,-0.008083760514855383,-0.0008083760514855384,17,0.011893272399902344,0.0590665340423584,0.7674493789672852,0.8384091854095459,0.7380982041358948
468,2025-12-05 08:38:26,Suggest me some good long lasting headphones,"The boAt Bassheads 100 in-ear wired earphones are recommended for longevity, featuring a premium coated wire for sturdiness and a 1-year warranty. They have a 4.1-star rating from over 360,000 reviews and cost between ₹349-₹379.",Generation failed,BAAI/bge-base-en-v1.5,mistralai/Mistral-7B-Instruct-v0.2,3,0.7,0.85,30,512,0.0,0.0,0.0,0.0,0.0,0.0,0.0,0.0,0.0,0.0,0.0,0.0,-0.01602873645722866,-0.0016028736457228661,17,0.010900497436523438,0.07655620574951172,0.7729744911193848,0.8604311943054199,0.6586872935295105
469,2025-12-05 08:38:27,Recommend a good fast charging USB-C cable under 300 rupees,"The boAt A400 at ₹299 is recommended, supporting 24W-25W fast charging and having a slightly higher customer rating. For a tighter budget, the pTron Solero TB301 at ₹149 supports 15W fast charging.",Generation failed,BAAI/bge-base-en-v1.5,mistralai/Mistral-7B-Instruct-v0.2,3,0.7,0.85,50,512,0.0,0.0,0.0,0.0,0.0,0.0,0.0,0.0,0.0,0.0,0.0,0.046522870659828186,-0.021134329363703724,0.0071911411955952655,17,0.011598587036132812,0.07817721366882324,0.7652416229248047,0.8550174236297607,0.788780927658081
470,2025-12-05 08:38:28,Which cable has the highest rating and supports 60W charging?,"The Belkin USB-C to USB-C Fast Charging Cable (60W PD) is the best match, offering a strong 4.5-star rating along with full 60W fast-charging support.",Generation failed,BAAI/bge-base-en-v1.5,mistralai/Mistral-7B-Instruct-v0.2,3,0.7,0.85,50,512,0.0,0.0,0.0,0.0,0.0,0.0,0.0,0.0,0.0,0.0,0.0,0.0,0.018517713546752926,0.0018517713546752927,17,0.011701107025146484,0.07080483436584473,0.7624082565307617,0.8449141979217529,0.7201791405677795
471,2025-12-05 08:38:28,What is the best iPhone lightning cable in the list?,"For super-fast charging with a USB-C adapter, the Belkin Lightning to USB-C is best. For a reliable and durable standard cable with a good warranty, the Duracell USB-A to Lightning is a great choice. The Hi-Mobiler is the most budget-friendly option.",Generation failed,BAAI/bge-base-en-v1.5,mistralai/Mistral-7B-Instruct-v0.2,3,0.7,0.85,50,512,0.0,0.0,0.0,0.0,0.0,0.0,0.0,0.0,0.0,0.0,0.0,0.0,-0.008083760514855383,-0.0008083760514855384,17,0.011560678482055664,0.05266928672790527,0.754737138748169,0.8189671039581299,0.7380982041358948
472,2025-12-05 08:38:29,Suggest me some good long lasting headphones,"The boAt Bassheads 100 in-ear wired earphones are recommended for longevity, featuring a premium coated wire for sturdiness and a 1-year warranty. They have a 4.1-star rating from over 360,000 reviews and cost between ₹349-₹379.",Generation failed,BAAI/bge-base-en-v1.5,mistralai/Mistral-7B-Instruct-v0.2,3,0.7,0.85,50,512,0.0,0.0,0.0,0.0,0.0,0.0,0.0,0.0,0.0,0.0,0.0,0.0,-0.01602873645722866,-0.0016028736457228661,17,0.010981559753417969,0.07217717170715332,0.7571332454681396,0.8402919769287109,0.6586872935295105
473,2025-12-05 08:38:30,Recommend a good fast charging USB-C cable under 300 rupees,"The boAt A400 at ₹299 is recommended, supporting 24W-25W fast charging and having a slightly higher customer rating. For a tighter budget, the pTron Solero TB301 at ₹149 supports 15W fast charging.",Generation failed,BAAI/bge-base-en-v1.5,mistralai/Mistral-7B-Instruct-v0.2,3,0.7,0.95,30,512,0.0,0.0,0.0,0.0,0.0,0.0,0.0,0.0,0.0,0.0,0.0,0.046522870659828186,-0.021134329363703724,0.0071911411955952655,17,0.011623144149780273,0.06899285316467285,0.8481206893920898,0.928736686706543,0.788780927658081
474,2025-12-05 08:38:31,Which cable has the highest rating and supports 60W charging?,"The Belkin USB-C to USB-C Fast Charging Cable (60W PD) is the best match, offering a strong 4.5-star rating along with full 60W fast-charging support.",Generation failed,BAAI/bge-base-en-v1.5,mistralai/Mistral-7B-Instruct-v0.2,3,0.7,0.95,30,512,0.0,0.0,0.0,0.0,0.0,0.0,0.0,0.0,0.0,0.0,0.0,0.0,0.018517713546752926,0.0018517713546752927,17,0.01144719123840332,0.0644838809967041,1.0169873237609863,1.0929183959960938,0.7201791405677795
475,2025-12-05 08:38:32,What is the best iPhone lightning cable in the list?,"For super-fast charging with a USB-C adapter, the Belkin Lightning to USB-C is best. For a reliable and durable standard cable with a good warranty, the Duracell USB-A to Lightning is a great choice. The Hi-Mobiler is the most budget-friendly option.",Generation failed,BAAI/bge-base-en-v1.5,mistralai/Mistral-7B-Instruct-v0.2,3,0.7,0.95,30,512,0.0,0.0,0.0,0.0,0.0,0.0,0.0,0.0,0.0,0.0,0.0,0.0,-0.008083760514855383,-0.0008083760514855384,17,0.011369466781616211,0.04799985885620117,0.7526698112487793,0.8120391368865967,0.7380982041358948
476,2025-12-05 08:38:33,Suggest me some good long lasting headphones,"The boAt Bassheads 100 in-ear wired earphones are recommended for longevity, featuring a premium coated wire for sturdiness and a 1-year warranty. They have a 4.1-star rating from over 360,000 reviews and cost between ₹349-₹379.",Generation failed,BAAI/bge-base-en-v1.5,mistralai/Mistral-7B-Instruct-v0.2,3,0.7,0.95,30,512,0.0,0.0,0.0,0.0,0.0,0.0,0.0,0.0,0.0,0.0,0.0,0.0,-0.01602873645722866,-0.0016028736457228661,17,0.010894536972045898,0.08245563507080078,0.7860593795776367,0.8794095516204834,0.6586872935295105
477,2025-12-05 08:38:34,Recommend a good fast charging USB-C cable under 300 rupees,"The boAt A400 at ₹299 is recommended, supporting 24W-25W fast charging and having a slightly higher customer rating. For a tighter budget, the pTron Solero TB301 at ₹149 supports 15W fast charging.",Generation failed,BAAI/bge-base-en-v1.5,mistralai/Mistral-7B-Instruct-v0.2,3,0.7,0.95,50,512,0.0,0.0,0.0,0.0,0.0,0.0,0.0,0.0,0.0,0.0,0.0,0.046522870659828186,-0.021134329363703724,0.0071911411955952655,17,0.011333703994750977,0.08442139625549316,0.7533297538757324,0.8490848541259766,0.788780927658081
478,2025-12-05 08:38:35,Which cable has the highest rating and supports 60W charging?,"The Belkin USB-C to USB-C Fast Charging Cable (60W PD) is the best match, offering a strong 4.5-star rating along with full 60W fast-charging support.",Generation failed,BAAI/bge-base-en-v1.5,mistralai/Mistral-7B-Instruct-v0.2,3,0.7,0.95,50,512,0.0,0.0,0.0,0.0,0.0,0.0,0.0,0.0,0.0,0.0,0.0,0.0,0.018517713546752926,0.0018517713546752927,17,0.011347055435180664,0.0699009895324707,0.7623605728149414,0.8436086177825928,0.7201791405677795
479,2025-12-05 08:38:35,What is the best iPhone lightning cable in the list?,"For super-fast charging with a USB-C adapter, the Belkin Lightning to USB-C is best. For a reliable and durable standard cable with a good warranty, the Duracell USB-A to Lightning is a great choice. The Hi-Mobiler is the most budget-friendly option.",Generation failed,BAAI/bge-base-en-v1.5,mistralai/Mistral-7B-Instruct-v0.2,3,0.7,0.95,50,512,0.0,0.0,0.0,0.0,0.0,0.0,0.0,0.0,0.0,0.0,0.0,0.0,-0.008083760514855383,-0.0008083760514855384,17,0.011760950088500977,0.04752779006958008,0.7734084129333496,0.8326971530914307,0.7380982041358948
480,2025-12-05 08:38:36,Suggest me some good long lasting headphones,"The boAt Bassheads 100 in-ear wired earphones are recommended for longevity, featuring a premium coated wire for sturdiness and a 1-year warranty. They have a 4.1-star rating from over 360,000 reviews and cost between ₹349-₹379.",Generation failed,BAAI/bge-base-en-v1.5,mistralai/Mistral-7B-Instruct-v0.2,3,0.7,0.95,50,512,0.0,0.0,0.0,0.0,0.0,0.0,0.0,0.0,0.0,0.0,0.0,0.0,-0.01602873645722866,-0.0016028736457228661,17,0.012850284576416016,0.0656275749206543,0.7837352752685547,0.862213134765625,0.6586872935295105
481,2025-12-05 08:38:37,Recommend a good fast charging USB-C cable under 300 rupees,"The boAt A400 at ₹299 is recommended, supporting 24W-25W fast charging and having a slightly higher customer rating. For a tighter budget, the pTron Solero TB301 at ₹149 supports 15W fast charging.",Generation failed,BAAI/bge-base-en-v1.5,mistralai/Mistral-7B-Instruct-v0.2,5,0.3,0.85,30,512,0.0,0.0,0.0,0.0,0.0,0.0,0.0,0.0,0.0,0.0,0.0,0.046522870659828186,-0.021134329363703724,0.0071911411955952655,17,0.01154637336730957,0.11346435546875,0.7676796913146973,0.8926904201507568,0.7860292792320251
482,2025-12-05 08:38:38,Which cable has the highest rating and supports 60W charging?,"The Belkin USB-C to USB-C Fast Charging Cable (60W PD) is the best match, offering a strong 4.5-star rating along with full 60W fast-charging support.",Generation failed,BAAI/bge-base-en-v1.5,mistralai/Mistral-7B-Instruct-v0.2,5,0.3,0.85,30,512,0.0,0.0,0.0,0.0,0.0,0.0,0.0,0.0,0.0,0.0,0.0,0.0,0.018517713546752926,0.0018517713546752927,17,0.011723995208740234,0.07829618453979492,0.7706115245819092,0.8606317043304443,0.717805802822113
483,2025-12-05 08:38:39,What is the best iPhone lightning cable in the list?,"For super-fast charging with a USB-C adapter, the Belkin Lightning to USB-C is best. For a reliable and durable standard cable with a good warranty, the Duracell USB-A to Lightning is a great choice. The Hi-Mobiler is the most budget-friendly option.",Generation failed,BAAI/bge-base-en-v1.5,mistralai/Mistral-7B-Instruct-v0.2,5,0.3,0.85,30,512,0.0,0.0,0.0,0.0,0.0,0.0,0.0,0.0,0.0,0.0,0.0,0.0,-0.008083760514855383,-0.0008083760514855384,17,0.011296272277832031,0.06795835494995117,0.7611312866210938,0.840385913848877,0.7377182245254517
484,2025-12-05 08:38:40,Suggest me some good long lasting headphones,"The boAt Bassheads 100 in-ear wired earphones are recommended for longevity, featuring a premium coated wire for sturdiness and a 1-year warranty. They have a 4.1-star rating from over 360,000 reviews and cost between ₹349-₹379.",Generation failed,BAAI/bge-base-en-v1.5,mistralai/Mistral-7B-Instruct-v0.2,5,0.3,0.85,30,512,0.0,0.0,0.0,0.0,0.0,0.0,0.0,0.0,0.0,0.0,0.0,0.0,-0.01602873645722866,-0.0016028736457228661,17,0.011008739471435547,0.08751583099365234,0.7583959102630615,0.8569204807281494,0.6577231287956238
485,2025-12-05 08:38:41,Recommend a good fast charging USB-C cable under 300 rupees,"The boAt A400 at ₹299 is recommended, supporting 24W-25W fast charging and having a slightly higher customer rating. For a tighter budget, the pTron Solero TB301 at ₹149 supports 15W fast charging.",Generation failed,BAAI/bge-base-en-v1.5,mistralai/Mistral-7B-Instruct-v0.2,5,0.3,0.85,50,512,0.0,0.0,0.0,0.0,0.0,0.0,0.0,0.0,0.0,0.0,0.0,0.046522870659828186,-0.021134329363703724,0.0071911411955952655,17,0.011409759521484375,0.07688474655151367,0.8289425373077393,0.9172370433807373,0.7860292792320251
486,2025-12-05 08:38:42,Which cable has the highest rating and supports 60W charging?,"The Belkin USB-C to USB-C Fast Charging Cable (60W PD) is the best match, offering a strong 4.5-star rating along with full 60W fast-charging support.",Generation failed,BAAI/bge-base-en-v1.5,mistralai/Mistral-7B-Instruct-v0.2,5,0.3,0.85,50,512,0.0,0.0,0.0,0.0,0.0,0.0,0.0,0.0,0.0,0.0,0.0,0.0,0.018517713546752926,0.0018517713546752927,17,0.01190638542175293,0.07299041748046875,0.7632691860198975,0.8481659889221191,0.717805802822113
487,2025-12-05 08:38:42,What is the best iPhone lightning cable in the list?,"For super-fast charging with a USB-C adapter, the Belkin Lightning to USB-C is best. For a reliable and durable standard cable with a good warranty, the Duracell USB-A to Lightning is a great choice. The Hi-Mobiler is the most budget-friendly option.",Generation failed,BAAI/bge-base-en-v1.5,mistralai/Mistral-7B-Instruct-v0.2,5,0.3,0.85,50,512,0.0,0.0,0.0,0.0,0.0,0.0,0.0,0.0,0.0,0.0,0.0,0.0,-0.008083760514855383,-0.0008083760514855384,17,0.011410713195800781,0.06193375587463379,0.8096873760223389,0.8830318450927734,0.7377182245254517
488,2025-12-05 08:38:43,Suggest me some good long lasting headphones,"The boAt Bassheads 100 in-ear wired earphones are recommended for longevity, featuring a premium coated wire for sturdiness and a 1-year warranty. They have a 4.1-star rating from over 360,000 reviews and cost between ₹349-₹379.",Generation failed,BAAI/bge-base-en-v1.5,mistralai/Mistral-7B-Instruct-v0.2,5,0.3,0.85,50,512,0.0,0.0,0.0,0.0,0.0,0.0,0.0,0.0,0.0,0.0,0.0,0.0,-0.01602873645722866,-0.0016028736457228661,17,0.011187076568603516,0.10468339920043945,0.7724463939666748,0.8883168697357178,0.6577231287956238
489,2025-12-05 08:38:44,Recommend a good fast charging USB-C cable under 300 rupees,"The boAt A400 at ₹299 is recommended, supporting 24W-25W fast charging and having a slightly higher customer rating. For a tighter budget, the pTron Solero TB301 at ₹149 supports 15W fast charging.",Generation failed,BAAI/bge-base-en-v1.5,mistralai/Mistral-7B-Instruct-v0.2,5,0.3,0.95,30,512,0.0,0.0,0.0,0.0,0.0,0.0,0.0,0.0,0.0,0.0,0.0,0.046522870659828186,-0.021134329363703724,0.0071911411955952655,17,0.011509895324707031,0.09000873565673828,0.7873969078063965,0.8889155387878418,0.7860292792320251
490,2025-12-05 08:38:45,Which cable has the highest rating and supports 60W charging?,"The Belkin USB-C to USB-C Fast Charging Cable (60W PD) is the best match, offering a strong 4.5-star rating along with full 60W fast-charging support.",Generation failed,BAAI/bge-base-en-v1.5,mistralai/Mistral-7B-Instruct-v0.2,5,0.3,0.95,30,512,0.0,0.0,0.0,0.0,0.0,0.0,0.0,0.0,0.0,0.0,0.0,0.0,0.018517713546752926,0.0018517713546752927,17,0.011565685272216797,0.07979345321655273,0.7586276531219482,0.8499867916107178,0.717805802822113
491,2025-12-05 08:38:47,What is the best iPhone lightning cable in the list?,"For super-fast charging with a USB-C adapter, the Belkin Lightning to USB-C is best. For a reliable and durable standard cable with a good warranty, the Duracell USB-A to Lightning is a great choice. The Hi-Mobiler is the most budget-friendly option.",Generation failed,BAAI/bge-base-en-v1.5,mistralai/Mistral-7B-Instruct-v0.2,5,0.3,0.95,30,512,0.0,0.0,0.0,0.0,0.0,0.0,0.0,0.0,0.805410623550415,0.8400316834449768,0.7735302448272705,0.0,-0.008083760514855383,0.20054427983611822,17,0.011712312698364258,0.06244540214538574,1.5129570960998535,1.5871148109436035,0.7377182245254517
492,2025-12-05 08:38:49,Suggest me some good long lasting headphones,"The boAt Bassheads 100 in-ear wired earphones are recommended for longevity, featuring a premium coated wire for sturdiness and a 1-year warranty. They have a 4.1-star rating from over 360,000 reviews and cost between ₹349-₹379.",Generation failed,BAAI/bge-base-en-v1.5,mistralai/Mistral-7B-Instruct-v0.2,5,0.3,0.95,30,512,0.0,0.0,0.0,0.0,0.0,0.0,0.0,0.0,0.7993465065956116,0.8499195575714111,0.7544540166854858,0.0,-0.01602873645722866,0.19823375300318002,17,0.011474847793579102,1.5809326171875,0.9204354286193848,2.512842893600464,0.6577231287956238
493,2025-12-05 08:38:51,Recommend a good fast charging USB-C cable under 300 rupees,"The boAt A400 at ₹299 is recommended, supporting 24W-25W fast charging and having a slightly higher customer rating. For a tighter budget, the pTron Solero TB301 at ₹149 supports 15W fast charging.",Generation failed,BAAI/bge-base-en-v1.5,mistralai/Mistral-7B-Instruct-v0.2,5,0.3,0.95,50,512,0.0,0.0,0.0,0.0,0.0,0.0,0.0,0.0,0.793287992477417,0.837946891784668,0.7531484365463257,0.046522870659828186,-0.021134329363703724,0.20551313931494952,17,0.012320995330810547,0.024156808853149414,1.68865966796875,1.72513747215271,0.7860292792320251
494,2025-12-05 08:38:59,Which cable has the highest rating and supports 60W charging?,"The Belkin USB-C to USB-C Fast Charging Cable (60W PD) is the best match, offering a strong 4.5-star rating along with full 60W fast-charging support.",Generation failed,BAAI/bge-base-en-v1.5,mistralai/Mistral-7B-Instruct-v0.2,5,0.3,0.95,50,512,0.0,0.0,0.0,0.0,0.0,0.0,0.0,0.0,0.8117733597755432,0.8490040898323059,0.7776707410812378,0.0,0.018517713546752926,0.2047951112985611,17,0.012171268463134766,0.038202762603759766,8.445512533187866,8.49588656425476,0.717805802822113
495,2025-12-05 08:39:35,What is the best iPhone lightning cable in the list?,"For super-fast charging with a USB-C adapter, the Belkin Lightning to USB-C is best. For a reliable and durable standard cable with a good warranty, the Duracell USB-A to Lightning is a great choice. The Hi-Mobiler is the most budget-friendly option.","Based on the user reviews, both the Belkin Apple Certified Lightning to USB Cable and the Duracell USB Lightning Apple Certified Braided Sync & Charge Cable have received positive feedback from users. The Belkin cable is praised for its durability and fast charging capabilities when used with a comp",BAAI/bge-base-en-v1.5,mistralai/Mistral-7B-Instruct-v0.2,5,0.3,0.95,50,512,0.3676470588235294,0.2808988764044944,0.5319148936170213,0.22058823529411764,0.16853932584269662,0.3191489361702128,0.02134617001951408,0.2930417708921704,0.8721776604652405,0.8616805076599121,0.8829337358474731,0.7582468390464783,0.812766408920288,0.5558848358651762,560,0.013524293899536133,34.294814586639404,0.9554965496063232,35.263835430145264,0.7377182245254517
496,2025-12-05 08:39:36,Suggest me some good long lasting headphones,"The boAt Bassheads 100 in-ear wired earphones are recommended for longevity, featuring a premium coated wire for sturdiness and a 1-year warranty. They have a 4.1-star rating from over 360,000 reviews and cost between ₹349-₹379.",Generation failed,BAAI/bge-base-en-v1.5,mistralai/Mistral-7B-Instruct-v0.2,5,0.3,0.95,50,512,0.0,0.0,0.0,0.0,0.0,0.0,0.0,0.0,0.7993465065956116,0.8499195575714111,0.7544540166854858,0.0,-0.01602873645722866,0.19823375300318002,17,0.011281251907348633,0.015528202056884766,1.8084235191345215,1.8352329730987549,0.6577231287956238
497,2025-12-05 08:39:38,Recommend a good fast charging USB-C cable under 300 rupees,"The boAt A400 at ₹299 is recommended, supporting 24W-25W fast charging and having a slightly higher customer rating. For a tighter budget, the pTron Solero TB301 at ₹149 supports 15W fast charging.",Generation failed,BAAI/bge-base-en-v1.5,mistralai/Mistral-7B-Instruct-v0.2,5,0.7,0.85,30,512,0.0,0.0,0.0,0.0,0.0,0.0,0.0,0.0,0.793287992477417,0.837946891784668,0.7531484365463257,0.046522870659828186,-0.021134329363703724,0.20551313931494952,17,0.012099027633666992,0.014497995376586914,1.7092878818511963,1.7358849048614502,0.7860292792320251
498,2025-12-05 08:39:47,Which cable has the highest rating and supports 60W charging?,"The Belkin USB-C to USB-C Fast Charging Cable (60W PD) is the best match, offering a strong 4.5-star rating along with full 60W fast-charging support.",Generation failed,BAAI/bge-base-en-v1.5,mistralai/Mistral-7B-Instruct-v0.2,5,0.7,0.85,30,512,0.0,0.0,0.0,0.0,0.0,0.0,0.0,0.0,0.8117733597755432,0.8490040898323059,0.7776707410812378,0.0,0.018517713546752926,0.2047951112985611,17,0.011907339096069336,0.037471771240234375,8.645516395568848,8.694895505905151,0.717805802822113
499,2025-12-05 08:40:52,What is the best iPhone lightning cable in the list?,"For super-fast charging with a USB-C adapter, the Belkin Lightning to USB-C is best. For a reliable and durable standard cable with a good warranty, the Duracell USB-A to Lightning is a great choice. The Hi-Mobiler is the most budget-friendly option.","Based on the product information provided, all the cables in the list are Apple certified and have good ratings from customers. However, if we consider the discounted prices and features, the Belkin Apple Certified Lightning to USB Charge and Sync Cable for iPhone, iPad, Air Pods, 39.6 inch (100cm) ",BAAI/bge-base-en-v1.5,mistralai/Mistral-7B-Instruct-v0.2,5,0.7,0.85,30,512,0.275,0.17098445595854922,0.7021276595744681,0.15,0.09326424870466321,0.3829787234042553,0.018924107267472737,0.26604068857589985,0.8516703844070435,0.8207682371139526,0.8849905729293823,0.7435644865036011,0.8779567360877991,0.5337246810243933,1117,0.01194906234741211,63.58376908302307,1.0103445053100586,64.60606265068054,0.7377182245254517
500,2025-12-05 08:40:53,Suggest me some good long lasting headphones,"The boAt Bassheads 100 in-ear wired earphones are recommended for longevity, featuring a premium coated wire for sturdiness and a 1-year warranty. They have a 4.1-star rating from over 360,000 reviews and cost between ₹349-₹379.",Generation failed,BAAI/bge-base-en-v1.5,mistralai/Mistral-7B-Instruct-v0.2,5,0.7,0.85,30,512,0.0,0.0,0.0,0.0,0.0,0.0,0.0,0.0,0.7993465065956116,0.8499195575714111,0.7544540166854858,0.0,-0.01602873645722866,0.19823375300318002,17,0.011809825897216797,0.015395402908325195,1.8332417011260986,1.8604469299316406,0.6577231287956238
501,2025-12-05 08:40:55,Recommend a good fast charging USB-C cable under 300 rupees,"The boAt A400 at ₹299 is recommended, supporting 24W-25W fast charging and having a slightly higher customer rating. For a tighter budget, the pTron Solero TB301 at ₹149 supports 15W fast charging.",Generation failed,BAAI/bge-base-en-v1.5,mistralai/Mistral-7B-Instruct-v0.2,5,0.7,0.85,50,512,0.0,0.0,0.0,0.0,0.0,0.0,0.0,0.0,0.793287992477417,0.837946891784668,0.7531484365463257,0.046522870659828186,-0.021134329363703724,0.20551313931494952,17,0.011809349060058594,0.01544189453125,1.7347464561462402,1.7619976997375488,0.7860292792320251
502,2025-12-05 08:41:04,Which cable has the highest rating and supports 60W charging?,"The Belkin USB-C to USB-C Fast Charging Cable (60W PD) is the best match, offering a strong 4.5-star rating along with full 60W fast-charging support.",Generation failed,BAAI/bge-base-en-v1.5,mistralai/Mistral-7B-Instruct-v0.2,5,0.7,0.85,50,512,0.0,0.0,0.0,0.0,0.0,0.0,0.0,0.0,0.8117733597755432,0.8490040898323059,0.7776707410812378,0.0,0.018517713546752926,0.2047951112985611,17,0.012207269668579102,0.03724360466003418,9.025866031646729,9.075316905975342,0.717805802822113
503,2025-12-05 08:41:40,What is the best iPhone lightning cable in the list?,"For super-fast charging with a USB-C adapter, the Belkin Lightning to USB-C is best. For a reliable and durable standard cable with a good warranty, the Duracell USB-A to Lightning is a great choice. The Hi-Mobiler is the most budget-friendly option.","Based on the user reviews and ratings, both the Belkin Apple Certified Lightning to USB Cable and the Duracell USB Lightning Apple Certified Braided Sync & Charge Cable have received positive feedback from customers. The Belkin cable is appreciated for its fast charging capabilities and durability, ",BAAI/bge-base-en-v1.5,mistralai/Mistral-7B-Instruct-v0.2,5,0.7,0.85,50,512,0.3157894736842105,0.2441860465116279,0.44680851063829785,0.2105263157894737,0.16279069767441862,0.2978723404255319,0.020329069368215893,0.2263779527559055,0.8691369295120239,0.8601685762405396,0.8782942295074463,0.7808136940002441,0.82889866232872,0.5449580162085026,550,0.011770963668823242,34.894216537475586,0.93129563331604,35.83728313446045,0.7377182245254517
504,2025-12-05 08:41:42,Suggest me some good long lasting headphones,"The boAt Bassheads 100 in-ear wired earphones are recommended for longevity, featuring a premium coated wire for sturdiness and a 1-year warranty. They have a 4.1-star rating from over 360,000 reviews and cost between ₹349-₹379.",Generation failed,BAAI/bge-base-en-v1.5,mistralai/Mistral-7B-Instruct-v0.2,5,0.7,0.85,50,512,0.0,0.0,0.0,0.0,0.0,0.0,0.0,0.0,0.7993465065956116,0.8499195575714111,0.7544540166854858,0.0,-0.01602873645722866,0.19823375300318002,17,0.012345552444458008,0.015320539474487305,1.881493091583252,1.9091591835021973,0.6577231287956238
505,2025-12-05 08:41:44,Recommend a good fast charging USB-C cable under 300 rupees,"The boAt A400 at ₹299 is recommended, supporting 24W-25W fast charging and having a slightly higher customer rating. For a tighter budget, the pTron Solero TB301 at ₹149 supports 15W fast charging.",Generation failed,BAAI/bge-base-en-v1.5,mistralai/Mistral-7B-Instruct-v0.2,5,0.7,0.95,30,512,0.0,0.0,0.0,0.0,0.0,0.0,0.0,0.0,0.793287992477417,0.837946891784668,0.7531484365463257,0.046522870659828186,-0.021134329363703724,0.20551313931494952,17,0.013897180557250977,0.014383077621459961,1.7552733421325684,1.7835536003112793,0.7860292792320251
506,2025-12-05 08:41:53,Which cable has the highest rating and supports 60W charging?,"The Belkin USB-C to USB-C Fast Charging Cable (60W PD) is the best match, offering a strong 4.5-star rating along with full 60W fast-charging support.",Generation failed,BAAI/bge-base-en-v1.5,mistralai/Mistral-7B-Instruct-v0.2,5,0.7,0.95,30,512,0.0,0.0,0.0,0.0,0.0,0.0,0.0,0.0,0.8117733597755432,0.8490040898323059,0.7776707410812378,0.0,0.018517713546752926,0.2047951112985611,17,0.01198720932006836,0.03703474998474121,9.39779019355774,9.446812152862549,0.717805802822113
507,2025-12-05 08:42:40,What is the best iPhone lightning cable in the list?,"For super-fast charging with a USB-C adapter, the Belkin Lightning to USB-C is best. For a reliable and durable standard cable with a good warranty, the Duracell USB-A to Lightning is a great choice. The Hi-Mobiler is the most budget-friendly option.","Based on the product information and user reviews, the Belkin Apple Certified Lightning to USB-C Cable and the Duracell USB Lightning Apple Certified (Mfi) Braided Sync & Charge Cable are both high-quality options for an iPhone lightning cable. The Belkin cable offers fast charging capabilities and ",BAAI/bge-base-en-v1.5,mistralai/Mistral-7B-Instruct-v0.2,5,0.7,0.95,30,512,0.3448275862068965,0.23622047244094488,0.6382978723404256,0.1954022988505747,0.13385826771653545,0.3617021276595745,0.03206894031948455,0.39425157376825964,0.8743738532066345,0.8589552640914917,0.890356183052063,0.8162484169006348,0.8596784472465515,0.5841786100093753,767,0.011937141418457031,45.281166076660156,1.001375436782837,46.29447865486145,0.7377182245254517
508,2025-12-05 08:42:41,Suggest me some good long lasting headphones,"The boAt Bassheads 100 in-ear wired earphones are recommended for longevity, featuring a premium coated wire for sturdiness and a 1-year warranty. They have a 4.1-star rating from over 360,000 reviews and cost between ₹349-₹379.",Generation failed,BAAI/bge-base-en-v1.5,mistralai/Mistral-7B-Instruct-v0.2,5,0.7,0.95,30,512,0.0,0.0,0.0,0.0,0.0,0.0,0.0,0.0,0.7993465065956116,0.8499195575714111,0.7544540166854858,0.0,-0.01602873645722866,0.19823375300318002,17,0.011483192443847656,0.015535831451416016,1.8414957523345947,1.8685147762298584,0.6577231287956238
509,2025-12-05 08:42:43,Recommend a good fast charging USB-C cable under 300 rupees,"The boAt A400 at ₹299 is recommended, supporting 24W-25W fast charging and having a slightly higher customer rating. For a tighter budget, the pTron Solero TB301 at ₹149 supports 15W fast charging.",Generation failed,BAAI/bge-base-en-v1.5,mistralai/Mistral-7B-Instruct-v0.2,5,0.7,0.95,50,512,0.0,0.0,0.0,0.0,0.0,0.0,0.0,0.0,0.793287992477417,0.837946891784668,0.7531484365463257,0.046522870659828186,-0.021134329363703724,0.20551313931494952,17,0.012337207794189453,0.014475584030151367,1.750415325164795,1.7772281169891357,0.7860292792320251
510,2025-12-05 08:42:53,Which cable has the highest rating and supports 60W charging?,"The Belkin USB-C to USB-C Fast Charging Cable (60W PD) is the best match, offering a strong 4.5-star rating along with full 60W fast-charging support.",Generation failed,BAAI/bge-base-en-v1.5,mistralai/Mistral-7B-Instruct-v0.2,5,0.7,0.95,50,512,0.0,0.0,0.0,0.0,0.0,0.0,0.0,0.0,0.8117733597755432,0.8490040898323059,0.7776707410812378,0.0,0.018517713546752926,0.2047951112985611,17,0.01341700553894043,0.038924217224121094,9.509975910186768,9.562317132949829,0.717805802822113
511,2025-12-05 08:43:45,What is the best iPhone lightning cable in the list?,"For super-fast charging with a USB-C adapter, the Belkin Lightning to USB-C is best. For a reliable and durable standard cable with a good warranty, the Duracell USB-A to Lightning is a great choice. The Hi-Mobiler is the most budget-friendly option.","Based on the user reviews and ratings, both the Belkin Apple Certified Lightning to USB Charge and Sync Cable and the Duracell USB Lightning Apple Certified (Mfi) Braided Sync & Charge Cable have received positive feedback from customers. The Belkin cable is currently available at a discounted price",BAAI/bge-base-en-v1.5,mistralai/Mistral-7B-Instruct-v0.2,5,0.7,0.95,50,512,0.27906976744186046,0.192,0.5106382978723404,0.186046511627907,0.128,0.3404255319148936,0.013952547504903627,0.23297491039426524,0.8441227078437805,0.8191819190979004,0.8706297874450684,0.7462722063064575,0.835449504852295,0.526683187924073,737,0.011959314346313477,50.83741879463196,0.987865686416626,51.8372437953949,0.7377182245254517
512,2025-12-05 08:43:46,Suggest me some good long lasting headphones,"The boAt Bassheads 100 in-ear wired earphones are recommended for longevity, featuring a premium coated wire for sturdiness and a 1-year warranty. They have a 4.1-star rating from over 360,000 reviews and cost between ₹349-₹379.",Generation failed,BAAI/bge-base-en-v1.5,mistralai/Mistral-7B-Instruct-v0.2,5,0.7,0.95,50,512,0.0,0.0,0.0,0.0,0.0,0.0,0.0,0.0,0.7993465065956116,0.8499195575714111,0.7544540166854858,0.0,-0.01602873645722866,0.19823375300318002,17,0.011321783065795898,0.01519918441772461,1.8467459678649902,1.8732669353485107,0.6577231287956238
513,2025-12-05 08:44:47,Recommend a good fast charging USB-C cable under 300 rupees,"The boAt A400 at ₹299 is recommended, supporting 24W-25W fast charging and having a slightly higher customer rating. For a tighter budget, the pTron Solero TB301 at ₹149 supports 15W fast charging.",,BAAI/bge-base-en-v1.5,google/flan-t5-base,3,0.3,0.85,30,512,0.0,0.0,0.0,0.0,0.0,0.0,0.0,0.0,0.0,0.0,0.0,0.0,0.013854145761579274,0.0013854145761579275,0,0.02033209800720215,0.42749714851379395,0.8765590190887451,1.3243882656097412,0.788780927658081
514,2025-12-05 08:44:48,Which cable has the highest rating and supports 60W charging?,"The Belkin USB-C to USB-C Fast Charging Cable (60W PD) is the best match, offering a strong 4.5-star rating along with full 60W fast-charging support.",,BAAI/bge-base-en-v1.5,google/flan-t5-base,3,0.3,0.85,30,512,0.0,0.0,0.0,0.0,0.0,0.0,0.0,0.0,0.0,0.0,0.0,0.019969919696450233,0.020990415439009664,0.006093025483191013,0,0.011740684509277344,0.5116989612579346,0.8649227619171143,1.3883624076843262,0.7201791405677795
515,2025-12-05 08:44:50,What is the best iPhone lightning cable in the list?,"For super-fast charging with a USB-C adapter, the Belkin Lightning to USB-C is best. For a reliable and durable standard cable with a good warranty, the Duracell USB-A to Lightning is a great choice. The Hi-Mobiler is the most budget-friendly option.",,BAAI/bge-base-en-v1.5,google/flan-t5-base,3,0.3,0.85,30,512,0.0,0.0,0.0,0.0,0.0,0.0,0.0,0.0,0.0,0.0,0.0,0.050834350287914276,0.027019187696278094,0.012868788827210667,0,0.01172947883605957,0.4230334758758545,0.8808372020721436,1.3156001567840576,0.7380982041358948
516,2025-12-05 08:44:51,Suggest me some good long lasting headphones,"The boAt Bassheads 100 in-ear wired earphones are recommended for longevity, featuring a premium coated wire for sturdiness and a 1-year warranty. They have a 4.1-star rating from over 360,000 reviews and cost between ₹349-₹379.",,BAAI/bge-base-en-v1.5,google/flan-t5-base,3,0.3,0.85,30,512,0.0,0.0,0.0,0.0,0.0,0.0,0.0,0.0,0.0,0.0,0.0,0.0,0.017524331435561178,0.0017524331435561178,0,0.011115074157714844,0.44402146339416504,0.8667008876800537,1.3218374252319336,0.6586872935295105
517,2025-12-05 08:44:52,Recommend a good fast charging USB-C cable under 300 rupees,"The boAt A400 at ₹299 is recommended, supporting 24W-25W fast charging and having a slightly higher customer rating. For a tighter budget, the pTron Solero TB301 at ₹149 supports 15W fast charging.",,BAAI/bge-base-en-v1.5,google/flan-t5-base,3,0.3,0.85,50,512,0.0,0.0,0.0,0.0,0.0,0.0,0.0,0.0,0.0,0.0,0.0,0.0,0.013854145761579274,0.0013854145761579275,0,0.011999130249023438,0.3507673740386963,0.8643829822540283,1.227149486541748,0.788780927658081
518,2025-12-05 08:44:54,Which cable has the highest rating and supports 60W charging?,"The Belkin USB-C to USB-C Fast Charging Cable (60W PD) is the best match, offering a strong 4.5-star rating along with full 60W fast-charging support.",,BAAI/bge-base-en-v1.5,google/flan-t5-base,3,0.3,0.85,50,512,0.0,0.0,0.0,0.0,0.0,0.0,0.0,0.0,0.0,0.0,0.0,0.019969919696450233,0.020990415439009664,0.006093025483191013,0,0.011725187301635742,0.5133812427520752,0.8630340099334717,1.3881404399871826,0.7201791405677795
519,2025-12-05 08:44:55,What is the best iPhone lightning cable in the list?,"For super-fast charging with a USB-C adapter, the Belkin Lightning to USB-C is best. For a reliable and durable standard cable with a good warranty, the Duracell USB-A to Lightning is a great choice. The Hi-Mobiler is the most budget-friendly option.",,BAAI/bge-base-en-v1.5,google/flan-t5-base,3,0.3,0.85,50,512,0.0,0.0,0.0,0.0,0.0,0.0,0.0,0.0,0.0,0.0,0.0,0.050834350287914276,0.027019187696278094,0.012868788827210667,0,0.011878728866577148,0.2337939739227295,0.9037213325500488,1.1493940353393555,0.7380982041358948
520,2025-12-05 08:44:56,Suggest me some good long lasting headphones,"The boAt Bassheads 100 in-ear wired earphones are recommended for longevity, featuring a premium coated wire for sturdiness and a 1-year warranty. They have a 4.1-star rating from over 360,000 reviews and cost between ₹349-₹379.",,BAAI/bge-base-en-v1.5,google/flan-t5-base,3,0.3,0.85,50,512,0.0,0.0,0.0,0.0,0.0,0.0,0.0,0.0,0.0,0.0,0.0,0.0,0.017524331435561178,0.0017524331435561178,0,0.011098384857177734,0.44124889373779297,0.8710806369781494,1.3234279155731201,0.6586872935295105
521,2025-12-05 08:44:57,Recommend a good fast charging USB-C cable under 300 rupees,"The boAt A400 at ₹299 is recommended, supporting 24W-25W fast charging and having a slightly higher customer rating. For a tighter budget, the pTron Solero TB301 at ₹149 supports 15W fast charging.",,BAAI/bge-base-en-v1.5,google/flan-t5-base,3,0.3,0.95,30,512,0.0,0.0,0.0,0.0,0.0,0.0,0.0,0.0,0.0,0.0,0.0,0.0,0.013854145761579274,0.0013854145761579275,0,0.011624336242675781,0.35288548469543457,0.8646013736724854,1.2291111946105957,0.788780927658081
522,2025-12-05 08:44:59,Which cable has the highest rating and supports 60W charging?,"The Belkin USB-C to USB-C Fast Charging Cable (60W PD) is the best match, offering a strong 4.5-star rating along with full 60W fast-charging support.",,BAAI/bge-base-en-v1.5,google/flan-t5-base,3,0.3,0.95,30,512,0.0,0.0,0.0,0.0,0.0,0.0,0.0,0.0,0.0,0.0,0.0,0.019969919696450233,0.020990415439009664,0.006093025483191013,0,0.011793136596679688,0.5075395107269287,0.8568902015686035,1.376222848892212,0.7201791405677795
523,2025-12-05 08:45:00,What is the best iPhone lightning cable in the list?,"For super-fast charging with a USB-C adapter, the Belkin Lightning to USB-C is best. For a reliable and durable standard cable with a good warranty, the Duracell USB-A to Lightning is a great choice. The Hi-Mobiler is the most budget-friendly option.",,BAAI/bge-base-en-v1.5,google/flan-t5-base,3,0.3,0.95,30,512,0.0,0.0,0.0,0.0,0.0,0.0,0.0,0.0,0.0,0.0,0.0,0.050834350287914276,0.027019187696278094,0.012868788827210667,0,0.011508941650390625,0.23090505599975586,0.8779027462005615,1.120316743850708,0.7380982041358948
524,2025-12-05 08:45:02,Suggest me some good long lasting headphones,"The boAt Bassheads 100 in-ear wired earphones are recommended for longevity, featuring a premium coated wire for sturdiness and a 1-year warranty. They have a 4.1-star rating from over 360,000 reviews and cost between ₹349-₹379.",,BAAI/bge-base-en-v1.5,google/flan-t5-base,3,0.3,0.95,30,512,0.0,0.0,0.0,0.0,0.0,0.0,0.0,0.0,0.0,0.0,0.0,0.0,0.017524331435561178,0.0017524331435561178,0,0.010874271392822266,1.1796226501464844,0.8695318698883057,2.0600287914276123,0.6586872935295105
525,2025-12-05 08:45:03,Recommend a good fast charging USB-C cable under 300 rupees,"The boAt A400 at ₹299 is recommended, supporting 24W-25W fast charging and having a slightly higher customer rating. For a tighter budget, the pTron Solero TB301 at ₹149 supports 15W fast charging.",,BAAI/bge-base-en-v1.5,google/flan-t5-base,3,0.3,0.95,50,512,0.0,0.0,0.0,0.0,0.0,0.0,0.0,0.0,0.0,0.0,0.0,0.0,0.013854145761579274,0.0013854145761579275,0,0.01200103759765625,0.3518402576446533,0.8923823833465576,1.2562236785888672,0.788780927658081
526,2025-12-05 08:45:05,Which cable has the highest rating and supports 60W charging?,"The Belkin USB-C to USB-C Fast Charging Cable (60W PD) is the best match, offering a strong 4.5-star rating along with full 60W fast-charging support.",,BAAI/bge-base-en-v1.5,google/flan-t5-base,3,0.3,0.95,50,512,0.0,0.0,0.0,0.0,0.0,0.0,0.0,0.0,0.0,0.0,0.0,0.019969919696450233,0.020990415439009664,0.006093025483191013,0,0.0117340087890625,0.5078318119049072,0.8598935604095459,1.3794593811035156,0.7201791405677795
527,2025-12-05 08:45:06,What is the best iPhone lightning cable in the list?,"For super-fast charging with a USB-C adapter, the Belkin Lightning to USB-C is best. For a reliable and durable standard cable with a good warranty, the Duracell USB-A to Lightning is a great choice. The Hi-Mobiler is the most budget-friendly option.",,BAAI/bge-base-en-v1.5,google/flan-t5-base,3,0.3,0.95,50,512,0.0,0.0,0.0,0.0,0.0,0.0,0.0,0.0,0.0,0.0,0.0,0.050834350287914276,0.027019187696278094,0.012868788827210667,0,0.011741876602172852,0.2753114700317383,0.8682599067687988,1.15531325340271,0.7380982041358948
528,2025-12-05 08:45:08,Suggest me some good long lasting headphones,"The boAt Bassheads 100 in-ear wired earphones are recommended for longevity, featuring a premium coated wire for sturdiness and a 1-year warranty. They have a 4.1-star rating from over 360,000 reviews and cost between ₹349-₹379.",,BAAI/bge-base-en-v1.5,google/flan-t5-base,3,0.3,0.95,50,512,0.0,0.0,0.0,0.0,0.0,0.0,0.0,0.0,0.0,0.0,0.0,0.0,0.017524331435561178,0.0017524331435561178,0,0.01114654541015625,1.1425743103027344,0.8621687889099121,2.0158896446228027,0.6586872935295105
529,2025-12-05 08:45:09,Recommend a good fast charging USB-C cable under 300 rupees,"The boAt A400 at ₹299 is recommended, supporting 24W-25W fast charging and having a slightly higher customer rating. For a tighter budget, the pTron Solero TB301 at ₹149 supports 15W fast charging.",,BAAI/bge-base-en-v1.5,google/flan-t5-base,3,0.7,0.85,30,512,0.0,0.0,0.0,0.0,0.0,0.0,0.0,0.0,0.0,0.0,0.0,0.0,0.013854145761579274,0.0013854145761579275,0,0.011724233627319336,0.35515761375427246,0.8718411922454834,1.2387230396270752,0.788780927658081
530,2025-12-05 08:45:10,Which cable has the highest rating and supports 60W charging?,"The Belkin USB-C to USB-C Fast Charging Cable (60W PD) is the best match, offering a strong 4.5-star rating along with full 60W fast-charging support.",,BAAI/bge-base-en-v1.5,google/flan-t5-base,3,0.7,0.85,30,512,0.0,0.0,0.0,0.0,0.0,0.0,0.0,0.0,0.0,0.0,0.0,0.019969919696450233,0.020990415439009664,0.006093025483191013,0,0.011885404586791992,0.502312421798706,0.8672516345977783,1.3814494609832764,0.7201791405677795
531,2025-12-05 08:45:12,What is the best iPhone lightning cable in the list?,"For super-fast charging with a USB-C adapter, the Belkin Lightning to USB-C is best. For a reliable and durable standard cable with a good warranty, the Duracell USB-A to Lightning is a great choice. The Hi-Mobiler is the most budget-friendly option.",,BAAI/bge-base-en-v1.5,google/flan-t5-base,3,0.7,0.85,30,512,0.0,0.0,0.0,0.0,0.0,0.0,0.0,0.0,0.0,0.0,0.0,0.050834350287914276,0.027019187696278094,0.012868788827210667,0,0.012224912643432617,0.4230198860168457,0.862757682800293,1.2980024814605713,0.7380982041358948
532,2025-12-05 08:45:13,Suggest me some good long lasting headphones,"The boAt Bassheads 100 in-ear wired earphones are recommended for longevity, featuring a premium coated wire for sturdiness and a 1-year warranty. They have a 4.1-star rating from over 360,000 reviews and cost between ₹349-₹379.",,BAAI/bge-base-en-v1.5,google/flan-t5-base,3,0.7,0.85,30,512,0.0,0.0,0.0,0.0,0.0,0.0,0.0,0.0,0.0,0.0,0.0,0.0,0.017524331435561178,0.0017524331435561178,0,0.011126279830932617,0.44734644889831543,0.9113054275512695,1.3697781562805176,0.6586872935295105
533,2025-12-05 08:45:14,Recommend a good fast charging USB-C cable under 300 rupees,"The boAt A400 at ₹299 is recommended, supporting 24W-25W fast charging and having a slightly higher customer rating. For a tighter budget, the pTron Solero TB301 at ₹149 supports 15W fast charging.",,BAAI/bge-base-en-v1.5,google/flan-t5-base,3,0.7,0.85,50,512,0.0,0.0,0.0,0.0,0.0,0.0,0.0,0.0,0.0,0.0,0.0,0.0,0.013854145761579274,0.0013854145761579275,0,0.01202702522277832,0.35427284240722656,0.8594841957092285,1.2257840633392334,0.788780927658081
534,2025-12-05 08:45:16,Which cable has the highest rating and supports 60W charging?,"The Belkin USB-C to USB-C Fast Charging Cable (60W PD) is the best match, offering a strong 4.5-star rating along with full 60W fast-charging support.",,BAAI/bge-base-en-v1.5,google/flan-t5-base,3,0.7,0.85,50,512,0.0,0.0,0.0,0.0,0.0,0.0,0.0,0.0,0.0,0.0,0.0,0.019969919696450233,0.020990415439009664,0.006093025483191013,0,0.012373924255371094,0.5179319381713867,0.8685057163238525,1.3988115787506104,0.7201791405677795
535,2025-12-05 08:45:17,What is the best iPhone lightning cable in the list?,"For super-fast charging with a USB-C adapter, the Belkin Lightning to USB-C is best. For a reliable and durable standard cable with a good warranty, the Duracell USB-A to Lightning is a great choice. The Hi-Mobiler is the most budget-friendly option.",,BAAI/bge-base-en-v1.5,google/flan-t5-base,3,0.7,0.85,50,512,0.0,0.0,0.0,0.0,0.0,0.0,0.0,0.0,0.0,0.0,0.0,0.050834350287914276,0.027019187696278094,0.012868788827210667,0,0.011945486068725586,0.42787742614746094,0.8605372905731201,1.3003602027893066,0.7380982041358948
536,2025-12-05 08:45:19,Suggest me some good long lasting headphones,"The boAt Bassheads 100 in-ear wired earphones are recommended for longevity, featuring a premium coated wire for sturdiness and a 1-year warranty. They have a 4.1-star rating from over 360,000 reviews and cost between ₹349-₹379.",,BAAI/bge-base-en-v1.5,google/flan-t5-base,3,0.7,0.85,50,512,0.0,0.0,0.0,0.0,0.0,0.0,0.0,0.0,0.0,0.0,0.0,0.0,0.017524331435561178,0.0017524331435561178,0,0.011396646499633789,1.1788201332092285,0.8590068817138672,2.0492236614227295,0.6586872935295105
537,2025-12-05 08:45:20,Recommend a good fast charging USB-C cable under 300 rupees,"The boAt A400 at ₹299 is recommended, supporting 24W-25W fast charging and having a slightly higher customer rating. For a tighter budget, the pTron Solero TB301 at ₹149 supports 15W fast charging.",,BAAI/bge-base-en-v1.5,google/flan-t5-base,3,0.7,0.95,30,512,0.0,0.0,0.0,0.0,0.0,0.0,0.0,0.0,0.0,0.0,0.0,0.0,0.013854145761579274,0.0013854145761579275,0,0.011936187744140625,0.5233242511749268,0.8601176738739014,1.3953781127929688,0.788780927658081
538,2025-12-05 08:45:23,Which cable has the highest rating and supports 60W charging?,"The Belkin USB-C to USB-C Fast Charging Cable (60W PD) is the best match, offering a strong 4.5-star rating along with full 60W fast-charging support.",,BAAI/bge-base-en-v1.5,google/flan-t5-base,3,0.7,0.95,30,512,0.0,0.0,0.0,0.0,0.0,0.0,0.0,0.0,0.0,0.0,0.0,0.019969919696450233,0.020990415439009664,0.006093025483191013,0,0.011798620223999023,0.5131006240844727,1.570573329925537,2.095472574234009,0.7201791405677795
539,2025-12-05 08:45:24,What is the best iPhone lightning cable in the list?,"For super-fast charging with a USB-C adapter, the Belkin Lightning to USB-C is best. For a reliable and durable standard cable with a good warranty, the Duracell USB-A to Lightning is a great choice. The Hi-Mobiler is the most budget-friendly option.",,BAAI/bge-base-en-v1.5,google/flan-t5-base,3,0.7,0.95,30,512,0.0,0.0,0.0,0.0,0.0,0.0,0.0,0.0,0.0,0.0,0.0,0.050834350287914276,0.027019187696278094,0.012868788827210667,0,0.011813640594482422,0.2599029541015625,0.8761200904846191,1.147836685180664,0.7380982041358948
540,2025-12-05 08:45:25,Suggest me some good long lasting headphones,"The boAt Bassheads 100 in-ear wired earphones are recommended for longevity, featuring a premium coated wire for sturdiness and a 1-year warranty. They have a 4.1-star rating from over 360,000 reviews and cost between ₹349-₹379.",,BAAI/bge-base-en-v1.5,google/flan-t5-base,3,0.7,0.95,30,512,0.0,0.0,0.0,0.0,0.0,0.0,0.0,0.0,0.0,0.0,0.0,0.0,0.017524331435561178,0.0017524331435561178,0,0.011141538619995117,0.5573599338531494,0.8909108638763428,1.4594123363494873,0.6586872935295105
541,2025-12-05 08:45:26,Recommend a good fast charging USB-C cable under 300 rupees,"The boAt A400 at ₹299 is recommended, supporting 24W-25W fast charging and having a slightly higher customer rating. For a tighter budget, the pTron Solero TB301 at ₹149 supports 15W fast charging.",,BAAI/bge-base-en-v1.5,google/flan-t5-base,3,0.7,0.95,50,512,0.0,0.0,0.0,0.0,0.0,0.0,0.0,0.0,0.0,0.0,0.0,0.0,0.013854145761579274,0.0013854145761579275,0,0.011809825897216797,0.338306188583374,0.8836820125579834,1.2337980270385742,0.788780927658081
542,2025-12-05 08:45:28,Which cable has the highest rating and supports 60W charging?,"The Belkin USB-C to USB-C Fast Charging Cable (60W PD) is the best match, offering a strong 4.5-star rating along with full 60W fast-charging support.",,BAAI/bge-base-en-v1.5,google/flan-t5-base,3,0.7,0.95,50,512,0.0,0.0,0.0,0.0,0.0,0.0,0.0,0.0,0.0,0.0,0.0,0.019969919696450233,0.020990415439009664,0.006093025483191013,0,0.011831045150756836,0.5155379772186279,0.8773560523986816,1.4047250747680664,0.7201791405677795
543,2025-12-05 08:45:29,What is the best iPhone lightning cable in the list?,"For super-fast charging with a USB-C adapter, the Belkin Lightning to USB-C is best. For a reliable and durable standard cable with a good warranty, the Duracell USB-A to Lightning is a great choice. The Hi-Mobiler is the most budget-friendly option.",,BAAI/bge-base-en-v1.5,google/flan-t5-base,3,0.7,0.95,50,512,0.0,0.0,0.0,0.0,0.0,0.0,0.0,0.0,0.0,0.0,0.0,0.050834350287914276,0.027019187696278094,0.012868788827210667,0,0.011716365814208984,0.384995698928833,0.8716518878936768,1.2683639526367188,0.7380982041358948
544,2025-12-05 08:45:31,Suggest me some good long lasting headphones,"The boAt Bassheads 100 in-ear wired earphones are recommended for longevity, featuring a premium coated wire for sturdiness and a 1-year warranty. They have a 4.1-star rating from over 360,000 reviews and cost between ₹349-₹379.",,BAAI/bge-base-en-v1.5,google/flan-t5-base,3,0.7,0.95,50,512,0.0,0.0,0.0,0.0,0.0,0.0,0.0,0.0,0.0,0.0,0.0,0.0,0.017524331435561178,0.0017524331435561178,0,0.011234045028686523,1.2274138927459717,0.897902250289917,2.136550188064575,0.6586872935295105
545,2025-12-05 08:45:33,Recommend a good fast charging USB-C cable under 300 rupees,"The boAt A400 at ₹299 is recommended, supporting 24W-25W fast charging and having a slightly higher customer rating. For a tighter budget, the pTron Solero TB301 at ₹149 supports 15W fast charging.",,BAAI/bge-base-en-v1.5,google/flan-t5-base,5,0.3,0.85,30,512,0.0,0.0,0.0,0.0,0.0,0.0,0.0,0.0,0.0,0.0,0.0,0.0,0.013854145761579274,0.0013854145761579275,0,0.012105464935302734,0.6434183120727539,0.897111177444458,1.5526349544525146,0.7860292792320251
546,2025-12-05 08:45:34,Which cable has the highest rating and supports 60W charging?,"The Belkin USB-C to USB-C Fast Charging Cable (60W PD) is the best match, offering a strong 4.5-star rating along with full 60W fast-charging support.",,BAAI/bge-base-en-v1.5,google/flan-t5-base,5,0.3,0.85,30,512,0.0,0.0,0.0,0.0,0.0,0.0,0.0,0.0,0.0,0.0,0.0,0.019969919696450233,0.020990415439009664,0.006093025483191013,0,0.011831521987915039,0.6340925693511963,0.9037673473358154,1.5496914386749268,0.717805802822113
547,2025-12-05 08:45:36,What is the best iPhone lightning cable in the list?,"For super-fast charging with a USB-C adapter, the Belkin Lightning to USB-C is best. For a reliable and durable standard cable with a good warranty, the Duracell USB-A to Lightning is a great choice. The Hi-Mobiler is the most budget-friendly option.",,BAAI/bge-base-en-v1.5,google/flan-t5-base,5,0.3,0.85,30,512,0.0,0.0,0.0,0.0,0.0,0.0,0.0,0.0,0.0,0.0,0.0,0.050834350287914276,0.027019187696278094,0.012868788827210667,0,0.01212167739868164,0.6603183746337891,0.9621400833129883,1.634580135345459,0.7377182245254517
548,2025-12-05 08:45:39,Suggest me some good long lasting headphones,"The boAt Bassheads 100 in-ear wired earphones are recommended for longevity, featuring a premium coated wire for sturdiness and a 1-year warranty. They have a 4.1-star rating from over 360,000 reviews and cost between ₹349-₹379.",,BAAI/bge-base-en-v1.5,google/flan-t5-base,5,0.3,0.85,30,512,0.0,0.0,0.0,0.0,0.0,0.0,0.0,0.0,0.0,0.0,0.0,0.0,0.017524331435561178,0.0017524331435561178,0,0.011197805404663086,1.6108651161193848,0.9809119701385498,2.6029748916625977,0.6577231287956238
549,2025-12-05 08:45:40,Recommend a good fast charging USB-C cable under 300 rupees,"The boAt A400 at ₹299 is recommended, supporting 24W-25W fast charging and having a slightly higher customer rating. For a tighter budget, the pTron Solero TB301 at ₹149 supports 15W fast charging.",,BAAI/bge-base-en-v1.5,google/flan-t5-base,5,0.3,0.85,50,512,0.0,0.0,0.0,0.0,0.0,0.0,0.0,0.0,0.0,0.0,0.0,0.0,0.013854145761579274,0.0013854145761579275,0,0.011844158172607422,0.64762282371521,0.9282481670379639,1.5877151489257812,0.7860292792320251
550,2025-12-05 08:45:42,Which cable has the highest rating and supports 60W charging?,"The Belkin USB-C to USB-C Fast Charging Cable (60W PD) is the best match, offering a strong 4.5-star rating along with full 60W fast-charging support.",,BAAI/bge-base-en-v1.5,google/flan-t5-base,5,0.3,0.85,50,512,0.0,0.0,0.0,0.0,0.0,0.0,0.0,0.0,0.0,0.0,0.0,0.019969919696450233,0.020990415439009664,0.006093025483191013,0,0.011831998825073242,0.6290874481201172,0.8932082653045654,1.5341277122497559,0.717805802822113
551,2025-12-05 08:45:43,What is the best iPhone lightning cable in the list?,"For super-fast charging with a USB-C adapter, the Belkin Lightning to USB-C is best. For a reliable and durable standard cable with a good warranty, the Duracell USB-A to Lightning is a great choice. The Hi-Mobiler is the most budget-friendly option.",,BAAI/bge-base-en-v1.5,google/flan-t5-base,5,0.3,0.85,50,512,0.0,0.0,0.0,0.0,0.0,0.0,0.0,0.0,0.0,0.0,0.0,0.050834350287914276,0.027019187696278094,0.012868788827210667,0,0.013506412506103516,0.503079891204834,0.90193772315979,1.4185240268707275,0.7377182245254517
552,2025-12-05 08:45:46,Suggest me some good long lasting headphones,"The boAt Bassheads 100 in-ear wired earphones are recommended for longevity, featuring a premium coated wire for sturdiness and a 1-year warranty. They have a 4.1-star rating from over 360,000 reviews and cost between ₹349-₹379.",,BAAI/bge-base-en-v1.5,google/flan-t5-base,5,0.3,0.85,50,512,0.0,0.0,0.0,0.0,0.0,0.0,0.0,0.0,0.0,0.0,0.0,0.0,0.017524331435561178,0.0017524331435561178,0,0.011007070541381836,1.611356496810913,0.8858804702758789,2.508244037628174,0.6577231287956238
553,2025-12-05 08:45:47,Recommend a good fast charging USB-C cable under 300 rupees,"The boAt A400 at ₹299 is recommended, supporting 24W-25W fast charging and having a slightly higher customer rating. For a tighter budget, the pTron Solero TB301 at ₹149 supports 15W fast charging.",,BAAI/bge-base-en-v1.5,google/flan-t5-base,5,0.3,0.95,30,512,0.0,0.0,0.0,0.0,0.0,0.0,0.0,0.0,0.0,0.0,0.0,0.0,0.013854145761579274,0.0013854145761579275,0,0.011698246002197266,0.6504561901092529,0.8879103660583496,1.5500648021697998,0.7860292792320251
554,2025-12-05 08:45:49,Which cable has the highest rating and supports 60W charging?,"The Belkin USB-C to USB-C Fast Charging Cable (60W PD) is the best match, offering a strong 4.5-star rating along with full 60W fast-charging support.",,BAAI/bge-base-en-v1.5,google/flan-t5-base,5,0.3,0.95,30,512,0.0,0.0,0.0,0.0,0.0,0.0,0.0,0.0,0.0,0.0,0.0,0.019969919696450233,0.020990415439009664,0.006093025483191013,0,0.011735916137695312,0.6379950046539307,0.8946535587310791,1.544384479522705,0.717805802822113
555,2025-12-05 08:45:50,What is the best iPhone lightning cable in the list?,"For super-fast charging with a USB-C adapter, the Belkin Lightning to USB-C is best. For a reliable and durable standard cable with a good warranty, the Duracell USB-A to Lightning is a great choice. The Hi-Mobiler is the most budget-friendly option.",,BAAI/bge-base-en-v1.5,google/flan-t5-base,5,0.3,0.95,30,512,0.0,0.0,0.0,0.0,0.0,0.0,0.0,0.0,0.0,0.0,0.0,0.050834350287914276,0.027019187696278094,0.012868788827210667,0,0.012824773788452148,0.505908727645874,0.8779361248016357,1.396669626235962,0.7377182245254517
556,2025-12-05 08:45:53,Suggest me some good long lasting headphones,"The boAt Bassheads 100 in-ear wired earphones are recommended for longevity, featuring a premium coated wire for sturdiness and a 1-year warranty. They have a 4.1-star rating from over 360,000 reviews and cost between ₹349-₹379.",,BAAI/bge-base-en-v1.5,google/flan-t5-base,5,0.3,0.95,30,512,0.0,0.0,0.0,0.0,0.0,0.0,0.0,0.0,0.0,0.0,0.0,0.0,0.017524331435561178,0.0017524331435561178,0,0.011118412017822266,1.629185438156128,0.8920655250549316,2.532369375228882,0.6577231287956238
557,2025-12-05 08:45:54,Recommend a good fast charging USB-C cable under 300 rupees,"The boAt A400 at ₹299 is recommended, supporting 24W-25W fast charging and having a slightly higher customer rating. For a tighter budget, the pTron Solero TB301 at ₹149 supports 15W fast charging.",,BAAI/bge-base-en-v1.5,google/flan-t5-base,5,0.3,0.95,50,512,0.0,0.0,0.0,0.0,0.0,0.0,0.0,0.0,0.0,0.0,0.0,0.0,0.013854145761579274,0.0013854145761579275,0,0.012302637100219727,0.6549444198608398,0.8889362812042236,1.5561833381652832,0.7860292792320251
558,2025-12-05 08:45:56,Which cable has the highest rating and supports 60W charging?,"The Belkin USB-C to USB-C Fast Charging Cable (60W PD) is the best match, offering a strong 4.5-star rating along with full 60W fast-charging support.",,BAAI/bge-base-en-v1.5,google/flan-t5-base,5,0.3,0.95,50,512,0.0,0.0,0.0,0.0,0.0,0.0,0.0,0.0,0.0,0.0,0.0,0.019969919696450233,0.020990415439009664,0.006093025483191013,0,0.011633634567260742,0.6454334259033203,0.9006803035736084,1.5577473640441895,0.717805802822113
559,2025-12-05 08:45:57,What is the best iPhone lightning cable in the list?,"For super-fast charging with a USB-C adapter, the Belkin Lightning to USB-C is best. For a reliable and durable standard cable with a good warranty, the Duracell USB-A to Lightning is a great choice. The Hi-Mobiler is the most budget-friendly option.",,BAAI/bge-base-en-v1.5,google/flan-t5-base,5,0.3,0.95,50,512,0.0,0.0,0.0,0.0,0.0,0.0,0.0,0.0,0.0,0.0,0.0,0.050834350287914276,0.027019187696278094,0.012868788827210667,0,0.011655569076538086,0.49658679962158203,1.043039321899414,1.5512816905975342,0.7377182245254517
560,2025-12-05 08:46:00,Suggest me some good long lasting headphones,"The boAt Bassheads 100 in-ear wired earphones are recommended for longevity, featuring a premium coated wire for sturdiness and a 1-year warranty. They have a 4.1-star rating from over 360,000 reviews and cost between ₹349-₹379.",,BAAI/bge-base-en-v1.5,google/flan-t5-base,5,0.3,0.95,50,512,0.0,0.0,0.0,0.0,0.0,0.0,0.0,0.0,0.0,0.0,0.0,0.0,0.017524331435561178,0.0017524331435561178,0,0.011065959930419922,1.6296486854553223,0.9103059768676758,2.551020622253418,0.6577231287956238
561,2025-12-05 08:46:01,Recommend a good fast charging USB-C cable under 300 rupees,"The boAt A400 at ₹299 is recommended, supporting 24W-25W fast charging and having a slightly higher customer rating. For a tighter budget, the pTron Solero TB301 at ₹149 supports 15W fast charging.",,BAAI/bge-base-en-v1.5,google/flan-t5-base,5,0.7,0.85,30,512,0.0,0.0,0.0,0.0,0.0,0.0,0.0,0.0,0.0,0.0,0.0,0.0,0.013854145761579274,0.0013854145761579275,0,0.011908531188964844,0.653611421585083,0.8962810039520264,1.5618009567260742,0.7860292792320251
562,2025-12-05 08:46:03,Which cable has the highest rating and supports 60W charging?,"The Belkin USB-C to USB-C Fast Charging Cable (60W PD) is the best match, offering a strong 4.5-star rating along with full 60W fast-charging support.",,BAAI/bge-base-en-v1.5,google/flan-t5-base,5,0.7,0.85,30,512,0.0,0.0,0.0,0.0,0.0,0.0,0.0,0.0,0.0,0.0,0.0,0.019969919696450233,0.020990415439009664,0.006093025483191013,0,0.011734724044799805,0.6428549289703369,0.9003493785858154,1.5549390316009521,0.717805802822113
563,2025-12-05 08:46:04,What is the best iPhone lightning cable in the list?,"For super-fast charging with a USB-C adapter, the Belkin Lightning to USB-C is best. For a reliable and durable standard cable with a good warranty, the Duracell USB-A to Lightning is a great choice. The Hi-Mobiler is the most budget-friendly option.",,BAAI/bge-base-en-v1.5,google/flan-t5-base,5,0.7,0.85,30,512,0.0,0.0,0.0,0.0,0.0,0.0,0.0,0.0,0.0,0.0,0.0,0.050834350287914276,0.027019187696278094,0.012868788827210667,0,0.012318611145019531,0.5050392150878906,0.8881487846374512,1.4055066108703613,0.7377182245254517
564,2025-12-05 08:46:07,Suggest me some good long lasting headphones,"The boAt Bassheads 100 in-ear wired earphones are recommended for longevity, featuring a premium coated wire for sturdiness and a 1-year warranty. They have a 4.1-star rating from over 360,000 reviews and cost between ₹349-₹379.",,BAAI/bge-base-en-v1.5,google/flan-t5-base,5,0.7,0.85,30,512,0.0,0.0,0.0,0.0,0.0,0.0,0.0,0.0,0.0,0.0,0.0,0.0,0.017524331435561178,0.0017524331435561178,0,0.01124715805053711,1.6219332218170166,0.887676477432251,2.5208568572998047,0.6577231287956238
565,2025-12-05 08:46:08,Recommend a good fast charging USB-C cable under 300 rupees,"The boAt A400 at ₹299 is recommended, supporting 24W-25W fast charging and having a slightly higher customer rating. For a tighter budget, the pTron Solero TB301 at ₹149 supports 15W fast charging.",,BAAI/bge-base-en-v1.5,google/flan-t5-base,5,0.7,0.85,50,512,0.0,0.0,0.0,0.0,0.0,0.0,0.0,0.0,0.0,0.0,0.0,0.0,0.013854145761579274,0.0013854145761579275,0,0.011799812316894531,0.6485004425048828,0.9084460735321045,1.5687463283538818,0.7860292792320251
566,2025-12-05 08:46:10,Which cable has the highest rating and supports 60W charging?,"The Belkin USB-C to USB-C Fast Charging Cable (60W PD) is the best match, offering a strong 4.5-star rating along with full 60W fast-charging support.",,BAAI/bge-base-en-v1.5,google/flan-t5-base,5,0.7,0.85,50,512,0.0,0.0,0.0,0.0,0.0,0.0,0.0,0.0,0.0,0.0,0.0,0.019969919696450233,0.020990415439009664,0.006093025483191013,0,0.011661529541015625,0.6368622779846191,0.8892369270324707,1.5377607345581055,0.717805802822113
567,2025-12-05 08:46:11,What is the best iPhone lightning cable in the list?,"For super-fast charging with a USB-C adapter, the Belkin Lightning to USB-C is best. For a reliable and durable standard cable with a good warranty, the Duracell USB-A to Lightning is a great choice. The Hi-Mobiler is the most budget-friendly option.",,BAAI/bge-base-en-v1.5,google/flan-t5-base,5,0.7,0.85,50,512,0.0,0.0,0.0,0.0,0.0,0.0,0.0,0.0,0.0,0.0,0.0,0.050834350287914276,0.027019187696278094,0.012868788827210667,0,0.011684417724609375,0.571054220199585,0.8820433616638184,1.4647819995880127,0.7377182245254517
568,2025-12-05 08:46:14,Suggest me some good long lasting headphones,"The boAt Bassheads 100 in-ear wired earphones are recommended for longevity, featuring a premium coated wire for sturdiness and a 1-year warranty. They have a 4.1-star rating from over 360,000 reviews and cost between ₹349-₹379.",,BAAI/bge-base-en-v1.5,google/flan-t5-base,5,0.7,0.85,50,512,0.0,0.0,0.0,0.0,0.0,0.0,0.0,0.0,0.0,0.0,0.0,0.0,0.017524331435561178,0.0017524331435561178,0,0.01093602180480957,1.5191066265106201,0.8888535499572754,2.418896198272705,0.6577231287956238
569,2025-12-05 08:46:15,Recommend a good fast charging USB-C cable under 300 rupees,"The boAt A400 at ₹299 is recommended, supporting 24W-25W fast charging and having a slightly higher customer rating. For a tighter budget, the pTron Solero TB301 at ₹149 supports 15W fast charging.",,BAAI/bge-base-en-v1.5,google/flan-t5-base,5,0.7,0.95,30,512,0.0,0.0,0.0,0.0,0.0,0.0,0.0,0.0,0.0,0.0,0.0,0.0,0.013854145761579274,0.0013854145761579275,0,0.011699199676513672,0.6442666053771973,0.882479190826416,1.538444995880127,0.7860292792320251
570,2025-12-05 08:46:17,Which cable has the highest rating and supports 60W charging?,"The Belkin USB-C to USB-C Fast Charging Cable (60W PD) is the best match, offering a strong 4.5-star rating along with full 60W fast-charging support.",,BAAI/bge-base-en-v1.5,google/flan-t5-base,5,0.7,0.95,30,512,0.0,0.0,0.0,0.0,0.0,0.0,0.0,0.0,0.0,0.0,0.0,0.019969919696450233,0.020990415439009664,0.006093025483191013,0,0.011898040771484375,0.6310756206512451,0.883453369140625,1.5264270305633545,0.717805802822113
571,2025-12-05 08:46:18,What is the best iPhone lightning cable in the list?,"For super-fast charging with a USB-C adapter, the Belkin Lightning to USB-C is best. For a reliable and durable standard cable with a good warranty, the Duracell USB-A to Lightning is a great choice. The Hi-Mobiler is the most budget-friendly option.",,BAAI/bge-base-en-v1.5,google/flan-t5-base,5,0.7,0.95,30,512,0.0,0.0,0.0,0.0,0.0,0.0,0.0,0.0,0.0,0.0,0.0,0.050834350287914276,0.027019187696278094,0.012868788827210667,0,0.011981964111328125,0.6702847480773926,0.8833522796630859,1.5656189918518066,0.7377182245254517
572,2025-12-05 08:46:20,Suggest me some good long lasting headphones,"The boAt Bassheads 100 in-ear wired earphones are recommended for longevity, featuring a premium coated wire for sturdiness and a 1-year warranty. They have a 4.1-star rating from over 360,000 reviews and cost between ₹349-₹379.",,BAAI/bge-base-en-v1.5,google/flan-t5-base,5,0.7,0.95,30,512,0.0,0.0,0.0,0.0,0.0,0.0,0.0,0.0,0.0,0.0,0.0,0.0,0.017524331435561178,0.0017524331435561178,0,0.011096954345703125,0.7964317798614502,0.8856291770935059,1.6931579113006592,0.6577231287956238
573,2025-12-05 08:46:22,Recommend a good fast charging USB-C cable under 300 rupees,"The boAt A400 at ₹299 is recommended, supporting 24W-25W fast charging and having a slightly higher customer rating. For a tighter budget, the pTron Solero TB301 at ₹149 supports 15W fast charging.",,BAAI/bge-base-en-v1.5,google/flan-t5-base,5,0.7,0.95,50,512,0.0,0.0,0.0,0.0,0.0,0.0,0.0,0.0,0.0,0.0,0.0,0.0,0.013854145761579274,0.0013854145761579275,0,0.011975765228271484,0.637279748916626,0.8789780139923096,1.528233528137207,0.7860292792320251
574,2025-12-05 08:46:23,Which cable has the highest rating and supports 60W charging?,"The Belkin USB-C to USB-C Fast Charging Cable (60W PD) is the best match, offering a strong 4.5-star rating along with full 60W fast-charging support.",,BAAI/bge-base-en-v1.5,google/flan-t5-base,5,0.7,0.95,50,512,0.0,0.0,0.0,0.0,0.0,0.0,0.0,0.0,0.0,0.0,0.0,0.019969919696450233,0.020990415439009664,0.006093025483191013,0,0.011578083038330078,0.6228733062744141,0.9108514785766602,1.5453028678894043,0.717805802822113
575,2025-12-05 08:46:25,What is the best iPhone lightning cable in the list?,"For super-fast charging with a USB-C adapter, the Belkin Lightning to USB-C is best. For a reliable and durable standard cable with a good warranty, the Duracell USB-A to Lightning is a great choice. The Hi-Mobiler is the most budget-friendly option.",,BAAI/bge-base-en-v1.5,google/flan-t5-base,5,0.7,0.95,50,512,0.0,0.0,0.0,0.0,0.0,0.0,0.0,0.0,0.0,0.0,0.0,0.050834350287914276,0.027019187696278094,0.012868788827210667,0,0.011849164962768555,0.49504971504211426,0.8943567276000977,1.4012556076049805,0.7377182245254517
576,2025-12-05 08:46:26,Suggest me some good long lasting headphones,"The boAt Bassheads 100 in-ear wired earphones are recommended for longevity, featuring a premium coated wire for sturdiness and a 1-year warranty. They have a 4.1-star rating from over 360,000 reviews and cost between ₹349-₹379.",,BAAI/bge-base-en-v1.5,google/flan-t5-base,5,0.7,0.95,50,512,0.0,0.0,0.0,0.0,0.0,0.0,0.0,0.0,0.0,0.0,0.0,0.0,0.017524331435561178,0.0017524331435561178,0,0.01118159294128418,0.723698616027832,0.8962745666503906,1.6311547756195068,0.6577231287956238
